Patient_ID,Admission_Date,Discharge_Date,Patient_Name,Age,Gender,Blood_Group,Department,Doctor,Diagnosis,Treatment,Room_No,Admission_Type,Insurance_Type,Total_Bill,Payment_Status,Patient_Status
HP100001,11-05-2023,15-05-2023,Priya Joshi,34,Female,A-,Cardiology,Dr. Meena Shah,Skin Infection,Emergency Care,206,Emergency,Corporate Insurance,67017.13,Paid,Discharged
HP100002,18-07-2024,25-07-2024,Arjun Reddy,76,Male,O-,Orthopedics,Dr. Kavita Nair,Skin Infection,Emergency Care,505,Scheduled / Planned,Corporate Insurance,143807.83,Partial,Under Treatment
HP100003,05-02-2024,07-02-2024,Meera Kulkarni,70,Male,A+,General Medicine,Dr. Asha Nair,Pregnancy Care,Medication,102,OPD,Private Insurance,36154.46,Paid,Discharged
HP100004,01-01-2024,03-01-2024,Ananya Reddy,11,Male,B-,ENT,Dr. Kavita Nair,Arthritis,Chemotherapy,107,Referral,Corporate Insurance,148366.49,Paid,Discharged
HP100005,27-06-2025,03-07-2025,Priya Kulkarni,27,Male,O+,Orthopedics,Dr. Kiran Shetty,Chest Pain,IV Therapy,509,Transfer from Another Hospital,Self Pay,36253.28,Partial,Discharged
HP100006,10-12-2026,24-12-2026,Rohan Sharma,48,Female,AB+,Pediatrics,Dr. Kavita Nair,Skin Infection,Emergency Care,407,Direct Admission,Corporate Insurance,51289.22,Paid,Under Treatment
HP100007,12-04-2022,14-04-2022,Aditya Joshi,24,Male,AB+,Cardiology,Dr. Kavita Nair,Stroke,Medication,410,Day Care,Government Insurance,17638.92,Pending,Discharged
HP100008,23-05-2024,07-06-2024,Pooja Desai,18,Male,A-,General Medicine,Dr. Manish Gupta,Sinusitis,Chemotherapy,207,Maternity / Obstetric,Government Insurance,114053.85,Paid,Discharged
HP100009,27-11-2021,12-12-2021,Arjun Kulkarni,27,Male,AB+,Neurology,Dr. Kiran Shetty,Hypertension,Observation,202,Surgical Admission,Government Insurance,7557,Paid,Referred
HP100010,22-01-2025,28-01-2025,Meera Gupta,54,Male,A+,General Medicine,Dr. Neha Shah,Fracture,Physiotherapy,208,Observation,Government Insurance,119236.93,Paid,Discharged
HP100011,06-11-2026,17-11-2026,Aarav Joshi,55,Male,B-,Pediatrics,Dr. Sameer Khan,Skin Infection,Observation,201,ICU Admission,Private Insurance,88684.33,Pending,Discharged
HP100012,11-05-2021,26-05-2021,Priya Desai,21,Male,A-,Orthopedics,Dr. Meena Shah,Stroke,Routine Treatment,117,Post-Operative Admission,Government Insurance,113571.23,Pending,Discharged
HP100013,13-08-2025,15-08-2025,Vivaan Sharma,59,Male,B+,Gynecology,Dr. Sneha Rao,Fever,IV Therapy,516,Readmission,Government Insurance,118552.47,Paid,Under Treatment
HP100014,09-02-2023,13-02-2023,Vikram Reddy,34,Female,AB-,Neurology,Dr. Raj Malhotra,Sinusitis,IV Therapy,302,Trauma / Accident,Self Pay,23035.43,Paid,Under Treatment
HP100015,24-02-2025,03-03-2025,Ananya Patil,58,Male,O+,Pediatrics,Dr. Manish Gupta,Chest Pain,Radiation Therapy,316,Elective Admission,Private Insurance,8101.75,Pending,Discharged
HP100016,30-04-2024,08-05-2024,Diya Nayak,48,Male,O-,General Medicine,Dr. Kavita Nair,Migraine,Chemotherapy,109,Emergency,Corporate Insurance,29471.14,Paid,Discharged
HP100017,14-08-2023,29-08-2023,Priya Gupta,54,Female,AB+,Pediatrics,Dr. Anil Rao,Arthritis,Physiotherapy,418,Scheduled / Planned,Self Pay,60689.79,Partial,Under Treatment
HP100018,30-03-2024,02-04-2024,Kavya Verma,18,Other,AB+,Emergency,Dr. Manish Gupta,Sinusitis,Medication,220,OPD,Government Insurance,15630.88,Pending,Discharged
HP100019,05-04-2022,19-04-2022,Meera Shetty,3,Male,A-,Gynecology,Dr. Raj Malhotra,Fever,Surgery,504,Referral,Government Insurance,71227.24,Pending,Discharged
HP100020,22-01-2021,06-02-2021,Aditya Joshi,24,Male,AB-,Dermatology,Dr. Meena Shah,Sinusitis,Physiotherapy,214,Transfer from Another Hospital,Government Insurance,46337.96,Paid,Discharged
HP100021,18-01-2023,31-01-2023,Kavya Kulkarni,1,Female,AB-,ENT,Dr. Kiran Shetty,Infection,Medication,108,Direct Admission,Private Insurance,57756.07,Pending,Under Treatment
HP100022,20-04-2022,29-04-2022,Kiran Verma,6,Male,AB+,Emergency,Dr. Sneha Rao,Skin Infection,Medication,301,Day Care,Government Insurance,141353.28,Paid,Admitted
HP100023,19-12-2023,21-12-2023,Kavya Reddy,19,Female,AB+,Pediatrics,Dr. Priya Desai,Diabetes,Radiation Therapy,513,Maternity / Obstetric,Self Pay,110019.25,Paid,Discharged
HP100024,10-08-2026,18-08-2026,Vikram Reddy,43,Male,O-,ENT,Dr. Anil Rao,Fever,Radiation Therapy,110,Surgical Admission,Self Pay,100433.2,Paid,Discharged
HP100025,03-09-2023,11-09-2023,Aisha Shetty,8,Female,B+,Neurology,Dr. Sameer Khan,Fracture,Surgery,504,Observation,Private Insurance,99766.95,Pending,Under Treatment
HP100026,12-12-2025,25-12-2025,Vivaan Patil,69,Other,AB-,Oncology,Dr. Manish Gupta,Infection,Radiation Therapy,113,ICU Admission,Government Insurance,85530.24,Paid,Under Treatment
HP100027,09-07-2021,23-07-2021,Aisha Sharma,52,Female,A+,Emergency,Dr. Asha Nair,Sinusitis,Surgery,111,Post-Operative Admission,Government Insurance,79382.16,Paid,Discharged
HP100028,17-07-2022,21-07-2022,Isha Sharma,73,Male,O+,Neurology,Dr. Neha Shah,Hypertension,IV Therapy,409,Readmission,Government Insurance,132912.12,Partial,Under Treatment
HP100029,15-03-2026,16-03-2026,Kiran Desai,47,Male,A-,Pediatrics,Dr. Anil Rao,Cancer,Medication,511,Trauma / Accident,Private Insurance,15875.28,Paid,Discharged
HP100030,21-06-2024,04-07-2024,Priya Kulkarni,85,Male,A-,Gynecology,Dr. Suresh Patil,Cancer,Routine Treatment,308,Elective Admission,Private Insurance,46835.4,Paid,Admitted
HP100031,09-03-2025,10-03-2025,Meera Gupta,28,Female,B+,General Medicine,Dr. Sneha Rao,Infection,Observation,507,Emergency,Government Insurance,20098.43,Paid,Discharged
HP100032,09-10-2022,11-10-2022,Rahul Sharma,46,Female,O+,ENT,Dr. Meena Shah,Fracture,Surgery,520,Scheduled / Planned,Self Pay,6602.66,Paid,Discharged
HP100033,31-08-2026,14-09-2026,Ananya Patil,4,Male,B+,Oncology,Dr. Priya Desai,Asthma,Medication,512,OPD,Private Insurance,7010.73,Paid,Discharged
HP100034,21-07-2024,05-08-2024,Meera Shetty,8,Female,A+,Orthopedics,Dr. Asha Nair,Arthritis,Emergency Care,106,Referral,Private Insurance,8481.42,Paid,Discharged
HP100035,24-08-2022,05-09-2022,Rohan Joshi,61,Male,B-,Pediatrics,Dr. Asha Nair,Asthma,Radiation Therapy,516,Transfer from Another Hospital,Self Pay,103851.94,Paid,Discharged
HP100036,24-08-2026,07-09-2026,Arjun Kulkarni,17,Male,A-,Neurology,Dr. Kiran Shetty,Asthma,Observation,301,Direct Admission,Self Pay,21153.72,Paid,Discharged
HP100037,30-08-2021,08-09-2021,Meera Shetty,34,Female,AB-,Orthopedics,Dr. Kiran Shetty,Stroke,Medication,507,Day Care,Government Insurance,34349.32,Paid,Under Treatment
HP100038,04-08-2026,17-08-2026,Arjun Shetty,20,Male,O+,ENT,Dr. Asha Nair,Stroke,Medication,507,Maternity / Obstetric,Government Insurance,65752.69,Partial,Discharged
HP100039,25-09-2024,27-09-2024,Kavya Sharma,80,Male,AB+,Pediatrics,Dr. Manish Gupta,Diabetes,Emergency Care,217,Surgical Admission,Government Insurance,44041.29,Paid,Discharged
HP100040,10-11-2026,12-11-2026,Aisha Joshi,74,Male,O+,Orthopedics,Dr. Manish Gupta,Heart Disease,Surgery,417,Observation,Government Insurance,123421.16,Paid,Discharged
HP100041,22-10-2024,28-10-2024,Aditya Sharma,34,Female,A+,Pediatrics,Dr. Priya Desai,Skin Infection,IV Therapy,118,ICU Admission,Corporate Insurance,95400.84,Partial,Discharged
HP100042,18-01-2025,25-01-2025,Sneha Gupta,43,Female,O-,Emergency,Dr. Priya Desai,Diabetes,Surgery,402,Post-Operative Admission,Private Insurance,53329.75,Paid,Discharged
HP100043,15-02-2023,28-02-2023,Vikram Desai,10,Female,A-,Orthopedics,Dr. Sameer Khan,Infection,Routine Treatment,218,Readmission,Self Pay,51078.53,Partial,Discharged
HP100044,04-02-2021,11-02-2021,Arjun Gupta,30,Female,AB-,Oncology,Dr. Raj Malhotra,Cancer,Surgery,108,Trauma / Accident,Corporate Insurance,104135.59,Paid,Discharged
HP100045,10-05-2026,25-05-2026,Arjun Sharma,25,Female,A+,Dermatology,Dr. Meena Shah,Migraine,IV Therapy,219,Elective Admission,Corporate Insurance,29747.15,Pending,Discharged
HP100046,05-05-2025,18-05-2025,Sneha Kulkarni,57,Male,O-,ENT,Dr. Suresh Patil,Infection,Observation,414,Emergency,Corporate Insurance,45679.13,Paid,Discharged
HP100047,19-10-2023,28-10-2023,Diya Gupta,63,Other,B-,Pediatrics,Dr. Neha Shah,Arthritis,Medication,217,Scheduled / Planned,Government Insurance,56247.89,Paid,Discharged
HP100048,04-02-2024,10-02-2024,Aisha Sharma,71,Female,AB-,Orthopedics,Dr. Kavita Nair,Pregnancy Care,Routine Treatment,516,OPD,Self Pay,70923.63,Paid,Discharged
HP100049,09-02-2025,23-02-2025,Aditya Desai,47,Female,A-,Gynecology,Dr. Suresh Patil,Skin Infection,Physiotherapy,501,Referral,Government Insurance,32627.11,Partial,Discharged
HP100050,04-12-2022,12-12-2022,Sneha Sharma,84,Female,O+,Orthopedics,Dr. Priya Desai,Chest Pain,Radiation Therapy,218,Transfer from Another Hospital,Self Pay,27798.78,Paid,Discharged
HP100051,29-04-2025,10-05-2025,Aditya Kulkarni,81,Female,AB+,Emergency,Dr. Sameer Khan,Migraine,Observation,318,Direct Admission,Government Insurance,148544.21,Paid,Discharged
HP100052,11-06-2021,17-06-2021,Rohan Kulkarni,3,Male,AB-,Neurology,Dr. Priya Desai,Skin Infection,Routine Treatment,110,Day Care,Self Pay,137413.71,Paid,Under Treatment
HP100053,21-07-2021,23-07-2021,Aarav Joshi,46,Male,O-,Orthopedics,Dr. Kavita Nair,Chest Pain,IV Therapy,219,Maternity / Obstetric,Government Insurance,80924.64,Partial,Discharged
HP100054,05-06-2026,06-06-2026,Arjun Sharma,36,Female,O-,Dermatology,Dr. Kavita Nair,Asthma,Surgery,111,Surgical Admission,Private Insurance,116004.8,Paid,Discharged
HP100055,23-09-2023,28-09-2023,Isha Patil,26,Female,A-,Oncology,Dr. Asha Nair,Sinusitis,Radiation Therapy,303,Observation,Government Insurance,102730.55,Paid,Discharged
HP100056,27-03-2023,10-04-2023,Aarav Reddy,10,Female,O-,ENT,Dr. Suresh Patil,Pregnancy Care,Observation,216,ICU Admission,Self Pay,15891.58,Paid,Discharged
HP100057,01-04-2022,10-04-2022,Pooja Kulkarni,34,Male,A+,Pediatrics,Dr. Sameer Khan,Hypertension,Surgery,403,Post-Operative Admission,Corporate Insurance,80095.13,Partial,Discharged
HP100058,29-06-2024,07-07-2024,Ananya Shetty,78,Male,B-,Pediatrics,Dr. Suresh Patil,Skin Infection,Emergency Care,320,Readmission,Government Insurance,31668.32,Paid,Under Treatment
HP100059,14-10-2023,28-10-2023,Arjun Desai,8,Female,O-,Pediatrics,Dr. Neha Shah,Sinusitis,Medication,507,Trauma / Accident,Private Insurance,89688.46,Paid,Under Treatment
HP100060,04-12-2021,17-12-2021,Rohan Desai,55,Female,AB-,General Medicine,Dr. Kavita Nair,Sinusitis,Radiation Therapy,108,Elective Admission,Private Insurance,13959.76,Paid,Discharged
HP100061,29-05-2023,02-06-2023,Ananya Gupta,10,Female,A+,Emergency,Dr. Sneha Rao,Chest Pain,Routine Treatment,307,Emergency,Government Insurance,28621.77,Pending,Referred
HP100062,13-12-2023,18-12-2023,Aditya Reddy,57,Male,A+,Gynecology,Dr. Suresh Patil,Fracture,Chemotherapy,310,Scheduled / Planned,Corporate Insurance,118349.09,Paid,Under Treatment
HP100063,03-03-2023,16-03-2023,Priya Verma,79,Female,B+,ENT,Dr. Neha Shah,Migraine,Routine Treatment,319,OPD,Self Pay,127270.87,Paid,Referred
HP100064,03-02-2023,08-02-2023,Neha Shetty,45,Female,A+,ENT,Dr. Manish Gupta,Stroke,Surgery,115,Referral,Self Pay,136581.79,Pending,Discharged
HP100065,15-01-2022,21-01-2022,Aditya Sharma,50,Female,O+,Pediatrics,Dr. Asha Nair,Diabetes,Medication,215,Transfer from Another Hospital,Self Pay,135025.35,Pending,Discharged
HP100066,08-05-2022,11-05-2022,Isha Sharma,64,Male,AB-,Emergency,Dr. Asha Nair,Skin Infection,Chemotherapy,503,Direct Admission,Corporate Insurance,136519.2,Paid,Discharged
HP100067,26-03-2024,31-03-2024,Isha Sharma,2,Male,B-,Neurology,Dr. Kiran Shetty,Migraine,Observation,304,Day Care,Self Pay,18732.8,Partial,Discharged
HP100068,25-08-2026,27-08-2026,Isha Sharma,45,Female,AB+,ENT,Dr. Kiran Shetty,Arthritis,Radiation Therapy,508,Maternity / Obstetric,Corporate Insurance,100625.85,Pending,Discharged
HP100069,06-03-2021,16-03-2021,Kavya Reddy,62,Male,B+,Orthopedics,Dr. Raj Malhotra,Hypertension,Physiotherapy,202,Surgical Admission,Private Insurance,106652.79,Paid,Under Treatment
HP100070,29-09-2024,30-09-2024,Meera Shetty,14,Female,A+,Dermatology,Dr. Neha Shah,Fever,Chemotherapy,507,Observation,Private Insurance,43888.28,Paid,Discharged
HP100071,27-02-2024,09-03-2024,Rahul Shetty,74,Male,AB-,Emergency,Dr. Asha Nair,Fracture,Chemotherapy,303,ICU Admission,Government Insurance,148974.96,Partial,Discharged
HP100072,21-07-2026,22-07-2026,Aarav Sharma,15,Female,O+,Pediatrics,Dr. Raj Malhotra,Arthritis,Routine Treatment,414,Post-Operative Admission,Corporate Insurance,46445.14,Paid,Discharged
HP100073,04-02-2025,14-02-2025,Rohan Reddy,14,Male,O+,ENT,Dr. Kiran Shetty,Diabetes,Observation,501,Readmission,Self Pay,88358.75,Paid,Discharged
HP100074,08-03-2024,15-03-2024,Pooja Verma,31,Male,O+,General Medicine,Dr. Anil Rao,Chest Pain,Medication,516,Trauma / Accident,Government Insurance,131491.54,Partial,Discharged
HP100075,03-03-2025,05-03-2025,Pooja Sharma,29,Female,A-,Cardiology,Dr. Suresh Patil,Arthritis,Chemotherapy,113,Elective Admission,Corporate Insurance,46931.99,Partial,Discharged
HP100076,27-01-2022,31-01-2022,Kavya Joshi,27,Female,B+,Cardiology,Dr. Kavita Nair,Pregnancy Care,Emergency Care,215,Emergency,Corporate Insurance,92943.27,Pending,Discharged
HP100077,26-08-2025,31-08-2025,Diya Nayak,85,Male,B-,Gynecology,Dr. Asha Nair,Skin Infection,Medication,109,Scheduled / Planned,Private Insurance,109402.13,Pending,Discharged
HP100078,23-02-2022,02-03-2022,Diya Verma,9,Male,A-,ENT,Dr. Priya Desai,Fracture,Routine Treatment,512,OPD,Government Insurance,95873.04,Paid,Under Treatment
HP100079,14-01-2022,16-01-2022,Kavya Kulkarni,20,Other,O-,Oncology,Dr. Kiran Shetty,Migraine,Radiation Therapy,111,Referral,Government Insurance,63864.91,Paid,Under Treatment
HP100080,02-12-2025,16-12-2025,Aisha Joshi,58,Male,B-,Neurology,Dr. Suresh Patil,Pregnancy Care,Observation,308,Transfer from Another Hospital,Self Pay,141989.46,Paid,Under Treatment
HP100081,20-09-2026,26-09-2026,Vivaan Sharma,79,Female,A-,General Medicine,Dr. Neha Shah,Pregnancy Care,IV Therapy,102,Direct Admission,Private Insurance,93784.94,Partial,Discharged
HP100082,23-12-2026,24-12-2026,Kavya Sharma,49,Male,AB+,Orthopedics,Dr. Priya Desai,Pregnancy Care,Radiation Therapy,214,Day Care,Corporate Insurance,37532.24,Pending,Discharged
HP100083,20-07-2021,27-07-2021,Vivaan Sharma,57,Female,B-,Emergency,Dr. Sameer Khan,Skin Infection,Surgery,517,Maternity / Obstetric,Private Insurance,121888.74,Pending,Under Treatment
HP100084,07-02-2026,16-02-2026,Rohan Nayak,16,Female,A-,Orthopedics,Dr. Sameer Khan,Fracture,Emergency Care,219,Surgical Admission,Corporate Insurance,100102.36,Paid,Discharged
HP100085,19-02-2023,24-02-2023,Aditya Shetty,75,Female,O-,ENT,Dr. Sameer Khan,Pregnancy Care,Surgery,218,Observation,Government Insurance,20879.7,Paid,Discharged
HP100086,18-05-2022,23-05-2022,Kavya Shetty,8,Male,O+,Dermatology,Dr. Sameer Khan,Chest Pain,Radiation Therapy,415,ICU Admission,Private Insurance,45330.61,Paid,Discharged
HP100087,18-10-2025,22-10-2025,Aisha Nayak,67,Female,O-,Cardiology,Dr. Raj Malhotra,Asthma,IV Therapy,514,Post-Operative Admission,Self Pay,27930.01,Paid,Discharged
HP100088,16-03-2023,19-03-2023,Kiran Sharma,19,Male,B-,ENT,Dr. Priya Desai,Asthma,Physiotherapy,217,Readmission,Corporate Insurance,15537.59,Pending,Under Treatment
HP100089,17-11-2026,26-11-2026,Rohan Sharma,67,Female,O-,Emergency,Dr. Manish Gupta,Cancer,Surgery,104,Trauma / Accident,Government Insurance,38378.96,Paid,Discharged
HP100090,11-03-2026,16-03-2026,Vikram Joshi,36,Female,B+,ENT,Dr. Sameer Khan,Heart Disease,Observation,104,Elective Admission,Private Insurance,45330.05,Paid,Discharged
HP100091,20-04-2025,28-04-2025,Arjun Patil,60,Female,B-,Oncology,Dr. Manish Gupta,Heart Disease,Radiation Therapy,305,Emergency,Self Pay,72646.15,Paid,Discharged
HP100092,19-08-2023,28-08-2023,Rohan Sharma,36,Male,AB-,Oncology,Dr. Kavita Nair,Cancer,Medication,215,Scheduled / Planned,Private Insurance,145543.14,Paid,Discharged
HP100093,25-01-2025,30-01-2025,Rohan Reddy,11,Female,B-,Cardiology,Dr. Suresh Patil,Fever,Physiotherapy,408,OPD,Corporate Insurance,141773.97,Partial,Under Treatment
HP100094,26-10-2023,05-11-2023,Vivaan Gupta,51,Male,A-,Dermatology,Dr. Priya Desai,Diabetes,Medication,213,Referral,Self Pay,114284.06,Paid,Discharged
HP100095,18-05-2022,27-05-2022,Aarav Joshi,80,Male,O-,Emergency,Dr. Neha Shah,Infection,Surgery,313,Transfer from Another Hospital,Corporate Insurance,98744.16,Paid,Referred
HP100096,02-02-2022,04-02-2022,Kiran Reddy,55,Male,O-,Pediatrics,Dr. Raj Malhotra,Pregnancy Care,Chemotherapy,414,Direct Admission,Government Insurance,142354.54,Paid,Under Treatment
HP100097,21-05-2023,30-05-2023,Aarav Sharma,54,Male,B-,Neurology,Dr. Anil Rao,Hypertension,Medication,512,Day Care,Self Pay,25654.84,Partial,Discharged
HP100098,28-01-2022,08-02-2022,Vikram Joshi,17,Male,AB+,ENT,Dr. Meena Shah,Pregnancy Care,Routine Treatment,503,Maternity / Obstetric,Private Insurance,52897.93,Paid,Discharged
HP100099,26-07-2021,30-07-2021,Pooja Desai,62,Male,A+,Emergency,Dr. Asha Nair,Arthritis,Radiation Therapy,203,Surgical Admission,Government Insurance,85232.44,Paid,Discharged
HP100100,05-11-2023,11-11-2023,Kavya Shetty,42,Female,B+,Dermatology,Dr. Kavita Nair,Chest Pain,Medication,218,Observation,Private Insurance,123020.45,Pending,Discharged
HP100101,25-02-2026,03-03-2026,Aisha Joshi,24,Male,AB-,Pediatrics,Dr. Sneha Rao,Asthma,Medication,502,ICU Admission,Government Insurance,95449.06,Paid,Discharged
HP100102,24-01-2025,30-01-2025,Diya Sharma,17,Female,O+,ENT,Dr. Meena Shah,Chest Pain,Surgery,402,Post-Operative Admission,Private Insurance,122286.03,Pending,Discharged
HP100103,14-05-2023,16-05-2023,Diya Verma,48,Male,A-,Gynecology,Dr. Manish Gupta,Migraine,Surgery,505,Readmission,Corporate Insurance,27195.88,Pending,Admitted
HP100104,18-07-2022,25-07-2022,Aditya Kulkarni,84,Female,O+,General Medicine,Dr. Sameer Khan,Migraine,Emergency Care,511,Trauma / Accident,Corporate Insurance,32946.55,Paid,Referred
HP100105,18-10-2023,31-10-2023,Ananya Gupta,70,Male,O+,Cardiology,Dr. Kiran Shetty,Chest Pain,Medication,517,Elective Admission,Government Insurance,112381.96,Paid,Discharged
HP100106,06-04-2021,12-04-2021,Pooja Nayak,7,Female,O-,Gynecology,Dr. Asha Nair,Chest Pain,Observation,315,Emergency,Government Insurance,55505.76,Paid,Discharged
HP100107,08-04-2026,19-04-2026,Aisha Kulkarni,14,Female,B-,ENT,Dr. Kiran Shetty,Diabetes,Chemotherapy,206,Scheduled / Planned,Self Pay,68233.69,Partial,Under Treatment
HP100108,24-10-2025,07-11-2025,Vivaan Sharma,11,Male,B-,Orthopedics,Dr. Manish Gupta,Diabetes,Routine Treatment,404,OPD,Government Insurance,119791.36,Paid,Discharged
HP100109,06-08-2025,07-08-2025,Aisha Nayak,12,Female,B-,Dermatology,Dr. Manish Gupta,Chest Pain,Physiotherapy,509,Referral,Government Insurance,15155.25,Paid,Discharged
HP100110,25-06-2022,27-06-2022,Ananya Patil,5,Male,O-,Dermatology,Dr. Neha Shah,Migraine,Observation,214,Transfer from Another Hospital,Self Pay,29357.03,Paid,Discharged
HP100111,26-11-2023,03-12-2023,Kiran Desai,5,Female,B+,Emergency,Dr. Sneha Rao,Diabetes,IV Therapy,408,Direct Admission,Government Insurance,47892.57,Paid,Discharged
HP100112,29-03-2024,30-03-2024,Neha Reddy,20,Male,AB-,Cardiology,Dr. Kiran Shetty,Cancer,IV Therapy,309,Day Care,Private Insurance,133106.55,Paid,Admitted
HP100113,19-09-2025,04-10-2025,Priya Sharma,54,Male,A+,Pediatrics,Dr. Sameer Khan,Hypertension,Surgery,501,Maternity / Obstetric,Corporate Insurance,63707.73,Paid,Discharged
HP100114,25-12-2025,26-12-2025,Kiran Joshi,55,Male,AB+,ENT,Dr. Anil Rao,Arthritis,IV Therapy,407,Surgical Admission,Self Pay,41555.78,Paid,Discharged
HP100115,17-05-2025,18-05-2025,Vikram Gupta,58,Female,AB-,Orthopedics,Dr. Meena Shah,Sinusitis,Medication,512,Observation,Self Pay,103371.97,Partial,Discharged
HP100116,07-03-2023,15-03-2023,Rohan Verma,79,Female,AB+,Pediatrics,Dr. Neha Shah,Asthma,Chemotherapy,207,ICU Admission,Government Insurance,9392.07,Paid,Under Treatment
HP100117,18-11-2023,22-11-2023,Aarav Patil,30,Female,O+,Cardiology,Dr. Kiran Shetty,Diabetes,IV Therapy,106,Post-Operative Admission,Corporate Insurance,117390.48,Paid,Discharged
HP100118,02-07-2025,06-07-2025,Isha Joshi,24,Female,AB-,Emergency,Dr. Sneha Rao,Diabetes,Emergency Care,209,Readmission,Self Pay,106194.44,Paid,Discharged
HP100119,25-09-2024,08-10-2024,Diya Verma,73,Male,A-,General Medicine,Dr. Sameer Khan,Fever,Routine Treatment,320,Trauma / Accident,Private Insurance,12987.08,Paid,Discharged
HP100120,05-06-2026,07-06-2026,Diya Reddy,3,Female,A+,Pediatrics,Dr. Raj Malhotra,Fracture,Physiotherapy,301,Elective Admission,Government Insurance,77214.18,Pending,Under Treatment
HP100121,16-09-2024,27-09-2024,Meera Verma,48,Female,A+,Orthopedics,Dr. Suresh Patil,Arthritis,Medication,519,Emergency,Corporate Insurance,63601.81,Pending,Discharged
HP100122,22-07-2025,02-08-2025,Rahul Joshi,71,Female,B+,Neurology,Dr. Anil Rao,Pregnancy Care,Radiation Therapy,419,Scheduled / Planned,Government Insurance,27930.19,Pending,Discharged
HP100123,10-03-2025,21-03-2025,Aditya Shetty,22,Female,O-,Dermatology,Dr. Kiran Shetty,Infection,Surgery,213,OPD,Government Insurance,27336.49,Pending,Under Treatment
HP100124,01-08-2026,02-08-2026,Aisha Gupta,14,Female,AB-,Pediatrics,Dr. Raj Malhotra,Fever,Surgery,113,Referral,Private Insurance,28228.74,Paid,Under Treatment
HP100125,05-02-2025,17-02-2025,Arjun Nayak,48,Female,B-,Oncology,Dr. Sameer Khan,Heart Disease,Observation,215,Transfer from Another Hospital,Private Insurance,91951.05,Paid,Discharged
HP100126,09-11-2024,19-11-2024,Meera Desai,29,Male,A+,Orthopedics,Dr. Kavita Nair,Cancer,IV Therapy,515,Direct Admission,Private Insurance,29810.46,Paid,Admitted
HP100127,01-11-2024,10-11-2024,Kavya Verma,50,Male,AB-,Neurology,Dr. Kavita Nair,Asthma,Medication,214,Day Care,Self Pay,13641.41,Paid,Discharged
HP100128,30-07-2024,06-08-2024,Aarav Joshi,80,Male,B-,Oncology,Dr. Sneha Rao,Infection,Physiotherapy,318,Maternity / Obstetric,Corporate Insurance,143848.66,Partial,Discharged
HP100129,31-08-2023,04-09-2023,Isha Kulkarni,10,Male,B+,Gynecology,Dr. Suresh Patil,Asthma,Radiation Therapy,209,Surgical Admission,Self Pay,10679.9,Paid,Under Treatment
HP100130,04-11-2025,16-11-2025,Rohan Shetty,71,Male,O+,Oncology,Dr. Neha Shah,Skin Infection,Emergency Care,414,Observation,Government Insurance,101264.93,Paid,Under Treatment
HP100131,06-07-2024,12-07-2024,Aarav Shetty,27,Other,O+,Gynecology,Dr. Sneha Rao,Pregnancy Care,Physiotherapy,205,ICU Admission,Corporate Insurance,140724.77,Paid,Discharged
HP100132,11-12-2022,25-12-2022,Sneha Nayak,79,Male,AB-,Orthopedics,Dr. Meena Shah,Diabetes,Chemotherapy,514,Post-Operative Admission,Corporate Insurance,10500.62,Partial,Discharged
HP100133,19-01-2025,21-01-2025,Vikram Verma,28,Female,AB-,Emergency,Dr. Sameer Khan,Cancer,Emergency Care,402,Readmission,Government Insurance,145031.12,Paid,Discharged
HP100134,05-12-2024,12-12-2024,Rahul Reddy,9,Female,A-,Cardiology,Dr. Sameer Khan,Asthma,IV Therapy,102,Trauma / Accident,Government Insurance,77839.17,Paid,Discharged
HP100135,11-10-2022,13-10-2022,Vivaan Kulkarni,71,Male,AB-,Orthopedics,Dr. Asha Nair,Sinusitis,Radiation Therapy,520,Elective Admission,Self Pay,118837.36,Paid,Discharged
HP100136,14-11-2021,24-11-2021,Isha Sharma,80,Male,A-,Cardiology,Dr. Sameer Khan,Migraine,Radiation Therapy,113,Emergency,Private Insurance,95642.68,Paid,Referred
HP100137,11-06-2024,19-06-2024,Diya Joshi,26,Female,B-,Dermatology,Dr. Meena Shah,Skin Infection,Physiotherapy,105,Scheduled / Planned,Private Insurance,94442.81,Paid,Discharged
HP100138,15-11-2022,23-11-2022,Priya Joshi,81,Female,O-,Neurology,Dr. Sneha Rao,Heart Disease,Radiation Therapy,108,OPD,Government Insurance,119369.99,Paid,Discharged
HP100139,26-10-2022,27-10-2022,Aarav Kulkarni,8,Other,O+,General Medicine,Dr. Suresh Patil,Cancer,Routine Treatment,512,Referral,Private Insurance,14488.8,Paid,Discharged
HP100140,22-06-2026,05-07-2026,Ananya Verma,2,Male,O-,General Medicine,Dr. Kiran Shetty,Heart Disease,Physiotherapy,118,Transfer from Another Hospital,Corporate Insurance,61896.53,Paid,Discharged
HP100141,20-06-2025,28-06-2025,Ananya Sharma,57,Female,B-,ENT,Dr. Priya Desai,Pregnancy Care,Radiation Therapy,308,Direct Admission,Self Pay,145587.37,Pending,Discharged
HP100142,04-02-2025,06-02-2025,Sneha Verma,52,Male,O+,General Medicine,Dr. Sameer Khan,Fracture,Radiation Therapy,509,Day Care,Private Insurance,12915.16,Paid,Discharged
HP100143,11-02-2024,17-02-2024,Kavya Nayak,58,Female,O+,Orthopedics,Dr. Kavita Nair,Fever,Chemotherapy,414,Maternity / Obstetric,Government Insurance,43105.39,Pending,Discharged
HP100144,28-01-2026,10-02-2026,Pooja Patil,3,Female,A+,Oncology,Dr. Suresh Patil,Pregnancy Care,Radiation Therapy,216,Surgical Admission,Government Insurance,102455.51,Pending,Discharged
HP100145,01-03-2025,02-03-2025,Aarav Sharma,8,Male,B+,Orthopedics,Dr. Manish Gupta,Arthritis,Medication,502,Observation,Private Insurance,19563.17,Paid,Discharged
HP100146,18-07-2022,23-07-2022,Sneha Reddy,59,Male,O-,Pediatrics,Dr. Suresh Patil,Skin Infection,Physiotherapy,304,ICU Admission,Government Insurance,82817.67,Paid,Discharged
HP100147,15-07-2024,26-07-2024,Ananya Shetty,2,Male,A-,Gynecology,Dr. Sneha Rao,Chest Pain,Emergency Care,505,Post-Operative Admission,Government Insurance,108438.71,Pending,Discharged
HP100148,25-06-2025,02-07-2025,Rohan Patil,62,Male,O+,Dermatology,Dr. Sameer Khan,Chest Pain,Chemotherapy,105,Readmission,Corporate Insurance,114825.96,Pending,Discharged
HP100149,30-11-2022,13-12-2022,Meera Patil,49,Female,A+,Pediatrics,Dr. Manish Gupta,Infection,Chemotherapy,211,Trauma / Accident,Self Pay,86372.49,Paid,Discharged
HP100150,01-12-2026,11-12-2026,Aarav Kulkarni,20,Male,O-,Dermatology,Dr. Kavita Nair,Arthritis,Emergency Care,115,Elective Admission,Self Pay,77591.39,Paid,Discharged
HP100151,02-01-2021,03-01-2021,Vikram Kulkarni,29,Female,AB+,General Medicine,Dr. Suresh Patil,Fever,Observation,316,Emergency,Private Insurance,108513.87,Pending,Discharged
HP100152,04-10-2022,19-10-2022,Rohan Shetty,17,Male,A+,Pediatrics,Dr. Kavita Nair,Heart Disease,IV Therapy,106,Scheduled / Planned,Corporate Insurance,26033.64,Paid,Referred
HP100153,09-05-2025,11-05-2025,Vikram Kulkarni,74,Female,B-,Gynecology,Dr. Kavita Nair,Hypertension,Routine Treatment,119,OPD,Corporate Insurance,103675.1,Pending,Discharged
HP100154,05-05-2023,12-05-2023,Aisha Patil,22,Female,AB+,Emergency,Dr. Asha Nair,Chest Pain,Medication,302,Referral,Corporate Insurance,138290.57,Paid,Discharged
HP100155,26-10-2025,01-11-2025,Aarav Patil,6,Female,O-,Gynecology,Dr. Sameer Khan,Arthritis,Surgery,207,Transfer from Another Hospital,Corporate Insurance,103999.2,Paid,Admitted
HP100156,20-07-2025,23-07-2025,Kiran Reddy,62,Female,A+,Oncology,Dr. Suresh Patil,Cancer,IV Therapy,504,Direct Admission,Government Insurance,11743.03,Partial,Discharged
HP100157,28-02-2024,13-03-2024,Ananya Shetty,31,Male,AB-,Cardiology,Dr. Neha Shah,Infection,IV Therapy,407,Day Care,Private Insurance,78368,Pending,Discharged
HP100158,13-12-2023,23-12-2023,Isha Desai,62,Female,B+,Dermatology,Dr. Suresh Patil,Skin Infection,Chemotherapy,104,Maternity / Obstetric,Self Pay,110309.92,Paid,Discharged
HP100159,04-09-2025,06-09-2025,Pooja Verma,12,Male,A-,Orthopedics,Dr. Asha Nair,Diabetes,Radiation Therapy,520,Surgical Admission,Self Pay,11270.41,Paid,Discharged
HP100160,23-08-2025,02-09-2025,Rahul Reddy,12,Male,AB-,Gynecology,Dr. Raj Malhotra,Stroke,Emergency Care,219,Observation,Corporate Insurance,115518.75,Partial,Referred
HP100161,30-09-2025,04-10-2025,Pooja Joshi,63,Male,AB+,Neurology,Dr. Manish Gupta,Asthma,Emergency Care,413,ICU Admission,Self Pay,45832.41,Pending,Discharged
HP100162,10-12-2024,13-12-2024,Pooja Sharma,16,Female,O+,Dermatology,Dr. Sneha Rao,Arthritis,IV Therapy,102,Post-Operative Admission,Private Insurance,90372.11,Paid,Discharged
HP100163,16-04-2023,23-04-2023,Rohan Verma,25,Female,B+,Cardiology,Dr. Anil Rao,Skin Infection,IV Therapy,117,Readmission,Self Pay,145119.81,Pending,Discharged
HP100164,22-07-2021,30-07-2021,Kavya Nayak,22,Female,O+,Neurology,Dr. Manish Gupta,Cancer,Radiation Therapy,507,Trauma / Accident,Government Insurance,149264.78,Paid,Discharged
HP100165,03-05-2021,05-05-2021,Rohan Verma,76,Male,A+,Emergency,Dr. Suresh Patil,Asthma,IV Therapy,517,Elective Admission,Corporate Insurance,96989.12,Paid,Discharged
HP100166,05-02-2022,15-02-2022,Aditya Kulkarni,18,Male,AB-,Emergency,Dr. Meena Shah,Arthritis,Emergency Care,102,Emergency,Self Pay,76265.14,Partial,Discharged
HP100167,06-02-2023,13-02-2023,Aarav Verma,45,Female,B-,Dermatology,Dr. Asha Nair,Hypertension,Physiotherapy,413,Scheduled / Planned,Private Insurance,30765.38,Partial,Discharged
HP100168,21-10-2021,29-10-2021,Aisha Nayak,80,Female,O-,Neurology,Dr. Manish Gupta,Fever,IV Therapy,420,OPD,Self Pay,35208.39,Paid,Discharged
HP100169,17-07-2021,23-07-2021,Sneha Verma,68,Male,B-,Pediatrics,Dr. Priya Desai,Fever,Routine Treatment,117,Referral,Private Insurance,67234,Pending,Admitted
HP100170,15-04-2026,21-04-2026,Ananya Patil,12,Female,B+,General Medicine,Dr. Suresh Patil,Heart Disease,Physiotherapy,208,Transfer from Another Hospital,Government Insurance,106831.52,Paid,Discharged
HP100171,01-09-2022,11-09-2022,Aisha Shetty,49,Male,B-,Neurology,Dr. Raj Malhotra,Arthritis,Radiation Therapy,311,Direct Admission,Self Pay,116548.95,Paid,Under Treatment
HP100172,22-02-2024,23-02-2024,Arjun Sharma,33,Male,A-,Neurology,Dr. Anil Rao,Fever,Chemotherapy,408,Day Care,Corporate Insurance,37176.71,Paid,Discharged
HP100173,06-07-2021,10-07-2021,Vivaan Kulkarni,63,Male,O-,Oncology,Dr. Kiran Shetty,Cancer,Observation,218,Maternity / Obstetric,Private Insurance,82635.43,Paid,Discharged
HP100174,30-11-2025,14-12-2025,Rohan Kulkarni,18,Male,O+,ENT,Dr. Kiran Shetty,Heart Disease,IV Therapy,501,Surgical Admission,Government Insurance,90782.73,Pending,Discharged
HP100175,22-10-2022,23-10-2022,Kiran Patil,54,Male,B+,Pediatrics,Dr. Kiran Shetty,Skin Infection,Radiation Therapy,502,Observation,Corporate Insurance,134496.31,Paid,Discharged
HP100176,10-05-2026,14-05-2026,Kavya Shetty,27,Female,O-,ENT,Dr. Sameer Khan,Hypertension,Chemotherapy,317,ICU Admission,Government Insurance,132081.13,Paid,Discharged
HP100177,01-10-2024,03-10-2024,Diya Verma,83,Female,B+,Neurology,Dr. Kiran Shetty,Fever,Surgery,114,Post-Operative Admission,Self Pay,123520.85,Paid,Discharged
HP100178,10-06-2026,21-06-2026,Kavya Verma,78,Male,B-,Neurology,Dr. Manish Gupta,Diabetes,Radiation Therapy,119,Readmission,Government Insurance,79915.92,Paid,Under Treatment
HP100179,15-03-2025,28-03-2025,Vivaan Shetty,25,Female,B+,Orthopedics,Dr. Asha Nair,Arthritis,Radiation Therapy,202,Trauma / Accident,Government Insurance,14437.06,Paid,Discharged
HP100180,27-05-2021,01-06-2021,Rohan Reddy,34,Female,A+,Oncology,Dr. Sameer Khan,Heart Disease,Routine Treatment,220,Elective Admission,Private Insurance,53498.65,Pending,Discharged
HP100181,01-10-2025,11-10-2025,Meera Shetty,60,Male,AB+,ENT,Dr. Suresh Patil,Hypertension,Surgery,212,Emergency,Private Insurance,95149.47,Paid,Discharged
HP100182,18-01-2026,01-02-2026,Arjun Sharma,54,Female,AB-,ENT,Dr. Neha Shah,Sinusitis,Observation,212,Scheduled / Planned,Corporate Insurance,97453.04,Paid,Discharged
HP100183,04-05-2022,13-05-2022,Ananya Joshi,5,Female,AB+,Orthopedics,Dr. Sameer Khan,Diabetes,Surgery,201,OPD,Corporate Insurance,128115.58,Paid,Discharged
HP100184,14-05-2026,25-05-2026,Vivaan Nayak,36,Male,O-,Cardiology,Dr. Sneha Rao,Hypertension,Observation,217,Referral,Private Insurance,60012.13,Paid,Discharged
HP100185,22-07-2025,06-08-2025,Aisha Desai,54,Male,O+,Dermatology,Dr. Anil Rao,Arthritis,Physiotherapy,408,Transfer from Another Hospital,Self Pay,140810.21,Partial,Discharged
HP100186,03-10-2022,15-10-2022,Priya Nayak,36,Male,AB-,General Medicine,Dr. Sameer Khan,Chest Pain,Chemotherapy,512,Direct Admission,Government Insurance,28669.11,Pending,Discharged
HP100187,08-12-2025,18-12-2025,Aarav Sharma,69,Female,B-,Orthopedics,Dr. Anil Rao,Heart Disease,IV Therapy,209,Day Care,Self Pay,12230.55,Paid,Discharged
HP100188,24-05-2026,27-05-2026,Sneha Joshi,39,Male,O-,Pediatrics,Dr. Sneha Rao,Stroke,Chemotherapy,117,Maternity / Obstetric,Self Pay,30620.21,Paid,Discharged
HP100189,09-12-2024,17-12-2024,Kavya Verma,70,Female,A-,Gynecology,Dr. Sameer Khan,Hypertension,Surgery,213,Surgical Admission,Corporate Insurance,72036.86,Paid,Admitted
HP100190,23-06-2025,26-06-2025,Kiran Shetty,4,Female,A-,Cardiology,Dr. Sneha Rao,Stroke,Observation,514,Observation,Private Insurance,124321.73,Paid,Discharged
HP100191,20-09-2021,26-09-2021,Rohan Desai,74,Male,B-,Emergency,Dr. Neha Shah,Stroke,Emergency Care,105,ICU Admission,Government Insurance,27306.27,Paid,Discharged
HP100192,23-11-2025,27-11-2025,Meera Verma,65,Female,O+,Gynecology,Dr. Meena Shah,Skin Infection,IV Therapy,109,Post-Operative Admission,Self Pay,84487.04,Partial,Discharged
HP100193,16-09-2022,24-09-2022,Rahul Verma,85,Female,B-,Orthopedics,Dr. Sneha Rao,Pregnancy Care,Surgery,504,Readmission,Self Pay,117605.75,Paid,Discharged
HP100194,14-10-2023,25-10-2023,Pooja Desai,40,Male,B+,Cardiology,Dr. Meena Shah,Infection,Chemotherapy,115,Trauma / Accident,Self Pay,10054.93,Partial,Admitted
HP100195,31-05-2023,06-06-2023,Vivaan Gupta,37,Female,A-,Emergency,Dr. Kiran Shetty,Migraine,Surgery,106,Elective Admission,Self Pay,11020.41,Paid,Discharged
HP100196,12-08-2026,20-08-2026,Pooja Desai,67,Male,O-,Neurology,Dr. Manish Gupta,Skin Infection,Routine Treatment,317,Emergency,Private Insurance,76135.72,Paid,Discharged
HP100197,20-08-2024,21-08-2024,Neha Nayak,31,Male,AB+,Oncology,Dr. Kiran Shetty,Heart Disease,Chemotherapy,520,Scheduled / Planned,Self Pay,31483.71,Paid,Discharged
HP100198,29-03-2022,04-04-2022,Priya Patil,81,Male,B-,Gynecology,Dr. Meena Shah,Cancer,Physiotherapy,405,OPD,Corporate Insurance,70332.5,Paid,Discharged
HP100199,29-03-2024,30-03-2024,Arjun Gupta,77,Female,O+,Gynecology,Dr. Suresh Patil,Sinusitis,Emergency Care,207,Referral,Private Insurance,11370.65,Paid,Admitted
HP100200,19-08-2026,20-08-2026,Diya Sharma,47,Female,O-,Orthopedics,Dr. Neha Shah,Migraine,IV Therapy,115,Transfer from Another Hospital,Government Insurance,146646.24,Paid,Discharged
HP100201,10-08-2025,18-08-2025,Rohan Sharma,27,Male,O+,Gynecology,Dr. Neha Shah,Fracture,Routine Treatment,416,Direct Admission,Self Pay,99857.38,Paid,Discharged
HP100202,29-02-2024,15-03-2024,Vikram Kulkarni,51,Male,AB+,Neurology,Dr. Kiran Shetty,Fever,Physiotherapy,507,Day Care,Private Insurance,104570.92,Pending,Discharged
HP100203,08-02-2022,15-02-2022,Aditya Shetty,20,Male,AB-,ENT,Dr. Anil Rao,Heart Disease,Surgery,405,Maternity / Obstetric,Private Insurance,78910.66,Partial,Under Treatment
HP100204,03-10-2026,06-10-2026,Arjun Kulkarni,13,Female,AB+,Cardiology,Dr. Sameer Khan,Stroke,Surgery,312,Surgical Admission,Self Pay,124611.98,Paid,Discharged
HP100205,24-08-2025,30-08-2025,Neha Nayak,63,Female,O+,Gynecology,Dr. Sneha Rao,Asthma,Observation,410,Observation,Private Insurance,125844.13,Paid,Under Treatment
HP100206,20-09-2022,05-10-2022,Aditya Shetty,44,Female,A-,Cardiology,Dr. Kiran Shetty,Chest Pain,Medication,310,ICU Admission,Self Pay,28068.15,Partial,Discharged
HP100207,10-08-2022,19-08-2022,Aisha Sharma,24,Female,AB-,Emergency,Dr. Kiran Shetty,Migraine,Routine Treatment,507,Post-Operative Admission,Corporate Insurance,116417.33,Pending,Under Treatment
HP100208,07-07-2025,14-07-2025,Rahul Nayak,3,Female,O-,Emergency,Dr. Manish Gupta,Pregnancy Care,Physiotherapy,106,Readmission,Corporate Insurance,87167.85,Paid,Discharged
HP100209,14-12-2024,26-12-2024,Aarav Gupta,10,Male,AB+,Gynecology,Dr. Raj Malhotra,Arthritis,IV Therapy,511,Trauma / Accident,Private Insurance,115545.84,Paid,Under Treatment
HP100210,16-12-2024,19-12-2024,Aditya Joshi,65,Male,B+,Gynecology,Dr. Kiran Shetty,Pregnancy Care,Surgery,220,Elective Admission,Corporate Insurance,138211.43,Paid,Admitted
HP100211,14-04-2021,28-04-2021,Priya Sharma,49,Female,B+,Emergency,Dr. Kiran Shetty,Chest Pain,Radiation Therapy,515,Emergency,Private Insurance,53588.95,Partial,Discharged
HP100212,11-09-2021,25-09-2021,Ananya Kulkarni,58,Female,A-,Pediatrics,Dr. Anil Rao,Skin Infection,Physiotherapy,506,Scheduled / Planned,Corporate Insurance,87782.17,Pending,Under Treatment
HP100213,05-02-2025,18-02-2025,Kavya Gupta,77,Male,O-,Emergency,Dr. Meena Shah,Diabetes,IV Therapy,415,OPD,Government Insurance,119185.02,Pending,Discharged
HP100214,09-04-2021,15-04-2021,Pooja Joshi,78,Female,B+,Pediatrics,Dr. Priya Desai,Cancer,Chemotherapy,506,Referral,Self Pay,148081.45,Paid,Discharged
HP100215,28-02-2026,11-03-2026,Aarav Joshi,2,Female,B-,General Medicine,Dr. Kiran Shetty,Chest Pain,Surgery,106,Transfer from Another Hospital,Government Insurance,93823.56,Partial,Discharged
HP100216,04-04-2026,08-04-2026,Kavya Sharma,66,Male,AB-,Neurology,Dr. Meena Shah,Chest Pain,Physiotherapy,107,Direct Admission,Private Insurance,109578.06,Paid,Admitted
HP100217,28-05-2023,11-06-2023,Rohan Desai,31,Female,A-,Neurology,Dr. Meena Shah,Fracture,Radiation Therapy,410,Day Care,Self Pay,127720.03,Partial,Discharged
HP100218,04-12-2021,17-12-2021,Isha Shetty,68,Female,AB-,Cardiology,Dr. Kavita Nair,Pregnancy Care,Radiation Therapy,508,Maternity / Obstetric,Government Insurance,113935.79,Paid,Under Treatment
HP100219,15-08-2023,18-08-2023,Isha Nayak,83,Male,O-,Oncology,Dr. Raj Malhotra,Pregnancy Care,Physiotherapy,505,Surgical Admission,Self Pay,141638.14,Paid,Discharged
HP100220,01-09-2025,10-09-2025,Arjun Shetty,37,Female,O+,Orthopedics,Dr. Asha Nair,Asthma,Chemotherapy,204,Observation,Corporate Insurance,38307.85,Paid,Discharged
HP100221,10-06-2021,20-06-2021,Neha Reddy,73,Male,AB+,Cardiology,Dr. Asha Nair,Fracture,Surgery,416,ICU Admission,Self Pay,136630.39,Paid,Discharged
HP100222,23-05-2025,25-05-2025,Arjun Kulkarni,24,Male,B-,Gynecology,Dr. Priya Desai,Chest Pain,Routine Treatment,216,Post-Operative Admission,Government Insurance,35030.33,Paid,Under Treatment
HP100223,02-02-2022,03-02-2022,Ananya Desai,77,Female,A-,Dermatology,Dr. Kavita Nair,Fracture,Radiation Therapy,301,Readmission,Government Insurance,86943.56,Paid,Discharged
HP100224,24-07-2024,08-08-2024,Kavya Shetty,44,Male,AB+,Emergency,Dr. Sneha Rao,Stroke,Routine Treatment,106,Trauma / Accident,Government Insurance,80819.99,Partial,Discharged
HP100225,27-03-2023,10-04-2023,Isha Reddy,83,Male,AB+,Dermatology,Dr. Neha Shah,Asthma,Routine Treatment,513,Elective Admission,Private Insurance,125543.1,Paid,Under Treatment
HP100226,08-03-2025,10-03-2025,Diya Desai,41,Male,AB+,General Medicine,Dr. Meena Shah,Heart Disease,Chemotherapy,214,Emergency,Government Insurance,62789.35,Paid,Discharged
HP100227,04-04-2026,11-04-2026,Rahul Gupta,74,Male,AB+,General Medicine,Dr. Priya Desai,Heart Disease,Observation,216,Scheduled / Planned,Government Insurance,25761.51,Paid,Discharged
HP100228,16-11-2024,26-11-2024,Vivaan Kulkarni,51,Male,AB+,ENT,Dr. Sneha Rao,Fever,IV Therapy,116,OPD,Private Insurance,107485.37,Paid,Discharged
HP100229,04-03-2024,05-03-2024,Aisha Kulkarni,42,Female,A-,General Medicine,Dr. Anil Rao,Diabetes,Chemotherapy,516,Referral,Corporate Insurance,92961.64,Paid,Discharged
HP100230,03-05-2024,09-05-2024,Aarav Nayak,78,Male,B+,Cardiology,Dr. Priya Desai,Skin Infection,IV Therapy,117,Transfer from Another Hospital,Government Insurance,124924.9,Paid,Discharged
HP100231,05-02-2022,19-02-2022,Pooja Patil,40,Female,AB+,Emergency,Dr. Asha Nair,Infection,Radiation Therapy,110,Direct Admission,Self Pay,115001.46,Paid,Discharged
HP100232,02-10-2022,09-10-2022,Vikram Reddy,48,Female,O+,Orthopedics,Dr. Sneha Rao,Chest Pain,IV Therapy,507,Day Care,Corporate Insurance,134749.66,Partial,Discharged
HP100233,05-04-2022,14-04-2022,Pooja Shetty,84,Male,O+,Cardiology,Dr. Meena Shah,Chest Pain,IV Therapy,401,Maternity / Obstetric,Corporate Insurance,126672.05,Paid,Discharged
HP100234,13-08-2023,28-08-2023,Priya Sharma,4,Female,B-,Emergency,Dr. Meena Shah,Infection,IV Therapy,110,Surgical Admission,Self Pay,104475.26,Paid,Admitted
HP100235,15-04-2022,29-04-2022,Priya Nayak,60,Female,A-,Oncology,Dr. Kavita Nair,Sinusitis,Observation,305,Observation,Self Pay,72527.56,Pending,Discharged
HP100236,12-11-2023,20-11-2023,Arjun Nayak,39,Male,A+,Oncology,Dr. Suresh Patil,Asthma,Chemotherapy,509,ICU Admission,Private Insurance,7952.83,Paid,Discharged
HP100237,21-08-2025,27-08-2025,Ananya Gupta,5,Male,B+,Pediatrics,Dr. Suresh Patil,Pregnancy Care,Surgery,108,Post-Operative Admission,Government Insurance,49601.07,Pending,Discharged
HP100238,17-09-2026,20-09-2026,Vivaan Reddy,6,Female,B-,Emergency,Dr. Sameer Khan,Infection,Observation,314,Readmission,Self Pay,110490.74,Partial,Discharged
HP100239,17-07-2022,25-07-2022,Vikram Nayak,14,Female,O+,Orthopedics,Dr. Meena Shah,Cancer,Physiotherapy,510,Trauma / Accident,Private Insurance,13627.94,Paid,Discharged
HP100240,05-12-2025,12-12-2025,Pooja Desai,70,Male,AB+,Gynecology,Dr. Sneha Rao,Infection,Radiation Therapy,304,Elective Admission,Private Insurance,114706.23,Paid,Discharged
HP100241,06-09-2026,09-09-2026,Aisha Verma,78,Male,A-,Dermatology,Dr. Asha Nair,Fever,Chemotherapy,112,Emergency,Corporate Insurance,79875.61,Paid,Discharged
HP100242,14-08-2021,23-08-2021,Vivaan Verma,12,Male,A-,Pediatrics,Dr. Meena Shah,Pregnancy Care,Physiotherapy,111,Scheduled / Planned,Private Insurance,130828.94,Paid,Discharged
HP100243,09-03-2023,21-03-2023,Sneha Patil,62,Male,AB+,ENT,Dr. Kavita Nair,Diabetes,Observation,316,OPD,Private Insurance,100673.33,Paid,Discharged
HP100244,18-08-2023,20-08-2023,Diya Sharma,27,Female,O+,Oncology,Dr. Manish Gupta,Cancer,Observation,514,Referral,Private Insurance,120774.07,Pending,Discharged
HP100245,13-02-2025,16-02-2025,Arjun Verma,54,Male,B-,Gynecology,Dr. Sameer Khan,Chest Pain,Chemotherapy,419,Transfer from Another Hospital,Corporate Insurance,29868.2,Partial,Under Treatment
HP100246,29-03-2022,31-03-2022,Sneha Verma,12,Male,A-,Gynecology,Dr. Sameer Khan,Infection,Radiation Therapy,417,Direct Admission,Self Pay,30072.55,Paid,Under Treatment
HP100247,27-03-2023,09-04-2023,Arjun Verma,8,Male,AB-,Dermatology,Dr. Raj Malhotra,Hypertension,Observation,213,Day Care,Private Insurance,35608.21,Paid,Discharged
HP100248,21-10-2022,22-10-2022,Rahul Sharma,74,Male,O+,ENT,Dr. Kavita Nair,Diabetes,Radiation Therapy,207,Maternity / Obstetric,Government Insurance,53330.21,Paid,Discharged
HP100249,01-07-2022,05-07-2022,Diya Reddy,16,Male,O+,Neurology,Dr. Suresh Patil,Diabetes,Medication,210,Surgical Admission,Corporate Insurance,136142,Paid,Under Treatment
HP100250,30-04-2024,05-05-2024,Aisha Reddy,52,Male,B+,Dermatology,Dr. Priya Desai,Hypertension,Routine Treatment,408,Observation,Self Pay,117274.58,Paid,Discharged
HP100251,17-01-2021,30-01-2021,Aisha Joshi,26,Male,B-,Emergency,Dr. Meena Shah,Fever,Chemotherapy,513,ICU Admission,Private Insurance,57873.24,Paid,Discharged
HP100252,28-05-2024,03-06-2024,Pooja Nayak,8,Female,O+,Cardiology,Dr. Kiran Shetty,Migraine,Observation,517,Post-Operative Admission,Corporate Insurance,138179.74,Partial,Under Treatment
HP100253,06-12-2023,11-12-2023,Kavya Shetty,45,Female,O-,Cardiology,Dr. Priya Desai,Fracture,Radiation Therapy,404,Readmission,Self Pay,117944.26,Pending,Admitted
HP100254,17-11-2026,18-11-2026,Priya Verma,84,Male,AB+,Dermatology,Dr. Neha Shah,Pregnancy Care,Surgery,115,Trauma / Accident,Self Pay,100128.33,Paid,Discharged
HP100255,04-11-2025,07-11-2025,Kiran Sharma,81,Female,O-,Pediatrics,Dr. Manish Gupta,Diabetes,Radiation Therapy,206,Elective Admission,Government Insurance,68302.18,Partial,Discharged
HP100256,27-11-2023,28-11-2023,Aisha Reddy,19,Male,O+,Cardiology,Dr. Manish Gupta,Asthma,Emergency Care,209,Emergency,Private Insurance,99490.69,Partial,Discharged
HP100257,29-10-2021,09-11-2021,Kavya Shetty,17,Female,O-,Cardiology,Dr. Sameer Khan,Arthritis,Chemotherapy,512,Scheduled / Planned,Government Insurance,91018.21,Partial,Discharged
HP100258,30-06-2021,05-07-2021,Aarav Desai,65,Male,B-,Neurology,Dr. Asha Nair,Asthma,Chemotherapy,505,OPD,Corporate Insurance,118370.56,Paid,Discharged
HP100259,30-08-2022,04-09-2022,Aditya Shetty,29,Male,O-,Oncology,Dr. Anil Rao,Chest Pain,Surgery,415,Referral,Private Insurance,37709.03,Paid,Discharged
HP100260,01-12-2022,13-12-2022,Diya Kulkarni,14,Female,AB-,Emergency,Dr. Neha Shah,Skin Infection,Surgery,211,Transfer from Another Hospital,Corporate Insurance,133408.78,Paid,Discharged
HP100261,20-09-2023,01-10-2023,Rohan Shetty,17,Male,O+,Orthopedics,Dr. Manish Gupta,Diabetes,Observation,317,Direct Admission,Corporate Insurance,90821.15,Partial,Under Treatment
HP100262,14-02-2024,27-02-2024,Isha Kulkarni,13,Male,B-,Emergency,Dr. Sameer Khan,Cancer,Emergency Care,210,Day Care,Private Insurance,121979.99,Pending,Discharged
HP100263,10-07-2021,16-07-2021,Kavya Gupta,63,Female,O+,Gynecology,Dr. Kiran Shetty,Cancer,Observation,517,Maternity / Obstetric,Self Pay,55358.9,Paid,Discharged
HP100264,08-09-2023,16-09-2023,Vivaan Reddy,33,Female,A+,Oncology,Dr. Sameer Khan,Infection,Emergency Care,401,Surgical Admission,Corporate Insurance,61827.57,Partial,Discharged
HP100265,30-06-2026,10-07-2026,Vikram Joshi,29,Female,O-,Gynecology,Dr. Meena Shah,Sinusitis,IV Therapy,502,Observation,Corporate Insurance,140906.78,Paid,Discharged
HP100266,30-03-2024,11-04-2024,Sneha Nayak,37,Male,O-,Dermatology,Dr. Manish Gupta,Fracture,Emergency Care,115,ICU Admission,Private Insurance,95183.49,Pending,Discharged
HP100267,08-05-2021,09-05-2021,Kiran Shetty,83,Female,AB+,Oncology,Dr. Sameer Khan,Migraine,Routine Treatment,208,Post-Operative Admission,Self Pay,51071.9,Paid,Discharged
HP100268,28-08-2026,01-09-2026,Isha Reddy,46,Male,B+,ENT,Dr. Anil Rao,Arthritis,Emergency Care,305,Readmission,Government Insurance,16912.85,Paid,Discharged
HP100269,22-12-2025,01-01-2026,Kavya Desai,24,Male,AB+,Orthopedics,Dr. Priya Desai,Stroke,Emergency Care,104,Trauma / Accident,Private Insurance,67981.16,Paid,Under Treatment
HP100270,25-10-2025,05-11-2025,Aarav Kulkarni,14,Female,A+,ENT,Dr. Anil Rao,Arthritis,Radiation Therapy,418,Elective Admission,Corporate Insurance,128117.01,Paid,Referred
HP100271,24-07-2022,25-07-2022,Aarav Joshi,5,Female,AB+,Gynecology,Dr. Priya Desai,Fracture,IV Therapy,519,Emergency,Private Insurance,41457.61,Paid,Discharged
HP100272,08-09-2024,17-09-2024,Diya Kulkarni,53,Female,AB+,Gynecology,Dr. Meena Shah,Asthma,IV Therapy,510,Scheduled / Planned,Government Insurance,129741.62,Paid,Discharged
HP100273,11-03-2026,22-03-2026,Ananya Kulkarni,30,Female,B+,Orthopedics,Dr. Manish Gupta,Sinusitis,Medication,119,OPD,Government Insurance,28438.81,Partial,Discharged
HP100274,18-09-2022,25-09-2022,Rahul Reddy,60,Male,O-,Gynecology,Dr. Sameer Khan,Migraine,Emergency Care,413,Referral,Corporate Insurance,23840.21,Partial,Discharged
HP100275,14-08-2025,21-08-2025,Sneha Shetty,73,Male,A+,ENT,Dr. Sneha Rao,Arthritis,Medication,517,Transfer from Another Hospital,Self Pay,92825.35,Paid,Admitted
HP100276,04-06-2021,16-06-2021,Aarav Nayak,28,Male,AB+,Dermatology,Dr. Sneha Rao,Diabetes,Radiation Therapy,219,Direct Admission,Government Insurance,121672.5,Paid,Discharged
HP100277,10-11-2024,15-11-2024,Rohan Verma,26,Female,AB-,Oncology,Dr. Manish Gupta,Cancer,Routine Treatment,217,Day Care,Private Insurance,118107.67,Paid,Admitted
HP100278,24-02-2023,03-03-2023,Diya Desai,18,Male,O+,Oncology,Dr. Kavita Nair,Fracture,Emergency Care,103,Maternity / Obstetric,Self Pay,83823.26,Paid,Discharged
HP100279,03-09-2021,15-09-2021,Rohan Patil,36,Female,AB+,Dermatology,Dr. Meena Shah,Fever,Routine Treatment,513,Surgical Admission,Government Insurance,97610.3,Pending,Discharged
HP100280,09-02-2025,24-02-2025,Sneha Kulkarni,8,Female,A-,Orthopedics,Dr. Manish Gupta,Chest Pain,Surgery,302,Observation,Private Insurance,42438.9,Paid,Discharged
HP100281,02-09-2025,04-09-2025,Kiran Sharma,18,Female,AB+,Oncology,Dr. Sameer Khan,Heart Disease,Routine Treatment,316,ICU Admission,Private Insurance,84927.03,Paid,Discharged
HP100282,22-06-2022,06-07-2022,Aisha Sharma,84,Female,B+,Orthopedics,Dr. Sneha Rao,Diabetes,Observation,510,Post-Operative Admission,Corporate Insurance,35116.72,Paid,Discharged
HP100283,06-03-2026,19-03-2026,Rohan Patil,58,Female,A-,Pediatrics,Dr. Anil Rao,Fever,Physiotherapy,402,Readmission,Corporate Insurance,139611.98,Paid,Discharged
HP100284,16-01-2026,20-01-2026,Aarav Shetty,32,Female,AB-,Pediatrics,Dr. Manish Gupta,Arthritis,Medication,501,Trauma / Accident,Private Insurance,103318.23,Pending,Discharged
HP100285,10-07-2023,24-07-2023,Priya Patil,49,Female,O+,Emergency,Dr. Sameer Khan,Asthma,Medication,202,Elective Admission,Corporate Insurance,86873.38,Paid,Referred
HP100286,09-06-2022,23-06-2022,Meera Patil,48,Male,AB-,Emergency,Dr. Sameer Khan,Diabetes,Radiation Therapy,120,Emergency,Corporate Insurance,40835.63,Pending,Discharged
HP100287,10-03-2025,17-03-2025,Kiran Shetty,82,Male,AB-,Oncology,Dr. Meena Shah,Infection,Surgery,419,Scheduled / Planned,Government Insurance,64301.84,Paid,Under Treatment
HP100288,05-02-2021,08-02-2021,Diya Reddy,71,Female,A+,Pediatrics,Dr. Manish Gupta,Heart Disease,Medication,412,OPD,Self Pay,118131.43,Paid,Discharged
HP100289,16-11-2022,18-11-2022,Aditya Kulkarni,65,Other,AB-,Pediatrics,Dr. Meena Shah,Fever,Surgery,219,Referral,Government Insurance,39714.21,Paid,Discharged
HP100290,20-01-2021,30-01-2021,Priya Verma,33,Male,B-,Gynecology,Dr. Anil Rao,Pregnancy Care,Physiotherapy,410,Transfer from Another Hospital,Self Pay,23684.29,Pending,Under Treatment
HP100291,04-02-2022,06-02-2022,Arjun Verma,50,Male,B+,ENT,Dr. Neha Shah,Stroke,Observation,309,Direct Admission,Government Insurance,49566.28,Paid,Discharged
HP100292,30-08-2023,12-09-2023,Pooja Joshi,4,Female,A+,Gynecology,Dr. Priya Desai,Infection,Routine Treatment,505,Day Care,Private Insurance,120198.4,Paid,Discharged
HP100293,22-03-2026,23-03-2026,Aisha Joshi,84,Female,A-,Gynecology,Dr. Raj Malhotra,Heart Disease,Chemotherapy,403,Maternity / Obstetric,Corporate Insurance,133051.83,Partial,Discharged
HP100294,12-03-2024,17-03-2024,Rahul Desai,36,Male,B-,Emergency,Dr. Manish Gupta,Cancer,IV Therapy,304,Surgical Admission,Government Insurance,65082.68,Paid,Under Treatment
HP100295,21-01-2024,02-02-2024,Neha Sharma,28,Female,A+,Cardiology,Dr. Priya Desai,Migraine,IV Therapy,507,Observation,Self Pay,118282.37,Paid,Discharged
HP100296,14-04-2023,20-04-2023,Aditya Desai,3,Female,B+,General Medicine,Dr. Sneha Rao,Skin Infection,Emergency Care,420,ICU Admission,Corporate Insurance,53172.48,Paid,Discharged
HP100297,29-12-2025,04-01-2026,Meera Verma,6,Female,A-,Oncology,Dr. Raj Malhotra,Fracture,Medication,414,Post-Operative Admission,Corporate Insurance,78774.63,Paid,Discharged
HP100298,06-06-2026,15-06-2026,Aditya Gupta,45,Male,B+,Oncology,Dr. Kavita Nair,Pregnancy Care,Emergency Care,511,Readmission,Government Insurance,7926.75,Paid,Discharged
HP100299,04-05-2023,08-05-2023,Kavya Kulkarni,23,Male,B+,Neurology,Dr. Kiran Shetty,Chest Pain,Emergency Care,207,Trauma / Accident,Corporate Insurance,108239.4,Paid,Discharged
HP100300,20-02-2021,21-02-2021,Priya Patil,7,Male,A-,Emergency,Dr. Anil Rao,Sinusitis,IV Therapy,215,Elective Admission,Self Pay,109213.09,Partial,Discharged
HP100301,29-07-2022,04-08-2022,Neha Kulkarni,61,Male,AB-,Orthopedics,Dr. Priya Desai,Skin Infection,Routine Treatment,103,Emergency,Government Insurance,19529.54,Pending,Discharged
HP100302,23-02-2024,09-03-2024,Pooja Patil,65,Male,AB+,Oncology,Dr. Priya Desai,Chest Pain,IV Therapy,510,Scheduled / Planned,Self Pay,57026.75,Paid,Admitted
HP100303,12-09-2025,17-09-2025,Kiran Joshi,6,Female,B+,Neurology,Dr. Neha Shah,Fracture,Routine Treatment,318,OPD,Private Insurance,75114.27,Paid,Discharged
HP100304,13-11-2022,23-11-2022,Ananya Gupta,24,Male,AB-,ENT,Dr. Meena Shah,Fever,Chemotherapy,307,Referral,Private Insurance,117245.43,Paid,Discharged
HP100305,18-04-2023,24-04-2023,Ananya Shetty,37,Female,O+,General Medicine,Dr. Suresh Patil,Fracture,Physiotherapy,514,Transfer from Another Hospital,Corporate Insurance,124422.95,Pending,Discharged
HP100306,14-12-2023,17-12-2023,Neha Nayak,45,Female,A-,Neurology,Dr. Suresh Patil,Diabetes,Routine Treatment,304,Direct Admission,Corporate Insurance,109278.01,Paid,Discharged
HP100307,15-05-2025,17-05-2025,Priya Desai,51,Male,B+,General Medicine,Dr. Sneha Rao,Fracture,Chemotherapy,303,Day Care,Self Pay,36297.81,Pending,Discharged
HP100308,05-01-2021,11-01-2021,Vivaan Gupta,45,Other,AB+,Dermatology,Dr. Suresh Patil,Cancer,Observation,104,Maternity / Obstetric,Private Insurance,56669.41,Partial,Discharged
HP100309,01-02-2024,14-02-2024,Pooja Shetty,63,Female,O+,Dermatology,Dr. Manish Gupta,Fracture,Routine Treatment,311,Surgical Admission,Self Pay,40858.92,Paid,Discharged
HP100310,04-05-2024,05-05-2024,Kavya Nayak,29,Female,A-,Cardiology,Dr. Kiran Shetty,Pregnancy Care,Emergency Care,408,Observation,Corporate Insurance,97391.87,Partial,Discharged
HP100311,13-02-2023,20-02-2023,Ananya Shetty,25,Male,O-,Cardiology,Dr. Kavita Nair,Migraine,Routine Treatment,218,ICU Admission,Self Pay,98865.69,Paid,Under Treatment
HP100312,27-05-2023,03-06-2023,Pooja Gupta,10,Female,A+,Orthopedics,Dr. Manish Gupta,Hypertension,Observation,303,Post-Operative Admission,Corporate Insurance,7344.53,Paid,Discharged
HP100313,19-09-2023,29-09-2023,Sneha Verma,35,Male,A+,Neurology,Dr. Kiran Shetty,Diabetes,Surgery,519,Readmission,Private Insurance,111098.13,Paid,Discharged
HP100314,16-02-2021,01-03-2021,Rahul Gupta,55,Female,O-,Orthopedics,Dr. Manish Gupta,Asthma,Routine Treatment,414,Trauma / Accident,Government Insurance,38279.02,Paid,Under Treatment
HP100315,26-09-2021,03-10-2021,Aisha Patil,25,Male,AB-,General Medicine,Dr. Meena Shah,Asthma,Observation,213,Elective Admission,Self Pay,121199.5,Pending,Discharged
HP100316,05-01-2022,20-01-2022,Arjun Verma,45,Female,A+,Dermatology,Dr. Asha Nair,Asthma,Surgery,118,Emergency,Corporate Insurance,125758.11,Paid,Discharged
HP100317,28-09-2022,10-10-2022,Kiran Patil,12,Male,B-,Neurology,Dr. Suresh Patil,Migraine,Chemotherapy,513,Scheduled / Planned,Government Insurance,120561.53,Paid,Discharged
HP100318,04-02-2024,15-02-2024,Vikram Shetty,4,Male,O-,Dermatology,Dr. Kavita Nair,Asthma,Chemotherapy,101,OPD,Government Insurance,64176.39,Paid,Under Treatment
HP100319,21-08-2025,31-08-2025,Ananya Nayak,67,Female,B+,Pediatrics,Dr. Neha Shah,Arthritis,IV Therapy,304,Referral,Private Insurance,55503.83,Paid,Discharged
HP100320,10-08-2025,11-08-2025,Aditya Sharma,17,Female,B+,ENT,Dr. Meena Shah,Heart Disease,IV Therapy,302,Transfer from Another Hospital,Corporate Insurance,68092.56,Paid,Discharged
HP100321,19-10-2022,03-11-2022,Vivaan Patil,73,Male,A-,ENT,Dr. Raj Malhotra,Fracture,Radiation Therapy,511,Direct Admission,Self Pay,81449.32,Pending,Discharged
HP100322,30-04-2021,04-05-2021,Pooja Joshi,65,Male,B-,Pediatrics,Dr. Asha Nair,Fracture,Emergency Care,511,Day Care,Government Insurance,41238.39,Pending,Discharged
HP100323,11-04-2023,24-04-2023,Arjun Verma,82,Female,B+,Oncology,Dr. Sameer Khan,Chest Pain,Medication,302,Maternity / Obstetric,Corporate Insurance,140087.28,Paid,Under Treatment
HP100324,16-12-2025,23-12-2025,Rahul Reddy,53,Female,A-,ENT,Dr. Kavita Nair,Migraine,Observation,519,Surgical Admission,Corporate Insurance,78089.42,Paid,Under Treatment
HP100325,18-12-2023,29-12-2023,Priya Gupta,84,Male,AB+,Emergency,Dr. Neha Shah,Sinusitis,Medication,509,Observation,Government Insurance,15613.57,Pending,Discharged
HP100326,29-05-2026,07-06-2026,Meera Nayak,57,Female,B+,Dermatology,Dr. Kiran Shetty,Skin Infection,IV Therapy,212,ICU Admission,Private Insurance,149594.3,Paid,Discharged
HP100327,01-10-2024,06-10-2024,Aditya Reddy,28,Female,AB-,Gynecology,Dr. Manish Gupta,Hypertension,IV Therapy,419,Post-Operative Admission,Corporate Insurance,75195.09,Pending,Discharged
HP100328,11-01-2023,24-01-2023,Aditya Patil,16,Male,B+,Dermatology,Dr. Kiran Shetty,Asthma,Observation,218,Readmission,Private Insurance,142313.39,Pending,Under Treatment
HP100329,27-04-2021,29-04-2021,Neha Desai,21,Female,AB+,Dermatology,Dr. Kiran Shetty,Fracture,Routine Treatment,509,Trauma / Accident,Government Insurance,61591.14,Paid,Discharged
HP100330,28-01-2026,04-02-2026,Pooja Sharma,77,Female,AB+,Orthopedics,Dr. Kiran Shetty,Asthma,Radiation Therapy,202,Elective Admission,Government Insurance,37590.32,Paid,Under Treatment
HP100331,25-02-2024,06-03-2024,Ananya Shetty,42,Female,B+,Gynecology,Dr. Neha Shah,Diabetes,Physiotherapy,414,Emergency,Private Insurance,111847.62,Paid,Discharged
HP100332,16-04-2026,17-04-2026,Aditya Joshi,54,Male,AB+,Gynecology,Dr. Kiran Shetty,Pregnancy Care,IV Therapy,315,Scheduled / Planned,Private Insurance,67711.68,Paid,Admitted
HP100333,10-10-2023,17-10-2023,Kavya Reddy,32,Female,A-,Emergency,Dr. Neha Shah,Pregnancy Care,Emergency Care,306,OPD,Private Insurance,132811.5,Paid,Discharged
HP100334,23-07-2025,29-07-2025,Aditya Shetty,38,Male,B+,Cardiology,Dr. Anil Rao,Fracture,IV Therapy,520,Referral,Self Pay,72351.21,Paid,Admitted
HP100335,18-12-2023,25-12-2023,Rahul Verma,70,Female,B+,Dermatology,Dr. Priya Desai,Cancer,Radiation Therapy,409,Transfer from Another Hospital,Private Insurance,54059.4,Paid,Discharged
HP100336,26-09-2022,10-10-2022,Sneha Desai,38,Male,A+,Cardiology,Dr. Kiran Shetty,Diabetes,IV Therapy,304,Direct Admission,Private Insurance,145168.3,Paid,Discharged
HP100337,28-05-2022,10-06-2022,Aditya Gupta,54,Male,AB-,Oncology,Dr. Priya Desai,Migraine,Radiation Therapy,515,Day Care,Private Insurance,125404.32,Partial,Under Treatment
HP100338,25-01-2024,04-02-2024,Aarav Kulkarni,60,Female,B+,General Medicine,Dr. Asha Nair,Skin Infection,Physiotherapy,108,Maternity / Obstetric,Self Pay,34811.9,Paid,Under Treatment
HP100339,16-02-2024,19-02-2024,Kavya Sharma,77,Male,O+,Dermatology,Dr. Sneha Rao,Skin Infection,IV Therapy,311,Surgical Admission,Corporate Insurance,75884.01,Paid,Discharged
HP100340,14-07-2022,29-07-2022,Pooja Verma,77,Female,A+,Gynecology,Dr. Sneha Rao,Heart Disease,Observation,315,Observation,Self Pay,21430.91,Paid,Discharged
HP100341,03-05-2022,06-05-2022,Neha Nayak,47,Female,AB+,Gynecology,Dr. Meena Shah,Asthma,Emergency Care,507,ICU Admission,Corporate Insurance,20622.96,Paid,Discharged
HP100342,16-06-2023,23-06-2023,Rahul Kulkarni,12,Male,AB-,Pediatrics,Dr. Manish Gupta,Sinusitis,Physiotherapy,512,Post-Operative Admission,Private Insurance,128743.01,Paid,Discharged
HP100343,27-04-2024,10-05-2024,Neha Sharma,53,Female,AB-,Dermatology,Dr. Sameer Khan,Chest Pain,Observation,312,Readmission,Private Insurance,140114.74,Paid,Discharged
HP100344,05-12-2022,07-12-2022,Kiran Sharma,33,Female,AB+,Emergency,Dr. Kavita Nair,Sinusitis,Observation,519,Trauma / Accident,Self Pay,112130.74,Pending,Discharged
HP100345,10-01-2025,11-01-2025,Meera Verma,28,Male,A-,Gynecology,Dr. Anil Rao,Cancer,IV Therapy,519,Elective Admission,Self Pay,148439.32,Partial,Discharged
HP100346,04-08-2022,13-08-2022,Kavya Joshi,3,Other,O-,Oncology,Dr. Manish Gupta,Migraine,Emergency Care,120,Emergency,Government Insurance,11565.43,Paid,Discharged
HP100347,03-06-2021,12-06-2021,Rahul Sharma,82,Female,O-,Dermatology,Dr. Sameer Khan,Sinusitis,Surgery,112,Scheduled / Planned,Self Pay,53068.87,Paid,Discharged
HP100348,07-08-2025,14-08-2025,Kiran Reddy,26,Male,A+,Emergency,Dr. Sameer Khan,Chest Pain,Radiation Therapy,518,OPD,Self Pay,24158.02,Paid,Discharged
HP100349,24-09-2023,01-10-2023,Meera Joshi,54,Female,B+,Dermatology,Dr. Sneha Rao,Migraine,Observation,516,Referral,Private Insurance,118392.68,Paid,Discharged
HP100350,28-05-2024,31-05-2024,Aditya Sharma,40,Male,A+,Gynecology,Dr. Kavita Nair,Chest Pain,Chemotherapy,310,Transfer from Another Hospital,Private Insurance,134109.89,Paid,Discharged
HP100351,29-12-2023,08-01-2024,Aisha Desai,66,Female,AB+,Orthopedics,Dr. Neha Shah,Fracture,Chemotherapy,318,Direct Admission,Private Insurance,69832.19,Pending,Discharged
HP100352,06-10-2023,21-10-2023,Neha Nayak,68,Female,AB+,Cardiology,Dr. Priya Desai,Fracture,Surgery,414,Day Care,Self Pay,125234.7,Paid,Discharged
HP100353,12-11-2026,14-11-2026,Aarav Joshi,47,Male,O+,Oncology,Dr. Priya Desai,Skin Infection,Chemotherapy,410,Maternity / Obstetric,Government Insurance,127905.13,Pending,Under Treatment
HP100354,09-11-2025,20-11-2025,Isha Joshi,2,Female,O-,Emergency,Dr. Neha Shah,Fracture,Medication,107,Surgical Admission,Private Insurance,25255.12,Partial,Discharged
HP100355,16-08-2023,23-08-2023,Rohan Shetty,42,Female,A-,Dermatology,Dr. Asha Nair,Sinusitis,Surgery,209,Observation,Government Insurance,59662.92,Paid,Discharged
HP100356,29-03-2022,07-04-2022,Kavya Nayak,34,Male,O-,Orthopedics,Dr. Priya Desai,Asthma,IV Therapy,302,ICU Admission,Government Insurance,32264.09,Partial,Discharged
HP100357,12-05-2024,13-05-2024,Neha Reddy,21,Female,AB-,Oncology,Dr. Priya Desai,Hypertension,Radiation Therapy,106,Post-Operative Admission,Self Pay,102157.39,Pending,Discharged
HP100358,05-07-2022,18-07-2022,Aarav Shetty,44,Female,AB-,Emergency,Dr. Priya Desai,Skin Infection,Chemotherapy,204,Readmission,Self Pay,61163.01,Paid,Discharged
HP100359,24-06-2025,08-07-2025,Kavya Reddy,2,Male,AB+,Orthopedics,Dr. Kavita Nair,Migraine,Physiotherapy,410,Trauma / Accident,Private Insurance,101827.35,Paid,Admitted
HP100360,05-08-2024,09-08-2024,Neha Nayak,59,Female,A+,Orthopedics,Dr. Suresh Patil,Pregnancy Care,Routine Treatment,213,Elective Admission,Corporate Insurance,132002.06,Pending,Under Treatment
HP100361,24-10-2025,30-10-2025,Pooja Gupta,16,Male,AB-,Dermatology,Dr. Raj Malhotra,Skin Infection,IV Therapy,405,Emergency,Self Pay,64849.09,Pending,Discharged
HP100362,23-12-2021,30-12-2021,Ananya Verma,20,Male,O+,Neurology,Dr. Neha Shah,Diabetes,Physiotherapy,212,Scheduled / Planned,Government Insurance,145928.95,Partial,Discharged
HP100363,02-09-2026,12-09-2026,Meera Sharma,26,Female,O+,Oncology,Dr. Sameer Khan,Skin Infection,Chemotherapy,116,OPD,Self Pay,64249.04,Paid,Discharged
HP100364,21-11-2025,28-11-2025,Meera Nayak,16,Female,B+,Dermatology,Dr. Meena Shah,Fracture,Observation,104,Referral,Self Pay,35991.52,Paid,Admitted
HP100365,17-11-2025,27-11-2025,Sneha Gupta,70,Female,B+,Dermatology,Dr. Sameer Khan,Migraine,Medication,306,Transfer from Another Hospital,Government Insurance,81744.56,Paid,Under Treatment
HP100366,20-06-2025,22-06-2025,Vivaan Joshi,23,Male,A+,Cardiology,Dr. Sneha Rao,Asthma,IV Therapy,510,Direct Admission,Self Pay,62860.59,Paid,Admitted
HP100367,13-10-2023,27-10-2023,Kiran Gupta,42,Female,O-,Oncology,Dr. Anil Rao,Diabetes,Radiation Therapy,218,Day Care,Self Pay,23125.22,Paid,Discharged
HP100368,10-09-2024,14-09-2024,Neha Nayak,37,Female,O-,Neurology,Dr. Kiran Shetty,Diabetes,Observation,505,Maternity / Obstetric,Private Insurance,8362.83,Paid,Discharged
HP100369,31-05-2022,05-06-2022,Rahul Kulkarni,72,Male,A-,Pediatrics,Dr. Manish Gupta,Diabetes,Chemotherapy,418,Surgical Admission,Government Insurance,112880.61,Paid,Under Treatment
HP100370,02-12-2021,16-12-2021,Rahul Patil,6,Male,B+,General Medicine,Dr. Sneha Rao,Heart Disease,Radiation Therapy,205,Observation,Corporate Insurance,140264.63,Paid,Under Treatment
HP100371,18-11-2025,30-11-2025,Kiran Gupta,37,Female,A+,Orthopedics,Dr. Meena Shah,Asthma,Routine Treatment,517,ICU Admission,Corporate Insurance,68868.81,Pending,Discharged
HP100372,12-05-2022,13-05-2022,Kiran Joshi,22,Male,A+,Oncology,Dr. Suresh Patil,Pregnancy Care,Routine Treatment,517,Post-Operative Admission,Corporate Insurance,14484.03,Paid,Under Treatment
HP100373,15-06-2023,16-06-2023,Kiran Joshi,6,Male,AB+,ENT,Dr. Anil Rao,Heart Disease,IV Therapy,301,Readmission,Self Pay,112393.25,Paid,Discharged
HP100374,02-05-2023,12-05-2023,Sneha Desai,32,Female,AB-,Dermatology,Dr. Suresh Patil,Fever,Emergency Care,518,Trauma / Accident,Government Insurance,130725.44,Paid,Referred
HP100375,15-08-2025,18-08-2025,Rohan Kulkarni,17,Other,AB+,Emergency,Dr. Sameer Khan,Migraine,Chemotherapy,506,Elective Admission,Corporate Insurance,51929.7,Paid,Under Treatment
HP100376,16-04-2026,01-05-2026,Aditya Gupta,38,Female,AB-,Orthopedics,Dr. Kavita Nair,Diabetes,Surgery,520,Emergency,Self Pay,37192.21,Partial,Discharged
HP100377,18-04-2025,03-05-2025,Priya Shetty,17,Female,A-,Oncology,Dr. Anil Rao,Infection,Routine Treatment,411,Scheduled / Planned,Corporate Insurance,53873.21,Pending,Discharged
HP100378,15-08-2023,25-08-2023,Meera Verma,37,Female,A-,Cardiology,Dr. Manish Gupta,Skin Infection,Medication,320,OPD,Private Insurance,136705.71,Paid,Discharged
HP100379,25-06-2025,28-06-2025,Ananya Desai,23,Female,A-,Emergency,Dr. Anil Rao,Infection,Emergency Care,113,Referral,Self Pay,65604.36,Paid,Discharged
HP100380,15-07-2024,27-07-2024,Ananya Gupta,49,Male,A+,Emergency,Dr. Sneha Rao,Diabetes,Emergency Care,316,Emergency,Corporate Insurance,99852.9,Paid,Discharged
HP100381,11-12-2024,19-12-2024,Kavya Reddy,61,Male,A+,Cardiology,Dr. Raj Malhotra,Cancer,Chemotherapy,105,Scheduled / Planned,Self Pay,15781.49,Paid,Discharged
HP100382,06-04-2024,15-04-2024,Rohan Kulkarni,49,Male,O-,ENT,Dr. Kiran Shetty,Fracture,Surgery,114,OPD,Government Insurance,45823.14,Paid,Under Treatment
HP100383,03-12-2023,18-12-2023,Vikram Joshi,61,Male,AB+,Oncology,Dr. Manish Gupta,Sinusitis,Emergency Care,213,Referral,Self Pay,38063.75,Pending,Discharged
HP100384,12-10-2021,26-10-2021,Diya Kulkarni,77,Male,B+,Cardiology,Dr. Neha Shah,Diabetes,Emergency Care,101,Transfer from Another Hospital,Government Insurance,14080.51,Paid,Discharged
HP100385,12-01-2021,23-01-2021,Vikram Verma,32,Male,O+,Gynecology,Dr. Neha Shah,Heart Disease,Routine Treatment,407,Direct Admission,Corporate Insurance,22488.8,Pending,Under Treatment
HP100386,19-06-2025,01-07-2025,Sneha Patil,63,Male,AB-,Emergency,Dr. Manish Gupta,Skin Infection,Radiation Therapy,301,Day Care,Private Insurance,65407.63,Paid,Discharged
HP100387,24-01-2023,25-01-2023,Aisha Verma,7,Male,AB-,Orthopedics,Dr. Kiran Shetty,Fracture,IV Therapy,313,Maternity / Obstetric,Corporate Insurance,85910.7,Pending,Discharged
HP100388,14-09-2026,28-09-2026,Vivaan Patil,22,Female,A-,Gynecology,Dr. Sameer Khan,Stroke,Chemotherapy,102,Surgical Admission,Corporate Insurance,50228.23,Pending,Discharged
HP100389,31-03-2021,11-04-2021,Aditya Kulkarni,85,Male,O-,Orthopedics,Dr. Neha Shah,Stroke,Chemotherapy,118,Observation,Government Insurance,65827.74,Paid,Discharged
HP100390,15-02-2023,17-02-2023,Arjun Shetty,6,Female,AB-,Pediatrics,Dr. Anil Rao,Sinusitis,IV Therapy,204,ICU Admission,Corporate Insurance,115126.42,Partial,Discharged
HP100391,14-06-2025,24-06-2025,Aisha Joshi,61,Male,B-,Dermatology,Dr. Manish Gupta,Chest Pain,Chemotherapy,403,Post-Operative Admission,Self Pay,40842.09,Paid,Discharged
HP100392,22-02-2022,24-02-2022,Aisha Gupta,14,Female,A-,Oncology,Dr. Kavita Nair,Migraine,Physiotherapy,411,Readmission,Government Insurance,9947.75,Pending,Discharged
HP100393,25-04-2021,10-05-2021,Priya Sharma,16,Female,O+,General Medicine,Dr. Anil Rao,Skin Infection,Chemotherapy,505,Trauma / Accident,Private Insurance,42263.38,Paid,Under Treatment
HP100394,09-09-2022,13-09-2022,Pooja Joshi,3,Female,AB-,General Medicine,Dr. Anil Rao,Fracture,Emergency Care,108,Elective Admission,Self Pay,138603.19,Paid,Discharged
HP100395,06-04-2023,08-04-2023,Kavya Patil,9,Female,AB+,Dermatology,Dr. Neha Shah,Cancer,Emergency Care,304,Emergency,Private Insurance,7613.66,Paid,Discharged
HP100396,08-07-2025,15-07-2025,Vivaan Verma,47,Female,AB-,Pediatrics,Dr. Suresh Patil,Skin Infection,Surgery,103,Scheduled / Planned,Corporate Insurance,23696.25,Pending,Admitted
HP100397,25-02-2025,10-03-2025,Isha Joshi,85,Male,A+,Cardiology,Dr. Anil Rao,Skin Infection,Surgery,516,OPD,Private Insurance,14436.69,Paid,Under Treatment
HP100398,17-02-2022,04-03-2022,Meera Joshi,42,Other,AB+,Oncology,Dr. Sameer Khan,Fever,Chemotherapy,316,Referral,Corporate Insurance,59654.41,Paid,Discharged
HP100399,30-12-2022,08-01-2023,Aditya Reddy,42,Female,AB+,Neurology,Dr. Raj Malhotra,Stroke,Medication,505,Transfer from Another Hospital,Self Pay,98923.44,Paid,Discharged
HP100400,07-11-2022,14-11-2022,Vikram Patil,23,Female,AB+,Gynecology,Dr. Sneha Rao,Stroke,Routine Treatment,303,Direct Admission,Self Pay,136999.9,Paid,Discharged
HP100401,08-03-2026,20-03-2026,Rahul Reddy,3,Male,B-,Emergency,Dr. Meena Shah,Stroke,Physiotherapy,417,Day Care,Government Insurance,120139.67,Paid,Discharged
HP100402,28-01-2024,03-02-2024,Diya Desai,1,Female,B-,Dermatology,Dr. Kavita Nair,Infection,Emergency Care,108,Maternity / Obstetric,Self Pay,41352.36,Paid,Discharged
HP100403,21-04-2025,06-05-2025,Diya Gupta,67,Female,AB-,General Medicine,Dr. Meena Shah,Diabetes,Physiotherapy,519,Surgical Admission,Corporate Insurance,97051.79,Paid,Discharged
HP100404,05-09-2023,15-09-2023,Aditya Joshi,71,Female,A-,Neurology,Dr. Neha Shah,Fracture,Routine Treatment,514,Observation,Government Insurance,101257.47,Paid,Under Treatment
HP100405,06-10-2023,07-10-2023,Diya Verma,3,Female,O-,General Medicine,Dr. Manish Gupta,Pregnancy Care,Chemotherapy,112,ICU Admission,Corporate Insurance,18124.31,Pending,Under Treatment
HP100406,14-11-2026,25-11-2026,Isha Patil,49,Male,AB-,Pediatrics,Dr. Neha Shah,Asthma,Medication,508,Post-Operative Admission,Private Insurance,66934.47,Partial,Discharged
HP100407,15-08-2025,25-08-2025,Rohan Joshi,67,Male,AB-,Neurology,Dr. Manish Gupta,Diabetes,Observation,315,Readmission,Government Insurance,50131.24,Paid,Discharged
HP100408,06-02-2021,15-02-2021,Vikram Shetty,55,Male,O-,Cardiology,Dr. Sneha Rao,Arthritis,IV Therapy,419,Trauma / Accident,Corporate Insurance,27781.52,Paid,Discharged
HP100409,29-03-2025,03-04-2025,Rahul Patil,4,Male,O-,General Medicine,Dr. Sneha Rao,Diabetes,Chemotherapy,402,Elective Admission,Corporate Insurance,13507.39,Paid,Discharged
HP100410,23-05-2023,03-06-2023,Diya Verma,31,Male,AB-,Gynecology,Dr. Meena Shah,Asthma,Chemotherapy,502,Emergency,Self Pay,8934.69,Partial,Discharged
HP100411,27-12-2025,01-01-2026,Isha Kulkarni,66,Male,O-,Cardiology,Dr. Manish Gupta,Asthma,IV Therapy,312,Scheduled / Planned,Government Insurance,129515.65,Paid,Discharged
HP100412,20-07-2024,26-07-2024,Aisha Nayak,78,Male,O+,Cardiology,Dr. Kiran Shetty,Chest Pain,Medication,403,OPD,Corporate Insurance,52943.16,Pending,Discharged
HP100413,11-10-2026,20-10-2026,Neha Reddy,64,Female,A+,Emergency,Dr. Manish Gupta,Heart Disease,IV Therapy,218,Referral,Self Pay,76495.76,Paid,Discharged
HP100414,19-08-2022,01-09-2022,Diya Shetty,31,Male,AB+,Pediatrics,Dr. Asha Nair,Cancer,IV Therapy,205,Transfer from Another Hospital,Private Insurance,47286.68,Partial,Discharged
HP100415,19-03-2026,27-03-2026,Meera Sharma,63,Female,B+,Neurology,Dr. Anil Rao,Stroke,Observation,409,Direct Admission,Government Insurance,29049.1,Paid,Discharged
HP100416,30-12-2022,07-01-2023,Aisha Gupta,66,Female,O+,Neurology,Dr. Asha Nair,Skin Infection,Emergency Care,508,Day Care,Government Insurance,42888.55,Paid,Under Treatment
HP100417,27-09-2024,11-10-2024,Neha Kulkarni,31,Female,A-,General Medicine,Dr. Suresh Patil,Infection,Radiation Therapy,520,Maternity / Obstetric,Government Insurance,29647.98,Paid,Admitted
HP100418,01-02-2022,09-02-2022,Aarav Desai,47,Male,A-,Neurology,Dr. Kavita Nair,Hypertension,IV Therapy,315,Surgical Admission,Government Insurance,114892.24,Paid,Discharged
HP100419,30-11-2022,01-12-2022,Neha Kulkarni,22,Female,AB+,General Medicine,Dr. Kiran Shetty,Diabetes,Radiation Therapy,411,Observation,Corporate Insurance,136589.49,Paid,Discharged
HP100420,24-06-2025,25-06-2025,Aarav Nayak,74,Female,A-,Gynecology,Dr. Meena Shah,Chest Pain,IV Therapy,413,ICU Admission,Private Insurance,68002.74,Paid,Under Treatment
HP100421,31-01-2022,08-02-2022,Sneha Reddy,83,Other,AB+,Dermatology,Dr. Raj Malhotra,Stroke,Physiotherapy,213,Post-Operative Admission,Self Pay,124324.03,Paid,Discharged
HP100422,17-03-2021,22-03-2021,Sneha Sharma,46,Female,A-,Gynecology,Dr. Kiran Shetty,Sinusitis,Radiation Therapy,517,Readmission,Corporate Insurance,66739.1,Pending,Discharged
HP100423,22-09-2021,01-10-2021,Rahul Nayak,58,Female,AB-,General Medicine,Dr. Meena Shah,Fracture,Observation,516,Trauma / Accident,Corporate Insurance,69783.36,Paid,Discharged
HP100424,25-12-2025,27-12-2025,Arjun Desai,61,Female,A+,Oncology,Dr. Sameer Khan,Arthritis,Physiotherapy,119,Elective Admission,Government Insurance,75341.77,Paid,Discharged
HP100425,19-12-2022,28-12-2022,Kiran Shetty,46,Male,O+,Orthopedics,Dr. Manish Gupta,Fever,Physiotherapy,102,Emergency,Corporate Insurance,123934.27,Partial,Under Treatment
HP100426,01-05-2023,13-05-2023,Arjun Joshi,1,Male,O+,General Medicine,Dr. Kavita Nair,Fracture,Emergency Care,306,Scheduled / Planned,Private Insurance,140767.08,Pending,Discharged
HP100427,22-10-2024,05-11-2024,Arjun Desai,25,Female,A-,Pediatrics,Dr. Raj Malhotra,Fever,Radiation Therapy,107,OPD,Corporate Insurance,112944.25,Paid,Discharged
HP100428,24-05-2021,01-06-2021,Rohan Nayak,61,Male,O+,General Medicine,Dr. Suresh Patil,Chest Pain,IV Therapy,204,Referral,Corporate Insurance,133824.28,Paid,Discharged
HP100429,04-06-2023,13-06-2023,Ananya Patil,81,Male,A-,Orthopedics,Dr. Sneha Rao,Diabetes,Medication,414,Transfer from Another Hospital,Self Pay,98195.22,Paid,Discharged
HP100430,31-01-2022,04-02-2022,Kiran Sharma,14,Female,O-,Cardiology,Dr. Neha Shah,Skin Infection,Medication,511,Direct Admission,Corporate Insurance,126692.32,Pending,Admitted
HP100431,01-02-2025,02-02-2025,Pooja Sharma,45,Male,O-,Orthopedics,Dr. Suresh Patil,Pregnancy Care,Physiotherapy,105,Day Care,Private Insurance,85739.43,Paid,Discharged
HP100432,13-03-2024,14-03-2024,Vivaan Patil,77,Female,O-,Pediatrics,Dr. Asha Nair,Pregnancy Care,Emergency Care,320,Maternity / Obstetric,Government Insurance,117042.34,Partial,Discharged
HP100433,29-11-2023,04-12-2023,Aarav Gupta,39,Female,B+,Gynecology,Dr. Meena Shah,Diabetes,Surgery,102,Surgical Admission,Government Insurance,107261.47,Paid,Discharged
HP100434,27-11-2026,29-11-2026,Vivaan Shetty,66,Male,O+,General Medicine,Dr. Priya Desai,Diabetes,Medication,210,Observation,Private Insurance,113643,Partial,Discharged
HP100435,02-12-2023,16-12-2023,Ananya Reddy,32,Male,A+,Cardiology,Dr. Asha Nair,Heart Disease,Chemotherapy,508,ICU Admission,Government Insurance,38984.61,Paid,Referred
HP100436,24-04-2024,02-05-2024,Vivaan Gupta,58,Male,O+,Oncology,Dr. Neha Shah,Pregnancy Care,Surgery,220,Post-Operative Admission,Government Insurance,27293.9,Paid,Discharged
HP100437,26-09-2022,06-10-2022,Neha Gupta,56,Male,AB-,Dermatology,Dr. Sameer Khan,Fracture,Radiation Therapy,506,Readmission,Corporate Insurance,99689.28,Partial,Discharged
HP100438,02-03-2024,13-03-2024,Meera Verma,6,Male,A+,Emergency,Dr. Kavita Nair,Asthma,Surgery,308,Trauma / Accident,Private Insurance,75018.65,Pending,Referred
HP100439,23-05-2024,28-05-2024,Aisha Joshi,67,Male,O+,Gynecology,Dr. Kavita Nair,Asthma,Medication,504,Elective Admission,Self Pay,115875.71,Paid,Discharged
HP100440,03-01-2023,08-01-2023,Ananya Joshi,82,Male,A+,Gynecology,Dr. Sneha Rao,Asthma,Surgery,107,Emergency,Corporate Insurance,26243.13,Paid,Discharged
HP100441,23-08-2021,25-08-2021,Pooja Kulkarni,50,Male,O+,Emergency,Dr. Kavita Nair,Asthma,Surgery,215,Scheduled / Planned,Private Insurance,142415.43,Partial,Discharged
HP100442,21-01-2023,28-01-2023,Aarav Shetty,38,Female,A-,General Medicine,Dr. Suresh Patil,Chest Pain,Chemotherapy,119,OPD,Corporate Insurance,107085.38,Paid,Discharged
HP100443,12-08-2023,25-08-2023,Rahul Gupta,3,Female,B-,Pediatrics,Dr. Meena Shah,Infection,Medication,119,Referral,Private Insurance,8333.41,Paid,Discharged
HP100444,23-03-2025,31-03-2025,Pooja Joshi,5,Female,O-,Pediatrics,Dr. Meena Shah,Pregnancy Care,Physiotherapy,519,Transfer from Another Hospital,Government Insurance,88597.41,Paid,Admitted
HP100445,12-04-2024,22-04-2024,Kavya Joshi,24,Female,A-,Pediatrics,Dr. Sameer Khan,Chest Pain,IV Therapy,312,Direct Admission,Self Pay,50329.9,Paid,Under Treatment
HP100446,04-08-2025,17-08-2025,Rahul Gupta,54,Male,AB+,ENT,Dr. Kiran Shetty,Stroke,Chemotherapy,105,Day Care,Corporate Insurance,44828.03,Paid,Discharged
HP100447,06-04-2024,07-04-2024,Priya Nayak,34,Female,O-,Cardiology,Dr. Suresh Patil,Cancer,Emergency Care,404,Maternity / Obstetric,Government Insurance,135813.88,Paid,Under Treatment
HP100448,17-11-2024,19-11-2024,Aditya Joshi,39,Male,O+,Oncology,Dr. Manish Gupta,Heart Disease,Radiation Therapy,419,Surgical Admission,Private Insurance,126212.55,Partial,Discharged
HP100449,02-05-2024,12-05-2024,Diya Sharma,48,Male,B+,Oncology,Dr. Kiran Shetty,Migraine,Medication,515,Observation,Corporate Insurance,6385.27,Paid,Discharged
HP100450,21-03-2025,25-03-2025,Priya Gupta,49,Female,A+,Orthopedics,Dr. Kiran Shetty,Asthma,Chemotherapy,201,ICU Admission,Self Pay,31342.35,Paid,Discharged
HP100451,08-09-2026,13-09-2026,Sneha Verma,34,Male,AB+,ENT,Dr. Meena Shah,Diabetes,Routine Treatment,318,Post-Operative Admission,Self Pay,109332.12,Partial,Discharged
HP100452,16-12-2024,29-12-2024,Vikram Joshi,80,Male,AB-,Emergency,Dr. Manish Gupta,Migraine,Chemotherapy,416,Readmission,Corporate Insurance,127987.64,Pending,Admitted
HP100453,28-02-2025,02-03-2025,Kiran Gupta,7,Female,O-,Neurology,Dr. Priya Desai,Chest Pain,Emergency Care,311,Trauma / Accident,Government Insurance,109052.55,Partial,Discharged
HP100454,20-10-2024,21-10-2024,Arjun Patil,18,Female,AB+,General Medicine,Dr. Manish Gupta,Arthritis,Routine Treatment,414,Elective Admission,Self Pay,81169.09,Pending,Discharged
HP100455,31-01-2026,09-02-2026,Aisha Gupta,70,Male,O-,ENT,Dr. Priya Desai,Skin Infection,Observation,119,Emergency,Corporate Insurance,147763.69,Paid,Discharged
HP100456,27-09-2024,11-10-2024,Pooja Reddy,34,Male,B-,Pediatrics,Dr. Manish Gupta,Hypertension,Emergency Care,304,Scheduled / Planned,Corporate Insurance,120605.55,Paid,Discharged
HP100457,15-05-2022,16-05-2022,Priya Gupta,51,Female,O+,Cardiology,Dr. Asha Nair,Sinusitis,Emergency Care,219,OPD,Corporate Insurance,72849.61,Paid,Discharged
HP100458,08-08-2025,21-08-2025,Meera Reddy,68,Female,A+,Gynecology,Dr. Manish Gupta,Arthritis,Physiotherapy,411,Referral,Private Insurance,89604.09,Paid,Discharged
HP100459,26-05-2022,10-06-2022,Arjun Kulkarni,14,Male,A-,Emergency,Dr. Anil Rao,Fever,Chemotherapy,409,Transfer from Another Hospital,Self Pay,11498.76,Partial,Referred
HP100460,05-08-2021,09-08-2021,Vivaan Shetty,69,Female,A+,Emergency,Dr. Sneha Rao,Hypertension,Medication,402,Direct Admission,Corporate Insurance,144886.62,Pending,Discharged
HP100461,17-08-2024,19-08-2024,Ananya Kulkarni,8,Female,O-,Cardiology,Dr. Manish Gupta,Chest Pain,Radiation Therapy,301,Day Care,Private Insurance,57597.12,Pending,Discharged
HP100462,01-03-2024,12-03-2024,Pooja Reddy,15,Male,B+,General Medicine,Dr. Sneha Rao,Cancer,Radiation Therapy,319,Maternity / Obstetric,Private Insurance,100920.26,Paid,Discharged
HP100463,02-01-2026,06-01-2026,Pooja Patil,83,Female,A+,Cardiology,Dr. Neha Shah,Fever,Radiation Therapy,419,Surgical Admission,Private Insurance,101707.78,Pending,Under Treatment
HP100464,16-12-2025,24-12-2025,Priya Shetty,59,Female,AB+,Dermatology,Dr. Kavita Nair,Asthma,Routine Treatment,106,Observation,Government Insurance,13256.59,Paid,Discharged
HP100465,20-04-2024,28-04-2024,Ananya Joshi,11,Male,AB+,Orthopedics,Dr. Sneha Rao,Sinusitis,Observation,519,ICU Admission,Government Insurance,43548.67,Paid,Discharged
HP100466,01-04-2021,16-04-2021,Kavya Gupta,20,Female,A-,Neurology,Dr. Manish Gupta,Diabetes,Emergency Care,402,Post-Operative Admission,Corporate Insurance,100147.85,Paid,Discharged
HP100467,15-12-2022,26-12-2022,Arjun Kulkarni,55,Male,A-,ENT,Dr. Priya Desai,Cancer,Chemotherapy,314,Readmission,Government Insurance,137262.84,Pending,Under Treatment
HP100468,25-02-2026,09-03-2026,Vivaan Verma,36,Female,A-,Emergency,Dr. Kavita Nair,Fracture,Surgery,416,Trauma / Accident,Self Pay,117901.79,Paid,Under Treatment
HP100469,08-02-2021,17-02-2021,Sneha Patil,82,Female,AB-,Dermatology,Dr. Kiran Shetty,Pregnancy Care,Emergency Care,313,Elective Admission,Self Pay,89120.07,Paid,Discharged
HP100470,22-06-2021,05-07-2021,Rahul Desai,14,Male,O+,Gynecology,Dr. Manish Gupta,Diabetes,Radiation Therapy,113,Emergency,Corporate Insurance,38710.27,Paid,Referred
HP100471,15-10-2022,30-10-2022,Rohan Joshi,58,Female,B+,Oncology,Dr. Asha Nair,Sinusitis,Observation,405,Scheduled / Planned,Corporate Insurance,142582.17,Pending,Admitted
HP100472,24-01-2023,04-02-2023,Rohan Joshi,38,Female,AB-,Gynecology,Dr. Raj Malhotra,Fracture,IV Therapy,406,OPD,Self Pay,63531.92,Paid,Discharged
HP100473,28-05-2024,12-06-2024,Ananya Reddy,80,Male,O-,Emergency,Dr. Asha Nair,Pregnancy Care,Radiation Therapy,106,Referral,Corporate Insurance,26736.23,Paid,Discharged
HP100474,18-12-2023,30-12-2023,Diya Gupta,82,Male,AB-,Pediatrics,Dr. Suresh Patil,Hypertension,Physiotherapy,506,Transfer from Another Hospital,Corporate Insurance,8137.64,Paid,Under Treatment
HP100475,11-08-2025,16-08-2025,Diya Kulkarni,1,Male,AB-,Pediatrics,Dr. Kavita Nair,Stroke,Emergency Care,206,Direct Admission,Corporate Insurance,142771.89,Partial,Discharged
HP100476,01-04-2022,08-04-2022,Diya Reddy,65,Female,O-,Neurology,Dr. Raj Malhotra,Skin Infection,Medication,205,Day Care,Government Insurance,117797.73,Paid,Discharged
HP100477,09-04-2023,12-04-2023,Meera Desai,1,Female,A+,Gynecology,Dr. Manish Gupta,Migraine,Observation,412,Maternity / Obstetric,Corporate Insurance,36375.73,Paid,Discharged
HP100478,14-06-2023,24-06-2023,Rahul Nayak,85,Female,B-,Gynecology,Dr. Kiran Shetty,Fever,Emergency Care,217,Surgical Admission,Corporate Insurance,25557.67,Paid,Discharged
HP100479,16-10-2024,20-10-2024,Neha Verma,60,Male,O-,Gynecology,Dr. Sneha Rao,Arthritis,Physiotherapy,211,Observation,Private Insurance,144124.29,Paid,Discharged
HP100480,13-05-2026,23-05-2026,Aisha Joshi,25,Female,O+,General Medicine,Dr. Sneha Rao,Fracture,Medication,107,ICU Admission,Private Insurance,39914.76,Paid,Under Treatment
HP100481,20-06-2026,29-06-2026,Vikram Nayak,10,Male,A+,Dermatology,Dr. Priya Desai,Infection,Emergency Care,319,Post-Operative Admission,Corporate Insurance,71980.86,Pending,Discharged
HP100482,09-07-2021,19-07-2021,Aditya Gupta,50,Male,O-,Emergency,Dr. Raj Malhotra,Arthritis,Physiotherapy,506,Readmission,Government Insurance,93573.76,Pending,Discharged
HP100483,20-05-2022,30-05-2022,Vivaan Joshi,12,Male,A-,Cardiology,Dr. Neha Shah,Diabetes,Radiation Therapy,212,Trauma / Accident,Private Insurance,14045.16,Paid,Discharged
HP100484,29-04-2024,13-05-2024,Rahul Desai,32,Male,O-,Orthopedics,Dr. Sameer Khan,Chest Pain,Chemotherapy,506,Elective Admission,Private Insurance,54942.82,Paid,Discharged
HP100485,12-03-2025,24-03-2025,Vivaan Verma,33,Female,B+,Oncology,Dr. Meena Shah,Fever,Chemotherapy,107,Emergency,Corporate Insurance,141827.83,Paid,Discharged
HP100486,04-04-2023,05-04-2023,Meera Verma,72,Female,O-,Emergency,Dr. Raj Malhotra,Hypertension,Radiation Therapy,417,Scheduled / Planned,Government Insurance,106550.41,Paid,Discharged
HP100487,18-07-2023,20-07-2023,Meera Shetty,26,Female,AB-,Pediatrics,Dr. Anil Rao,Arthritis,Chemotherapy,514,OPD,Corporate Insurance,58328.86,Partial,Under Treatment
HP100488,23-07-2023,28-07-2023,Aditya Sharma,42,Female,A+,Gynecology,Dr. Sneha Rao,Arthritis,IV Therapy,311,Referral,Private Insurance,119800.88,Paid,Under Treatment
HP100489,15-02-2024,18-02-2024,Arjun Patil,50,Male,O+,ENT,Dr. Meena Shah,Pregnancy Care,Radiation Therapy,413,Transfer from Another Hospital,Government Insurance,126392.09,Pending,Discharged
HP100490,14-05-2021,16-05-2021,Vikram Kulkarni,61,Other,AB+,Emergency,Dr. Kiran Shetty,Sinusitis,Radiation Therapy,508,Direct Admission,Corporate Insurance,27008.01,Paid,Discharged
HP100491,07-10-2026,08-10-2026,Rahul Sharma,41,Female,O+,ENT,Dr. Asha Nair,Fracture,Radiation Therapy,413,Day Care,Self Pay,90056.19,Paid,Discharged
HP100492,16-11-2022,26-11-2022,Vikram Sharma,57,Female,AB-,Orthopedics,Dr. Neha Shah,Arthritis,Emergency Care,319,Maternity / Obstetric,Private Insurance,58179.42,Paid,Discharged
HP100493,27-01-2026,30-01-2026,Priya Desai,2,Male,O+,Oncology,Dr. Manish Gupta,Chest Pain,Surgery,305,Surgical Admission,Corporate Insurance,78495.15,Paid,Discharged
HP100494,26-03-2023,27-03-2023,Neha Shetty,70,Female,A+,Cardiology,Dr. Sameer Khan,Fracture,Radiation Therapy,201,Observation,Government Insurance,73014.13,Paid,Discharged
HP100495,18-03-2024,30-03-2024,Priya Kulkarni,31,Female,AB+,Pediatrics,Dr. Meena Shah,Pregnancy Care,Medication,212,ICU Admission,Self Pay,78054.48,Paid,Discharged
HP100496,21-03-2021,22-03-2021,Diya Nayak,23,Male,O-,Dermatology,Dr. Priya Desai,Diabetes,Routine Treatment,207,Post-Operative Admission,Corporate Insurance,80682.47,Paid,Under Treatment
HP100497,22-07-2021,03-08-2021,Sneha Sharma,76,Female,A+,Neurology,Dr. Sameer Khan,Stroke,Routine Treatment,207,Readmission,Corporate Insurance,15042.18,Pending,Discharged
HP100498,06-06-2024,07-06-2024,Kiran Sharma,54,Female,O-,Cardiology,Dr. Anil Rao,Migraine,Emergency Care,418,Trauma / Accident,Private Insurance,30765.68,Paid,Discharged
HP100499,27-08-2025,04-09-2025,Diya Reddy,28,Male,A+,General Medicine,Dr. Asha Nair,Asthma,Emergency Care,104,Elective Admission,Corporate Insurance,87098.65,Paid,Admitted
HP100500,04-06-2024,19-06-2024,Meera Patil,79,Male,O-,Orthopedics,Dr. Suresh Patil,Skin Infection,Emergency Care,211,Emergency,Self Pay,140725.06,Paid,Discharged
HP100501,10-08-2025,13-08-2025,Rohan Patil,19,Female,AB-,General Medicine,Dr. Neha Shah,Skin Infection,Observation,320,Scheduled / Planned,Corporate Insurance,113244.8,Paid,Discharged
HP100502,05-04-2025,16-04-2025,Meera Reddy,76,Male,O-,Cardiology,Dr. Raj Malhotra,Infection,Medication,301,OPD,Private Insurance,39603.26,Partial,Discharged
HP100503,26-09-2026,27-09-2026,Pooja Nayak,48,Female,A+,Neurology,Dr. Meena Shah,Pregnancy Care,Medication,209,Referral,Self Pay,57449.12,Paid,Discharged
HP100504,10-06-2024,17-06-2024,Kavya Nayak,2,Female,A-,Cardiology,Dr. Sneha Rao,Heart Disease,Medication,105,Transfer from Another Hospital,Self Pay,53630.12,Paid,Discharged
HP100505,30-03-2025,09-04-2025,Pooja Reddy,11,Male,O+,Orthopedics,Dr. Sameer Khan,Pregnancy Care,IV Therapy,204,Direct Admission,Private Insurance,116579.92,Paid,Discharged
HP100506,12-03-2024,15-03-2024,Aditya Sharma,44,Female,AB+,General Medicine,Dr. Sneha Rao,Sinusitis,Chemotherapy,307,Day Care,Government Insurance,145968.54,Partial,Admitted
HP100507,28-10-2024,05-11-2024,Aisha Desai,59,Female,O-,Cardiology,Dr. Kiran Shetty,Migraine,Medication,517,Maternity / Obstetric,Self Pay,56533.84,Paid,Discharged
HP100508,16-04-2022,20-04-2022,Kavya Gupta,59,Female,B+,Gynecology,Dr. Suresh Patil,Fracture,Medication,309,Surgical Admission,Government Insurance,7140.3,Paid,Discharged
HP100509,02-11-2023,06-11-2023,Rohan Gupta,38,Female,B-,Neurology,Dr. Sneha Rao,Sinusitis,Emergency Care,120,Observation,Self Pay,140847.96,Paid,Under Treatment
HP100510,15-09-2024,20-09-2024,Isha Sharma,25,Female,O+,Oncology,Dr. Manish Gupta,Cancer,Surgery,516,ICU Admission,Self Pay,114218.08,Paid,Discharged
HP100511,26-08-2023,01-09-2023,Aarav Verma,21,Male,AB-,Pediatrics,Dr. Priya Desai,Infection,Surgery,203,Post-Operative Admission,Private Insurance,125981.58,Paid,Discharged
HP100512,24-12-2021,31-12-2021,Vivaan Shetty,42,Male,AB+,ENT,Dr. Neha Shah,Stroke,Chemotherapy,316,Readmission,Corporate Insurance,35258.71,Paid,Under Treatment
HP100513,30-10-2022,13-11-2022,Diya Joshi,36,Male,A-,General Medicine,Dr. Manish Gupta,Sinusitis,Routine Treatment,112,Trauma / Accident,Self Pay,98620.3,Partial,Discharged
HP100514,08-01-2022,22-01-2022,Kiran Nayak,9,Male,AB+,Pediatrics,Dr. Raj Malhotra,Fever,Radiation Therapy,406,Elective Admission,Corporate Insurance,38742.76,Paid,Discharged
HP100515,29-10-2023,02-11-2023,Pooja Desai,12,Female,B+,Emergency,Dr. Kavita Nair,Diabetes,Surgery,307,Emergency,Self Pay,6684.51,Pending,Admitted
HP100516,20-02-2024,28-02-2024,Sneha Sharma,10,Male,AB-,Neurology,Dr. Neha Shah,Hypertension,Chemotherapy,313,Scheduled / Planned,Government Insurance,27774.63,Partial,Discharged
HP100517,03-10-2024,16-10-2024,Pooja Joshi,59,Female,AB+,Neurology,Dr. Kiran Shetty,Arthritis,IV Therapy,108,OPD,Corporate Insurance,138807.02,Pending,Discharged
HP100518,31-03-2021,06-04-2021,Pooja Kulkarni,5,Male,O+,Gynecology,Dr. Asha Nair,Hypertension,Observation,313,Referral,Government Insurance,36221.37,Paid,Discharged
HP100519,24-06-2022,08-07-2022,Neha Desai,33,Male,A-,Gynecology,Dr. Kiran Shetty,Sinusitis,Observation,318,Transfer from Another Hospital,Corporate Insurance,89845.61,Paid,Referred
HP100520,19-05-2023,20-05-2023,Diya Gupta,69,Female,AB-,Orthopedics,Dr. Priya Desai,Fracture,Observation,304,Direct Admission,Corporate Insurance,145361.92,Partial,Discharged
HP100521,10-02-2021,11-02-2021,Vivaan Shetty,80,Male,A-,Emergency,Dr. Manish Gupta,Infection,Routine Treatment,313,Day Care,Government Insurance,15974.52,Partial,Discharged
HP100522,10-01-2023,19-01-2023,Kavya Kulkarni,63,Female,AB-,Cardiology,Dr. Raj Malhotra,Arthritis,Chemotherapy,413,Maternity / Obstetric,Private Insurance,122150.89,Paid,Discharged
HP100523,01-05-2026,11-05-2026,Neha Sharma,29,Male,B-,Orthopedics,Dr. Manish Gupta,Fracture,Chemotherapy,310,Surgical Admission,Government Insurance,91645.75,Paid,Referred
HP100524,09-05-2024,15-05-2024,Aditya Verma,18,Female,B+,ENT,Dr. Neha Shah,Chest Pain,Observation,208,Observation,Private Insurance,51892.97,Partial,Discharged
HP100525,18-07-2023,28-07-2023,Diya Reddy,6,Female,B-,ENT,Dr. Neha Shah,Chest Pain,Routine Treatment,106,ICU Admission,Private Insurance,57816.91,Partial,Under Treatment
HP100526,30-07-2026,07-08-2026,Rahul Joshi,53,Female,O+,General Medicine,Dr. Sameer Khan,Stroke,Radiation Therapy,110,Post-Operative Admission,Corporate Insurance,8941.5,Paid,Discharged
HP100527,14-07-2023,27-07-2023,Neha Nayak,82,Male,O+,ENT,Dr. Priya Desai,Heart Disease,Observation,308,Readmission,Government Insurance,42096.11,Partial,Discharged
HP100528,01-05-2025,08-05-2025,Kiran Verma,32,Female,O+,Oncology,Dr. Meena Shah,Infection,Emergency Care,505,Trauma / Accident,Self Pay,66393.08,Paid,Admitted
HP100529,25-01-2022,06-02-2022,Rohan Joshi,42,Female,A+,ENT,Dr. Sneha Rao,Arthritis,Observation,216,Elective Admission,Self Pay,108952.47,Paid,Discharged
HP100530,06-06-2025,12-06-2025,Aisha Kulkarni,47,Female,O+,Cardiology,Dr. Neha Shah,Sinusitis,Medication,201,Emergency,Government Insurance,44842.87,Pending,Discharged
HP100531,13-09-2021,17-09-2021,Meera Patil,31,Male,A-,Orthopedics,Dr. Neha Shah,Skin Infection,IV Therapy,306,Scheduled / Planned,Self Pay,89144.96,Paid,Discharged
HP100532,10-12-2022,17-12-2022,Aisha Nayak,62,Male,B-,Cardiology,Dr. Raj Malhotra,Chest Pain,Physiotherapy,212,OPD,Private Insurance,111094.73,Paid,Discharged
HP100533,13-01-2026,22-01-2026,Vivaan Reddy,56,Male,A-,Neurology,Dr. Meena Shah,Fever,Medication,115,Referral,Government Insurance,106286.98,Partial,Under Treatment
HP100534,29-04-2026,13-05-2026,Neha Desai,11,Male,AB-,General Medicine,Dr. Manish Gupta,Infection,Surgery,501,Emergency,Private Insurance,90592.27,Paid,Referred
HP100535,10-01-2021,21-01-2021,Aditya Desai,26,Female,O-,Orthopedics,Dr. Suresh Patil,Chest Pain,Surgery,104,Scheduled / Planned,Corporate Insurance,89127.75,Paid,Referred
HP100536,09-03-2023,19-03-2023,Rohan Desai,27,Male,A-,Gynecology,Dr. Sameer Khan,Pregnancy Care,Radiation Therapy,414,OPD,Government Insurance,109575.58,Paid,Under Treatment
HP100537,27-05-2023,06-06-2023,Aditya Kulkarni,83,Male,A+,Pediatrics,Dr. Kiran Shetty,Chest Pain,Observation,517,Referral,Self Pay,53649.21,Paid,Under Treatment
HP100538,26-10-2023,09-11-2023,Aisha Gupta,57,Female,A-,Pediatrics,Dr. Sneha Rao,Stroke,Physiotherapy,512,Transfer from Another Hospital,Self Pay,70281.16,Paid,Under Treatment
HP100539,13-10-2023,20-10-2023,Arjun Sharma,27,Male,AB-,Oncology,Dr. Raj Malhotra,Infection,Observation,306,Direct Admission,Private Insurance,145094.19,Paid,Discharged
HP100540,30-12-2025,31-12-2025,Pooja Nayak,59,Female,O-,Dermatology,Dr. Manish Gupta,Fever,Medication,320,Day Care,Corporate Insurance,101947.27,Pending,Discharged
HP100541,09-01-2022,19-01-2022,Meera Nayak,62,Female,AB-,Dermatology,Dr. Kavita Nair,Infection,Medication,516,Maternity / Obstetric,Self Pay,80384.37,Paid,Discharged
HP100542,12-08-2021,21-08-2021,Kiran Verma,20,Male,B-,Emergency,Dr. Kiran Shetty,Diabetes,IV Therapy,420,Surgical Admission,Self Pay,88855.25,Paid,Discharged
HP100543,16-06-2024,29-06-2024,Vikram Desai,3,Female,O+,ENT,Dr. Meena Shah,Cancer,Chemotherapy,413,Observation,Corporate Insurance,20142.17,Paid,Under Treatment
HP100544,08-12-2025,12-12-2025,Sneha Kulkarni,16,Male,B+,Orthopedics,Dr. Manish Gupta,Skin Infection,Routine Treatment,118,ICU Admission,Private Insurance,90838.37,Partial,Under Treatment
HP100545,03-05-2023,18-05-2023,Diya Shetty,44,Male,AB+,Neurology,Dr. Manish Gupta,Stroke,Chemotherapy,202,Post-Operative Admission,Private Insurance,126292.35,Pending,Discharged
HP100546,04-03-2021,07-03-2021,Sneha Joshi,79,Male,O-,Cardiology,Dr. Sameer Khan,Hypertension,IV Therapy,201,Readmission,Corporate Insurance,80924.27,Pending,Discharged
HP100547,25-05-2024,29-05-2024,Rohan Verma,30,Male,B-,Oncology,Dr. Kiran Shetty,Asthma,Physiotherapy,201,Trauma / Accident,Corporate Insurance,30650.17,Pending,Discharged
HP100548,20-11-2022,24-11-2022,Kiran Joshi,40,Male,O-,Gynecology,Dr. Manish Gupta,Fever,Radiation Therapy,114,Elective Admission,Private Insurance,69990.44,Paid,Admitted
HP100549,24-01-2025,06-02-2025,Isha Shetty,65,Male,A+,General Medicine,Dr. Meena Shah,Heart Disease,Chemotherapy,219,Emergency,Government Insurance,45313.45,Paid,Under Treatment
HP100550,22-06-2025,02-07-2025,Diya Verma,29,Female,AB+,Orthopedics,Dr. Sneha Rao,Asthma,Observation,108,Scheduled / Planned,Private Insurance,57162.42,Paid,Discharged
HP100551,23-11-2026,04-12-2026,Arjun Gupta,30,Female,A-,Neurology,Dr. Meena Shah,Fever,Medication,204,OPD,Government Insurance,37626.3,Paid,Discharged
HP100552,26-05-2022,28-05-2022,Meera Verma,32,Female,B-,Neurology,Dr. Anil Rao,Diabetes,Physiotherapy,409,Referral,Government Insurance,53417.14,Paid,Discharged
HP100553,20-01-2022,03-02-2022,Kavya Sharma,10,Female,AB+,General Medicine,Dr. Kavita Nair,Pregnancy Care,Radiation Therapy,108,Transfer from Another Hospital,Government Insurance,124146.26,Paid,Discharged
HP100554,09-02-2022,21-02-2022,Vivaan Nayak,51,Male,O+,Cardiology,Dr. Priya Desai,Asthma,Surgery,417,Direct Admission,Private Insurance,114867.39,Paid,Admitted
HP100555,02-06-2022,16-06-2022,Ananya Shetty,8,Male,O+,Gynecology,Dr. Kiran Shetty,Fever,Routine Treatment,108,Day Care,Corporate Insurance,76128.17,Paid,Discharged
HP100556,21-04-2022,22-04-2022,Pooja Kulkarni,51,Male,B-,Oncology,Dr. Kiran Shetty,Cancer,Observation,414,Maternity / Obstetric,Government Insurance,118462.77,Paid,Referred
HP100557,24-06-2026,06-07-2026,Kiran Reddy,36,Male,O+,Pediatrics,Dr. Kavita Nair,Asthma,Chemotherapy,415,Surgical Admission,Corporate Insurance,146456.95,Paid,Under Treatment
HP100558,27-07-2025,06-08-2025,Aisha Kulkarni,55,Female,A-,Oncology,Dr. Anil Rao,Diabetes,Chemotherapy,404,Observation,Corporate Insurance,63890.95,Paid,Discharged
HP100559,09-03-2026,21-03-2026,Priya Gupta,35,Female,AB-,Emergency,Dr. Anil Rao,Fracture,Radiation Therapy,204,ICU Admission,Self Pay,147098.14,Paid,Discharged
HP100560,31-12-2024,01-01-2025,Diya Desai,36,Male,B-,Neurology,Dr. Neha Shah,Arthritis,Chemotherapy,418,Post-Operative Admission,Corporate Insurance,40656.39,Partial,Discharged
HP100561,15-12-2022,28-12-2022,Diya Joshi,56,Male,A+,Emergency,Dr. Anil Rao,Cancer,Observation,410,Readmission,Private Insurance,143407.98,Partial,Discharged
HP100562,24-03-2021,07-04-2021,Aisha Joshi,36,Male,AB+,Emergency,Dr. Sneha Rao,Hypertension,Chemotherapy,302,Trauma / Accident,Private Insurance,130342.9,Partial,Under Treatment
HP100563,14-03-2024,22-03-2024,Rohan Desai,84,Male,AB+,Oncology,Dr. Sameer Khan,Diabetes,IV Therapy,109,Elective Admission,Government Insurance,33873.99,Paid,Discharged
HP100564,17-03-2026,31-03-2026,Sneha Gupta,61,Male,AB+,Emergency,Dr. Manish Gupta,Cancer,Chemotherapy,212,Emergency,Private Insurance,55727.31,Pending,Discharged
HP100565,11-08-2026,13-08-2026,Aditya Nayak,62,Female,B-,Oncology,Dr. Manish Gupta,Diabetes,Physiotherapy,507,Scheduled / Planned,Government Insurance,107648.56,Paid,Under Treatment
HP100566,20-02-2021,04-03-2021,Vivaan Patil,81,Male,A-,Oncology,Dr. Manish Gupta,Arthritis,Chemotherapy,508,OPD,Private Insurance,32785.06,Paid,Discharged
HP100567,16-11-2022,26-11-2022,Ananya Shetty,25,Female,B-,General Medicine,Dr. Sneha Rao,Skin Infection,Chemotherapy,319,Referral,Government Insurance,90652.45,Paid,Under Treatment
HP100568,18-12-2022,23-12-2022,Diya Verma,64,Male,B-,Pediatrics,Dr. Anil Rao,Cancer,Surgery,518,Transfer from Another Hospital,Private Insurance,82547.03,Pending,Discharged
HP100569,09-01-2025,21-01-2025,Neha Desai,60,Male,O+,ENT,Dr. Anil Rao,Migraine,Radiation Therapy,517,Direct Admission,Private Insurance,47321.74,Paid,Discharged
HP100570,25-03-2022,29-03-2022,Sneha Sharma,57,Female,AB-,ENT,Dr. Priya Desai,Sinusitis,Chemotherapy,307,Day Care,Government Insurance,48577.35,Pending,Discharged
HP100571,31-05-2023,08-06-2023,Sneha Reddy,70,Female,AB+,Cardiology,Dr. Asha Nair,Stroke,Routine Treatment,317,Maternity / Obstetric,Corporate Insurance,79864.7,Pending,Under Treatment
HP100572,03-05-2022,05-05-2022,Rahul Kulkarni,52,Male,A-,Oncology,Dr. Sneha Rao,Fracture,Observation,313,Surgical Admission,Self Pay,48478.16,Paid,Discharged
HP100573,29-12-2025,08-01-2026,Pooja Kulkarni,56,Female,B+,Cardiology,Dr. Priya Desai,Skin Infection,Routine Treatment,303,Observation,Private Insurance,31136.93,Partial,Discharged
HP100574,13-09-2026,22-09-2026,Aditya Shetty,63,Male,O-,Oncology,Dr. Kiran Shetty,Skin Infection,Medication,506,ICU Admission,Corporate Insurance,117137.01,Paid,Discharged
HP100575,13-11-2026,20-11-2026,Diya Patil,68,Male,A-,Gynecology,Dr. Raj Malhotra,Cancer,IV Therapy,206,Post-Operative Admission,Self Pay,89355.43,Pending,Under Treatment
HP100576,24-04-2025,09-05-2025,Kavya Gupta,20,Female,O+,Dermatology,Dr. Manish Gupta,Fracture,Chemotherapy,514,Readmission,Self Pay,68457.23,Paid,Discharged
HP100577,07-09-2021,20-09-2021,Aisha Kulkarni,54,Female,B-,Neurology,Dr. Sameer Khan,Chest Pain,Observation,316,Trauma / Accident,Private Insurance,31280.9,Partial,Discharged
HP100578,05-11-2022,12-11-2022,Aditya Shetty,1,Male,A+,Neurology,Dr. Sneha Rao,Fever,Chemotherapy,419,Elective Admission,Corporate Insurance,91182.99,Paid,Under Treatment
HP100579,14-03-2022,15-03-2022,Sneha Joshi,10,Male,A-,Pediatrics,Dr. Priya Desai,Arthritis,Routine Treatment,304,Emergency,Private Insurance,96147.96,Paid,Under Treatment
HP100580,06-12-2026,20-12-2026,Kiran Verma,23,Female,AB+,Emergency,Dr. Asha Nair,Migraine,IV Therapy,109,Scheduled / Planned,Government Insurance,74564.57,Partial,Discharged
HP100581,10-02-2023,22-02-2023,Vikram Verma,51,Male,A+,Pediatrics,Dr. Kavita Nair,Sinusitis,IV Therapy,508,OPD,Government Insurance,59047.21,Partial,Discharged
HP100582,25-09-2021,27-09-2021,Isha Desai,24,Male,B+,ENT,Dr. Neha Shah,Arthritis,Surgery,216,Referral,Self Pay,130750.78,Paid,Discharged
HP100583,08-06-2026,12-06-2026,Pooja Nayak,13,Female,B+,ENT,Dr. Anil Rao,Hypertension,IV Therapy,308,Transfer from Another Hospital,Government Insurance,107197.42,Pending,Discharged
HP100584,14-12-2023,18-12-2023,Sneha Desai,29,Female,O-,Pediatrics,Dr. Manish Gupta,Skin Infection,Radiation Therapy,411,Direct Admission,Corporate Insurance,56644.86,Paid,Discharged
HP100585,24-08-2021,04-09-2021,Arjun Nayak,58,Male,A+,ENT,Dr. Sneha Rao,Pregnancy Care,Observation,110,Day Care,Government Insurance,90998.12,Paid,Discharged
HP100586,24-01-2022,07-02-2022,Kiran Reddy,43,Female,O+,ENT,Dr. Neha Shah,Heart Disease,Surgery,119,Maternity / Obstetric,Government Insurance,38891.01,Paid,Discharged
HP100587,02-02-2023,05-02-2023,Rohan Desai,10,Female,B+,Pediatrics,Dr. Kiran Shetty,Asthma,Radiation Therapy,517,Surgical Admission,Corporate Insurance,6663.15,Paid,Referred
HP100588,23-01-2026,30-01-2026,Kavya Gupta,31,Male,A+,Pediatrics,Dr. Anil Rao,Diabetes,Observation,404,Observation,Corporate Insurance,130982.86,Paid,Discharged
HP100589,16-09-2022,28-09-2022,Aisha Joshi,74,Female,B-,General Medicine,Dr. Kiran Shetty,Cancer,IV Therapy,420,ICU Admission,Government Insurance,123738.91,Pending,Discharged
HP100590,06-06-2024,14-06-2024,Vikram Nayak,14,Female,A+,Cardiology,Dr. Raj Malhotra,Heart Disease,Chemotherapy,416,Post-Operative Admission,Corporate Insurance,97713.46,Partial,Under Treatment
HP100591,01-08-2022,03-08-2022,Priya Sharma,34,Male,B-,Emergency,Dr. Sneha Rao,Asthma,IV Therapy,401,Readmission,Private Insurance,122640.48,Paid,Discharged
HP100592,24-10-2026,28-10-2026,Aisha Desai,17,Male,O-,Neurology,Dr. Neha Shah,Fracture,Observation,111,Trauma / Accident,Government Insurance,118219.28,Paid,Under Treatment
HP100593,11-03-2022,25-03-2022,Priya Shetty,21,Female,O+,Cardiology,Dr. Anil Rao,Diabetes,Chemotherapy,409,Elective Admission,Self Pay,129737.15,Paid,Discharged
HP100594,21-11-2026,24-11-2026,Aarav Reddy,67,Female,AB+,Gynecology,Dr. Priya Desai,Stroke,Observation,509,Emergency,Corporate Insurance,134320.28,Paid,Discharged
HP100595,03-02-2023,05-02-2023,Sneha Nayak,58,Male,AB+,Pediatrics,Dr. Sameer Khan,Diabetes,Observation,520,Scheduled / Planned,Corporate Insurance,123726.47,Paid,Discharged
HP100596,22-08-2024,03-09-2024,Kiran Patil,79,Female,B+,Cardiology,Dr. Meena Shah,Stroke,Surgery,303,OPD,Private Insurance,128503.56,Paid,Admitted
HP100597,16-11-2026,29-11-2026,Sneha Desai,8,Female,AB-,Dermatology,Dr. Suresh Patil,Infection,IV Therapy,204,Referral,Private Insurance,77745.89,Partial,Discharged
HP100598,20-09-2024,04-10-2024,Isha Joshi,38,Female,AB-,Dermatology,Dr. Sneha Rao,Fever,Radiation Therapy,107,Transfer from Another Hospital,Self Pay,107661.08,Partial,Discharged
HP100599,23-03-2022,29-03-2022,Ananya Gupta,26,Female,A+,Orthopedics,Dr. Sneha Rao,Sinusitis,Observation,313,Direct Admission,Private Insurance,53320.76,Pending,Discharged
HP100600,11-07-2026,24-07-2026,Meera Reddy,64,Male,O+,ENT,Dr. Kiran Shetty,Heart Disease,Surgery,509,Day Care,Private Insurance,129864.12,Paid,Discharged
HP100601,24-08-2024,28-08-2024,Priya Verma,30,Male,O-,Gynecology,Dr. Sneha Rao,Heart Disease,Routine Treatment,112,Maternity / Obstetric,Self Pay,129495.64,Pending,Discharged
HP100602,06-09-2021,12-09-2021,Rahul Verma,9,Female,B-,General Medicine,Dr. Manish Gupta,Skin Infection,Emergency Care,109,Surgical Admission,Government Insurance,14590.66,Partial,Admitted
HP100603,15-06-2021,17-06-2021,Pooja Joshi,32,Male,AB+,Oncology,Dr. Kavita Nair,Fever,Physiotherapy,107,Observation,Private Insurance,55317.88,Paid,Discharged
HP100604,20-09-2024,02-10-2024,Pooja Reddy,11,Female,O+,Oncology,Dr. Manish Gupta,Arthritis,IV Therapy,304,ICU Admission,Government Insurance,29859.5,Paid,Under Treatment
HP100605,17-10-2023,21-10-2023,Rohan Desai,34,Male,AB+,Oncology,Dr. Priya Desai,Migraine,Emergency Care,115,Post-Operative Admission,Self Pay,24690.99,Pending,Discharged
HP100606,26-06-2022,07-07-2022,Arjun Patil,18,Male,AB+,Orthopedics,Dr. Sameer Khan,Heart Disease,Routine Treatment,106,Readmission,Private Insurance,65159.45,Paid,Discharged
HP100607,29-01-2023,04-02-2023,Rahul Verma,19,Male,B+,Cardiology,Dr. Kiran Shetty,Chest Pain,IV Therapy,511,Trauma / Accident,Corporate Insurance,95720.9,Paid,Discharged
HP100608,30-10-2026,13-11-2026,Meera Shetty,54,Female,AB+,Neurology,Dr. Priya Desai,Pregnancy Care,Routine Treatment,103,Elective Admission,Government Insurance,54840.24,Paid,Referred
HP100609,21-12-2026,26-12-2026,Aarav Joshi,82,Female,O-,Neurology,Dr. Sneha Rao,Migraine,Medication,420,Emergency,Self Pay,49836.17,Paid,Discharged
HP100610,08-03-2023,11-03-2023,Neha Patil,37,Female,AB-,Pediatrics,Dr. Neha Shah,Diabetes,Observation,207,Scheduled / Planned,Corporate Insurance,18696.35,Paid,Discharged
HP100611,18-05-2021,26-05-2021,Aditya Patil,82,Male,O-,General Medicine,Dr. Priya Desai,Sinusitis,Medication,518,OPD,Private Insurance,60523.37,Partial,Under Treatment
HP100612,15-09-2024,22-09-2024,Vivaan Gupta,12,Male,A-,Neurology,Dr. Manish Gupta,Sinusitis,Surgery,301,Referral,Private Insurance,73291.77,Paid,Discharged
HP100613,19-02-2026,22-02-2026,Priya Nayak,4,Female,B+,Emergency,Dr. Kiran Shetty,Asthma,Surgery,504,Transfer from Another Hospital,Government Insurance,62812.37,Paid,Discharged
HP100614,10-03-2021,16-03-2021,Aditya Shetty,43,Male,A+,Dermatology,Dr. Anil Rao,Arthritis,IV Therapy,212,Direct Admission,Private Insurance,103612.23,Pending,Under Treatment
HP100615,02-10-2026,06-10-2026,Vikram Kulkarni,27,Female,A-,ENT,Dr. Asha Nair,Sinusitis,Medication,404,Day Care,Corporate Insurance,46782.93,Paid,Discharged
HP100616,13-01-2025,24-01-2025,Aisha Nayak,51,Female,B+,ENT,Dr. Meena Shah,Diabetes,Physiotherapy,519,Maternity / Obstetric,Government Insurance,108826.18,Partial,Under Treatment
HP100617,24-07-2021,29-07-2021,Sneha Sharma,5,Male,O+,Neurology,Dr. Raj Malhotra,Diabetes,Emergency Care,107,Surgical Admission,Government Insurance,133001.55,Pending,Discharged
HP100618,14-12-2026,25-12-2026,Sneha Verma,6,Female,B+,Pediatrics,Dr. Manish Gupta,Fracture,Medication,107,Observation,Private Insurance,90729.84,Paid,Discharged
HP100619,12-02-2021,17-02-2021,Sneha Kulkarni,77,Male,O-,Orthopedics,Dr. Suresh Patil,Stroke,Medication,410,ICU Admission,Self Pay,61358.26,Paid,Discharged
HP100620,22-03-2026,29-03-2026,Isha Shetty,56,Female,B-,Oncology,Dr. Priya Desai,Cancer,Physiotherapy,520,Post-Operative Admission,Corporate Insurance,31055.47,Paid,Discharged
HP100621,29-11-2026,10-12-2026,Kavya Reddy,68,Male,A-,Emergency,Dr. Sneha Rao,Asthma,Routine Treatment,513,Readmission,Private Insurance,140201.44,Partial,Discharged
HP100622,31-01-2023,05-02-2023,Arjun Kulkarni,44,Male,A-,Emergency,Dr. Manish Gupta,Migraine,Surgery,119,Trauma / Accident,Self Pay,114019.06,Paid,Discharged
HP100623,13-11-2026,24-11-2026,Ananya Joshi,15,Female,O-,Gynecology,Dr. Kavita Nair,Migraine,Emergency Care,311,Elective Admission,Government Insurance,40733.96,Paid,Discharged
HP100624,18-06-2026,03-07-2026,Rahul Nayak,42,Female,AB-,General Medicine,Dr. Raj Malhotra,Chest Pain,Physiotherapy,401,Emergency,Government Insurance,26842.04,Partial,Discharged
HP100625,20-04-2026,23-04-2026,Pooja Desai,11,Female,A-,ENT,Dr. Neha Shah,Pregnancy Care,Emergency Care,512,Scheduled / Planned,Private Insurance,12149.98,Paid,Discharged
HP100626,19-06-2023,29-06-2023,Diya Shetty,73,Female,AB+,Pediatrics,Dr. Kavita Nair,Fracture,Chemotherapy,405,OPD,Corporate Insurance,32630.18,Paid,Discharged
HP100627,26-12-2021,31-12-2021,Kavya Gupta,11,Female,AB-,Orthopedics,Dr. Neha Shah,Pregnancy Care,Chemotherapy,501,Referral,Private Insurance,111194.41,Partial,Discharged
HP100628,16-09-2025,23-09-2025,Isha Shetty,66,Male,O+,ENT,Dr. Neha Shah,Arthritis,Surgery,419,Transfer from Another Hospital,Private Insurance,96282.37,Paid,Discharged
HP100629,08-10-2021,13-10-2021,Rahul Shetty,27,Female,AB+,Gynecology,Dr. Sameer Khan,Fracture,Physiotherapy,111,Direct Admission,Government Insurance,145278.31,Pending,Discharged
HP100630,03-03-2026,08-03-2026,Rohan Desai,58,Female,AB-,Pediatrics,Dr. Manish Gupta,Asthma,Observation,308,Day Care,Corporate Insurance,51685.79,Pending,Under Treatment
HP100631,29-10-2022,07-11-2022,Aisha Shetty,72,Male,A+,Cardiology,Dr. Raj Malhotra,Fever,Radiation Therapy,410,Maternity / Obstetric,Private Insurance,119057.03,Paid,Discharged
HP100632,03-04-2021,18-04-2021,Sneha Reddy,21,Female,O+,Orthopedics,Dr. Raj Malhotra,Infection,IV Therapy,410,Surgical Admission,Self Pay,22466.55,Paid,Admitted
HP100633,03-11-2022,06-11-2022,Aarav Joshi,21,Female,AB-,Dermatology,Dr. Sameer Khan,Hypertension,Medication,420,Observation,Self Pay,86574.49,Pending,Discharged
HP100634,24-05-2026,06-06-2026,Sneha Kulkarni,72,Male,A+,Orthopedics,Dr. Asha Nair,Chest Pain,Routine Treatment,203,ICU Admission,Corporate Insurance,72684.66,Paid,Discharged
HP100635,02-03-2021,08-03-2021,Vikram Verma,1,Female,AB-,Cardiology,Dr. Anil Rao,Sinusitis,Medication,403,Post-Operative Admission,Government Insurance,126538.92,Pending,Under Treatment
HP100636,26-10-2023,27-10-2023,Aditya Desai,58,Male,A+,ENT,Dr. Priya Desai,Chest Pain,Surgery,304,Readmission,Government Insurance,106732.47,Paid,Under Treatment
HP100637,29-01-2025,08-02-2025,Isha Gupta,13,Male,AB+,Dermatology,Dr. Priya Desai,Stroke,Chemotherapy,418,Trauma / Accident,Corporate Insurance,33175.73,Paid,Admitted
HP100638,27-08-2022,01-09-2022,Neha Reddy,73,Male,O+,Pediatrics,Dr. Neha Shah,Diabetes,Physiotherapy,419,Elective Admission,Private Insurance,147663.25,Paid,Under Treatment
HP100639,13-11-2022,21-11-2022,Arjun Nayak,6,Female,O+,Oncology,Dr. Meena Shah,Migraine,Emergency Care,318,Emergency,Private Insurance,124355.79,Paid,Under Treatment
HP100640,29-11-2024,04-12-2024,Rohan Sharma,58,Male,AB-,Pediatrics,Dr. Asha Nair,Fracture,Radiation Therapy,314,Scheduled / Planned,Self Pay,56421.41,Paid,Admitted
HP100641,08-06-2022,17-06-2022,Kavya Reddy,17,Female,B-,Gynecology,Dr. Sneha Rao,Skin Infection,IV Therapy,503,OPD,Self Pay,124774.39,Pending,Under Treatment
HP100642,23-05-2026,03-06-2026,Priya Desai,73,Female,AB-,Dermatology,Dr. Meena Shah,Stroke,Medication,209,Referral,Corporate Insurance,143752.04,Paid,Discharged
HP100643,07-01-2024,13-01-2024,Vikram Verma,12,Female,A+,Orthopedics,Dr. Anil Rao,Arthritis,Physiotherapy,509,Transfer from Another Hospital,Government Insurance,134090.88,Paid,Discharged
HP100644,20-10-2025,28-10-2025,Vikram Nayak,52,Male,O+,General Medicine,Dr. Kavita Nair,Pregnancy Care,Surgery,513,Direct Admission,Corporate Insurance,85650.45,Paid,Discharged
HP100645,11-01-2026,21-01-2026,Isha Kulkarni,76,Female,B+,Cardiology,Dr. Meena Shah,Stroke,Emergency Care,311,Day Care,Private Insurance,88686.44,Paid,Discharged
HP100646,26-09-2026,04-10-2026,Arjun Joshi,70,Female,AB+,Dermatology,Dr. Raj Malhotra,Diabetes,IV Therapy,412,Maternity / Obstetric,Private Insurance,20456.82,Paid,Discharged
HP100647,19-02-2024,03-03-2024,Neha Desai,73,Female,B-,Oncology,Dr. Meena Shah,Fever,Chemotherapy,313,Surgical Admission,Corporate Insurance,28882.45,Pending,Discharged
HP100648,16-12-2023,19-12-2023,Kavya Verma,52,Female,B+,Neurology,Dr. Neha Shah,Stroke,Surgery,209,Observation,Private Insurance,147478.25,Paid,Discharged
HP100649,17-04-2021,24-04-2021,Diya Sharma,37,Female,O-,Dermatology,Dr. Kavita Nair,Hypertension,Emergency Care,407,ICU Admission,Private Insurance,116619.57,Paid,Discharged
HP100650,17-02-2021,03-03-2021,Isha Nayak,3,Female,B+,Gynecology,Dr. Anil Rao,Skin Infection,IV Therapy,507,Post-Operative Admission,Self Pay,8698.52,Paid,Discharged
HP100651,03-12-2021,10-12-2021,Pooja Sharma,8,Male,AB+,General Medicine,Dr. Asha Nair,Migraine,Emergency Care,408,Readmission,Private Insurance,84393.71,Paid,Discharged
HP100652,16-11-2023,30-11-2023,Pooja Patil,10,Male,AB-,Neurology,Dr. Kavita Nair,Fever,IV Therapy,206,Trauma / Accident,Self Pay,55068.05,Paid,Discharged
HP100653,04-07-2024,14-07-2024,Kiran Nayak,47,Male,A-,Dermatology,Dr. Kiran Shetty,Pregnancy Care,Chemotherapy,515,Elective Admission,Government Insurance,50169.38,Paid,Discharged
HP100654,18-08-2026,30-08-2026,Meera Kulkarni,41,Male,B-,Dermatology,Dr. Sameer Khan,Fracture,IV Therapy,302,Emergency,Corporate Insurance,85707.55,Paid,Discharged
HP100655,17-09-2022,23-09-2022,Kavya Verma,64,Female,AB-,Pediatrics,Dr. Sameer Khan,Cancer,Chemotherapy,415,Scheduled / Planned,Private Insurance,51421.87,Partial,Discharged
HP100656,06-03-2026,18-03-2026,Neha Verma,42,Female,AB+,Emergency,Dr. Asha Nair,Fracture,Medication,513,OPD,Self Pay,41475.41,Pending,Discharged
HP100657,30-06-2024,07-07-2024,Aditya Nayak,43,Female,A-,Orthopedics,Dr. Asha Nair,Infection,Routine Treatment,115,Referral,Self Pay,140983.31,Pending,Discharged
HP100658,12-09-2025,26-09-2025,Aarav Nayak,9,Female,O-,Emergency,Dr. Neha Shah,Skin Infection,Emergency Care,114,Transfer from Another Hospital,Corporate Insurance,10779.29,Pending,Discharged
HP100659,30-10-2021,01-11-2021,Kavya Nayak,14,Female,AB+,Pediatrics,Dr. Manish Gupta,Chest Pain,Routine Treatment,119,Direct Admission,Self Pay,68244.8,Partial,Referred
HP100660,01-10-2022,10-10-2022,Meera Reddy,4,Male,AB+,Neurology,Dr. Kiran Shetty,Chest Pain,Medication,507,Day Care,Private Insurance,79121.99,Paid,Discharged
HP100661,25-02-2021,07-03-2021,Isha Desai,2,Female,B+,Emergency,Dr. Sneha Rao,Cancer,Surgery,315,Maternity / Obstetric,Self Pay,68793.01,Partial,Discharged
HP100662,27-12-2022,06-01-2023,Kiran Kulkarni,85,Male,O+,Cardiology,Dr. Kavita Nair,Heart Disease,Chemotherapy,118,Surgical Admission,Self Pay,100301.43,Partial,Discharged
HP100663,10-06-2022,11-06-2022,Rahul Shetty,1,Male,AB-,Cardiology,Dr. Manish Gupta,Cancer,Observation,303,Observation,Government Insurance,8723.02,Paid,Discharged
HP100664,19-04-2022,20-04-2022,Aarav Patil,75,Female,O-,Dermatology,Dr. Manish Gupta,Sinusitis,Medication,510,ICU Admission,Private Insurance,133324.77,Partial,Referred
HP100665,28-01-2021,31-01-2021,Pooja Joshi,65,Male,AB+,Orthopedics,Dr. Meena Shah,Asthma,IV Therapy,407,Post-Operative Admission,Corporate Insurance,77530.77,Partial,Discharged
HP100666,27-10-2026,10-11-2026,Kavya Nayak,46,Male,AB-,ENT,Dr. Priya Desai,Fever,Observation,211,Readmission,Self Pay,85282.8,Paid,Discharged
HP100667,31-12-2021,15-01-2022,Aarav Gupta,59,Female,A-,Dermatology,Dr. Kavita Nair,Migraine,Emergency Care,203,Trauma / Accident,Self Pay,72101.81,Partial,Discharged
HP100668,10-06-2022,13-06-2022,Kiran Reddy,75,Male,B+,Dermatology,Dr. Priya Desai,Pregnancy Care,Chemotherapy,309,Elective Admission,Private Insurance,69453.74,Paid,Under Treatment
HP100669,28-08-2024,29-08-2024,Kavya Verma,7,Male,A-,Cardiology,Dr. Asha Nair,Skin Infection,Physiotherapy,408,Emergency,Private Insurance,32071.41,Pending,Discharged
HP100670,02-06-2023,14-06-2023,Neha Joshi,66,Male,A-,Cardiology,Dr. Raj Malhotra,Infection,Emergency Care,212,Scheduled / Planned,Self Pay,78137.35,Paid,Under Treatment
HP100671,28-10-2023,04-11-2023,Kavya Desai,15,Male,B+,Neurology,Dr. Anil Rao,Heart Disease,Surgery,414,OPD,Private Insurance,66095.35,Paid,Under Treatment
HP100672,24-10-2023,28-10-2023,Kiran Nayak,72,Male,AB-,Neurology,Dr. Suresh Patil,Pregnancy Care,Observation,517,Referral,Corporate Insurance,72877.32,Partial,Admitted
HP100673,05-07-2025,15-07-2025,Rohan Verma,47,Female,A-,Pediatrics,Dr. Manish Gupta,Infection,Routine Treatment,411,Transfer from Another Hospital,Private Insurance,7005.48,Paid,Discharged
HP100674,08-07-2023,21-07-2023,Isha Gupta,40,Male,A+,Emergency,Dr. Raj Malhotra,Pregnancy Care,Chemotherapy,113,Direct Admission,Corporate Insurance,23979.55,Pending,Discharged
HP100675,10-11-2025,12-11-2025,Sneha Joshi,42,Female,AB-,Dermatology,Dr. Priya Desai,Asthma,Surgery,413,Day Care,Corporate Insurance,115659.84,Pending,Discharged
HP100676,12-03-2025,22-03-2025,Vikram Sharma,51,Male,O+,Neurology,Dr. Raj Malhotra,Stroke,Emergency Care,213,Maternity / Obstetric,Private Insurance,65770.08,Pending,Discharged
HP100677,22-03-2026,27-03-2026,Vikram Desai,35,Female,O+,Pediatrics,Dr. Anil Rao,Migraine,Observation,305,Surgical Admission,Corporate Insurance,112721.52,Pending,Admitted
HP100678,30-04-2024,06-05-2024,Aarav Joshi,41,Female,AB+,Pediatrics,Dr. Neha Shah,Migraine,Radiation Therapy,114,Observation,Private Insurance,29811.13,Partial,Admitted
HP100679,13-07-2025,22-07-2025,Vivaan Joshi,85,Female,B+,ENT,Dr. Suresh Patil,Hypertension,Radiation Therapy,318,ICU Admission,Private Insurance,106240.49,Paid,Discharged
HP100680,30-04-2022,04-05-2022,Aarav Shetty,57,Female,O+,Emergency,Dr. Meena Shah,Hypertension,Medication,306,Post-Operative Admission,Self Pay,46921.19,Paid,Discharged
HP100681,07-09-2026,09-09-2026,Aarav Verma,38,Female,B+,ENT,Dr. Meena Shah,Infection,Radiation Therapy,208,Readmission,Self Pay,107242.64,Partial,Under Treatment
HP100682,15-12-2022,20-12-2022,Aditya Kulkarni,72,Male,AB-,Neurology,Dr. Sameer Khan,Skin Infection,Chemotherapy,417,Trauma / Accident,Government Insurance,17583.64,Paid,Discharged
HP100683,29-11-2023,02-12-2023,Neha Reddy,8,Female,A+,General Medicine,Dr. Neha Shah,Skin Infection,Medication,107,Elective Admission,Government Insurance,53378.01,Paid,Admitted
HP100684,31-05-2026,02-06-2026,Pooja Gupta,74,Female,O-,Neurology,Dr. Manish Gupta,Migraine,Physiotherapy,204,Emergency,Private Insurance,22306.68,Partial,Discharged
HP100685,20-07-2024,01-08-2024,Rahul Sharma,63,Male,A+,Gynecology,Dr. Anil Rao,Sinusitis,IV Therapy,205,Scheduled / Planned,Corporate Insurance,96298.41,Partial,Discharged
HP100686,08-06-2024,09-06-2024,Meera Desai,4,Male,A+,General Medicine,Dr. Kiran Shetty,Skin Infection,Physiotherapy,213,OPD,Private Insurance,61926.72,Partial,Discharged
HP100687,04-11-2026,14-11-2026,Aisha Nayak,48,Male,A+,Dermatology,Dr. Raj Malhotra,Infection,Physiotherapy,104,Referral,Self Pay,15770.15,Pending,Discharged
HP100688,06-05-2021,08-05-2021,Kiran Gupta,52,Female,B-,Neurology,Dr. Manish Gupta,Cancer,Medication,208,Transfer from Another Hospital,Government Insurance,81323.06,Pending,Discharged
HP100689,21-06-2022,27-06-2022,Kiran Desai,38,Male,O-,Emergency,Dr. Kiran Shetty,Arthritis,Radiation Therapy,213,Direct Admission,Private Insurance,8610.06,Paid,Discharged
HP100690,04-09-2026,12-09-2026,Sneha Verma,5,Male,B+,Pediatrics,Dr. Sameer Khan,Asthma,Routine Treatment,413,Day Care,Corporate Insurance,123679.26,Paid,Under Treatment
HP100691,23-05-2025,05-06-2025,Aisha Kulkarni,85,Male,A-,Cardiology,Dr. Sneha Rao,Chest Pain,IV Therapy,310,Maternity / Obstetric,Corporate Insurance,141060.21,Paid,Admitted
HP100692,08-03-2021,11-03-2021,Neha Desai,70,Female,B+,Orthopedics,Dr. Anil Rao,Chest Pain,Medication,501,Surgical Admission,Private Insurance,122460.26,Paid,Referred
HP100693,21-08-2021,01-09-2021,Kavya Kulkarni,81,Male,O+,General Medicine,Dr. Meena Shah,Infection,Medication,103,Observation,Government Insurance,142968.35,Partial,Discharged
HP100694,27-11-2026,12-12-2026,Sneha Shetty,24,Male,O-,Orthopedics,Dr. Priya Desai,Infection,Routine Treatment,110,ICU Admission,Government Insurance,135081.2,Pending,Discharged
HP100695,15-03-2024,24-03-2024,Rohan Reddy,77,Female,B+,Gynecology,Dr. Neha Shah,Hypertension,Medication,306,Post-Operative Admission,Private Insurance,134764.91,Paid,Discharged
HP100696,29-11-2026,14-12-2026,Kiran Gupta,17,Female,B+,Gynecology,Dr. Manish Gupta,Pregnancy Care,Routine Treatment,316,Readmission,Corporate Insurance,40588.82,Paid,Discharged
HP100697,21-04-2021,03-05-2021,Diya Nayak,78,Female,O-,Oncology,Dr. Neha Shah,Chest Pain,Physiotherapy,404,Trauma / Accident,Government Insurance,38519.48,Paid,Under Treatment
HP100698,02-02-2025,11-02-2025,Ananya Joshi,83,Female,A+,Dermatology,Dr. Manish Gupta,Migraine,Physiotherapy,218,Elective Admission,Government Insurance,122366.35,Paid,Discharged
HP100699,13-09-2026,15-09-2026,Vikram Verma,26,Male,A+,Emergency,Dr. Asha Nair,Chest Pain,Observation,305,Emergency,Government Insurance,76250.78,Pending,Admitted
HP100700,15-09-2022,23-09-2022,Kiran Desai,3,Male,B-,Oncology,Dr. Raj Malhotra,Infection,IV Therapy,518,Scheduled / Planned,Self Pay,141635.32,Partial,Discharged
HP100701,22-03-2025,01-04-2025,Aditya Sharma,2,Male,AB-,Emergency,Dr. Meena Shah,Asthma,Emergency Care,205,OPD,Private Insurance,135102.51,Paid,Discharged
HP100702,29-07-2024,09-08-2024,Priya Verma,2,Female,B+,Dermatology,Dr. Anil Rao,Fever,Emergency Care,519,Referral,Government Insurance,134510.85,Paid,Discharged
HP100703,28-10-2025,09-11-2025,Rohan Verma,22,Male,AB+,Cardiology,Dr. Sameer Khan,Asthma,Routine Treatment,219,Transfer from Another Hospital,Government Insurance,52287.36,Partial,Discharged
HP100704,30-05-2026,04-06-2026,Diya Joshi,71,Female,O-,Orthopedics,Dr. Sameer Khan,Stroke,Medication,305,Direct Admission,Private Insurance,24270.82,Paid,Discharged
HP100705,27-05-2023,31-05-2023,Vivaan Sharma,4,Other,AB-,Pediatrics,Dr. Neha Shah,Chest Pain,Routine Treatment,413,Day Care,Self Pay,103301.86,Paid,Discharged
HP100706,13-06-2026,23-06-2026,Rohan Reddy,38,Male,O+,Oncology,Dr. Suresh Patil,Hypertension,Observation,407,Maternity / Obstetric,Corporate Insurance,68883.64,Paid,Discharged
HP100707,05-08-2024,10-08-2024,Priya Nayak,84,Male,O-,Gynecology,Dr. Manish Gupta,Fever,Chemotherapy,214,Surgical Admission,Corporate Insurance,140421.66,Paid,Discharged
HP100708,31-12-2024,04-01-2025,Kiran Joshi,70,Male,B-,Gynecology,Dr. Raj Malhotra,Skin Infection,Emergency Care,105,Observation,Private Insurance,128809.98,Paid,Under Treatment
HP100709,30-09-2025,08-10-2025,Rahul Joshi,73,Male,O-,Pediatrics,Dr. Kiran Shetty,Fracture,Routine Treatment,412,ICU Admission,Government Insurance,139680.21,Paid,Referred
HP100710,25-05-2025,29-05-2025,Neha Shetty,52,Male,O+,Gynecology,Dr. Kiran Shetty,Heart Disease,Surgery,417,Post-Operative Admission,Government Insurance,87340.61,Partial,Discharged
HP100711,07-03-2025,20-03-2025,Sneha Sharma,31,Female,A+,Emergency,Dr. Sameer Khan,Arthritis,Surgery,110,Readmission,Corporate Insurance,81303.02,Paid,Admitted
HP100712,19-06-2025,29-06-2025,Neha Gupta,26,Male,O+,Cardiology,Dr. Suresh Patil,Pregnancy Care,Chemotherapy,301,Trauma / Accident,Corporate Insurance,127827.12,Paid,Admitted
HP100713,06-03-2024,18-03-2024,Sneha Gupta,36,Male,B+,Cardiology,Dr. Sameer Khan,Infection,Routine Treatment,319,Elective Admission,Private Insurance,79224.05,Paid,Under Treatment
HP100714,29-01-2023,11-02-2023,Arjun Shetty,26,Male,A+,Emergency,Dr. Manish Gupta,Cancer,IV Therapy,307,Emergency,Self Pay,135504.18,Paid,Discharged
HP100715,31-08-2021,14-09-2021,Ananya Desai,28,Female,O-,ENT,Dr. Raj Malhotra,Chest Pain,Chemotherapy,309,Scheduled / Planned,Private Insurance,9992.11,Pending,Discharged
HP100716,30-11-2023,06-12-2023,Ananya Desai,5,Female,AB-,Emergency,Dr. Neha Shah,Heart Disease,Radiation Therapy,414,OPD,Private Insurance,57024.48,Paid,Discharged
HP100717,17-08-2021,19-08-2021,Priya Shetty,74,Female,A-,Dermatology,Dr. Anil Rao,Migraine,Radiation Therapy,113,Referral,Private Insurance,126050.88,Pending,Discharged
HP100718,09-07-2023,14-07-2023,Diya Joshi,18,Female,A+,Oncology,Dr. Anil Rao,Fever,Observation,502,Transfer from Another Hospital,Self Pay,35442.84,Paid,Discharged
HP100719,31-05-2024,06-06-2024,Rohan Desai,15,Female,A+,Gynecology,Dr. Raj Malhotra,Migraine,Chemotherapy,311,Direct Admission,Private Insurance,62850.21,Paid,Under Treatment
HP100720,06-01-2021,11-01-2021,Priya Verma,57,Male,B-,Emergency,Dr. Priya Desai,Pregnancy Care,Medication,502,Day Care,Private Insurance,6456.18,Paid,Under Treatment
HP100721,13-04-2022,25-04-2022,Pooja Verma,5,Male,A-,Neurology,Dr. Sameer Khan,Chest Pain,Observation,413,Maternity / Obstetric,Private Insurance,48749.13,Paid,Discharged
HP100722,22-10-2025,24-10-2025,Arjun Patil,37,Male,AB-,General Medicine,Dr. Meena Shah,Arthritis,IV Therapy,403,Surgical Admission,Government Insurance,51202.51,Partial,Discharged
HP100723,16-03-2021,30-03-2021,Isha Kulkarni,22,Female,O-,Neurology,Dr. Anil Rao,Pregnancy Care,Chemotherapy,512,Observation,Self Pay,111219.14,Pending,Discharged
HP100724,04-01-2021,11-01-2021,Aisha Desai,52,Male,AB+,Gynecology,Dr. Asha Nair,Arthritis,Emergency Care,218,ICU Admission,Government Insurance,103213.22,Partial,Discharged
HP100725,14-02-2026,18-02-2026,Rahul Desai,15,Male,AB+,Cardiology,Dr. Sameer Khan,Cancer,Observation,107,Post-Operative Admission,Government Insurance,69518.83,Paid,Discharged
HP100726,08-10-2022,16-10-2022,Aisha Desai,17,Female,O-,Dermatology,Dr. Kiran Shetty,Cancer,Physiotherapy,513,Readmission,Corporate Insurance,110632.96,Pending,Discharged
HP100727,28-04-2021,05-05-2021,Ananya Joshi,51,Female,AB+,Dermatology,Dr. Neha Shah,Pregnancy Care,Emergency Care,519,Trauma / Accident,Private Insurance,67108.57,Partial,Discharged
HP100728,18-06-2025,25-06-2025,Aisha Kulkarni,45,Female,B+,Dermatology,Dr. Kiran Shetty,Asthma,IV Therapy,316,Elective Admission,Government Insurance,68018.56,Paid,Discharged
HP100729,15-07-2026,24-07-2026,Aditya Verma,63,Male,AB+,General Medicine,Dr. Manish Gupta,Migraine,Physiotherapy,314,Emergency,Private Insurance,98605.39,Paid,Under Treatment
HP100730,05-08-2023,06-08-2023,Arjun Sharma,28,Female,B+,ENT,Dr. Anil Rao,Chest Pain,Observation,506,Scheduled / Planned,Private Insurance,109818.05,Paid,Discharged
HP100731,04-01-2025,14-01-2025,Meera Shetty,59,Female,AB-,Pediatrics,Dr. Raj Malhotra,Fracture,Surgery,116,OPD,Private Insurance,127801.13,Paid,Discharged
HP100732,13-07-2021,19-07-2021,Vivaan Verma,21,Male,AB-,Neurology,Dr. Suresh Patil,Skin Infection,Routine Treatment,209,Referral,Government Insurance,113953.37,Paid,Under Treatment
HP100733,27-04-2023,03-05-2023,Ananya Desai,42,Female,A+,Pediatrics,Dr. Sneha Rao,Cancer,Chemotherapy,514,Transfer from Another Hospital,Corporate Insurance,102195.7,Paid,Discharged
HP100734,16-11-2024,22-11-2024,Neha Kulkarni,81,Female,O-,Oncology,Dr. Kiran Shetty,Migraine,Physiotherapy,220,Direct Admission,Self Pay,86414.24,Paid,Discharged
HP100735,29-12-2024,11-01-2025,Aditya Reddy,69,Male,AB+,Emergency,Dr. Kavita Nair,Pregnancy Care,Radiation Therapy,512,Day Care,Corporate Insurance,49675.75,Paid,Discharged
HP100736,27-07-2025,08-08-2025,Arjun Nayak,82,Male,B-,Oncology,Dr. Priya Desai,Fracture,Radiation Therapy,411,Maternity / Obstetric,Private Insurance,42857.16,Pending,Discharged
HP100737,04-12-2024,10-12-2024,Kavya Desai,17,Male,AB-,Cardiology,Dr. Anil Rao,Fever,Medication,310,Surgical Admission,Corporate Insurance,127271.4,Paid,Discharged
HP100738,16-02-2024,28-02-2024,Aarav Verma,68,Male,A-,Neurology,Dr. Kavita Nair,Cancer,IV Therapy,203,Observation,Corporate Insurance,109014.92,Pending,Admitted
HP100739,16-12-2025,26-12-2025,Meera Reddy,7,Female,A-,Oncology,Dr. Asha Nair,Stroke,IV Therapy,214,ICU Admission,Corporate Insurance,101484.72,Pending,Discharged
HP100740,25-12-2022,01-01-2023,Aarav Kulkarni,40,Male,O-,ENT,Dr. Suresh Patil,Sinusitis,Physiotherapy,105,Post-Operative Admission,Self Pay,42531.42,Paid,Discharged
HP100741,13-08-2021,27-08-2021,Neha Gupta,40,Female,O-,Pediatrics,Dr. Asha Nair,Stroke,Surgery,114,Readmission,Corporate Insurance,145620.65,Paid,Discharged
HP100742,16-06-2022,26-06-2022,Diya Nayak,43,Female,AB-,Emergency,Dr. Manish Gupta,Hypertension,Medication,315,Trauma / Accident,Self Pay,16790.39,Pending,Referred
HP100743,23-04-2021,29-04-2021,Sneha Verma,73,Female,A+,Gynecology,Dr. Anil Rao,Stroke,Observation,417,Elective Admission,Government Insurance,126546.71,Paid,Admitted
HP100744,28-12-2026,29-12-2026,Neha Verma,83,Male,O-,ENT,Dr. Kiran Shetty,Migraine,Surgery,217,Emergency,Corporate Insurance,35563.13,Paid,Discharged
HP100745,13-07-2022,16-07-2022,Diya Joshi,51,Male,O+,Cardiology,Dr. Neha Shah,Pregnancy Care,IV Therapy,307,Scheduled / Planned,Private Insurance,61878.13,Paid,Discharged
HP100746,11-08-2026,13-08-2026,Ananya Shetty,73,Male,A-,Emergency,Dr. Kavita Nair,Diabetes,Surgery,205,OPD,Government Insurance,67042.52,Pending,Under Treatment
HP100747,08-11-2026,14-11-2026,Aarav Patil,23,Male,O-,Emergency,Dr. Neha Shah,Infection,Medication,216,Referral,Self Pay,101091.68,Paid,Discharged
HP100748,16-10-2022,24-10-2022,Isha Nayak,32,Male,A-,Orthopedics,Dr. Asha Nair,Migraine,Routine Treatment,511,Transfer from Another Hospital,Self Pay,84266.04,Paid,Discharged
HP100749,16-11-2021,19-11-2021,Rahul Gupta,31,Female,O+,Cardiology,Dr. Asha Nair,Sinusitis,Surgery,306,Direct Admission,Corporate Insurance,31982.18,Paid,Discharged
HP100750,23-04-2025,03-05-2025,Neha Desai,17,Male,A+,ENT,Dr. Manish Gupta,Diabetes,Observation,501,Day Care,Self Pay,9352.39,Pending,Discharged
HP100751,03-01-2026,11-01-2026,Aarav Verma,58,Female,O+,ENT,Dr. Meena Shah,Asthma,Physiotherapy,118,Maternity / Obstetric,Corporate Insurance,108995.94,Partial,Discharged
HP100752,02-04-2026,10-04-2026,Aditya Kulkarni,35,Male,A+,Emergency,Dr. Raj Malhotra,Migraine,Medication,319,Surgical Admission,Private Insurance,78213.83,Pending,Admitted
HP100753,19-05-2021,24-05-2021,Aisha Joshi,30,Female,A+,Gynecology,Dr. Kiran Shetty,Diabetes,Radiation Therapy,220,Observation,Private Insurance,57458.95,Paid,Discharged
HP100754,20-07-2026,28-07-2026,Vivaan Verma,64,Female,B-,Emergency,Dr. Neha Shah,Hypertension,Surgery,308,ICU Admission,Government Insurance,46258.2,Paid,Discharged
HP100755,21-06-2023,27-06-2023,Kiran Nayak,53,Male,A+,Oncology,Dr. Raj Malhotra,Diabetes,Radiation Therapy,411,Post-Operative Admission,Self Pay,124341.43,Paid,Referred
HP100756,21-11-2022,26-11-2022,Neha Gupta,51,Female,A+,Emergency,Dr. Asha Nair,Hypertension,Medication,504,Readmission,Private Insurance,120352.03,Paid,Admitted
HP100757,02-08-2026,11-08-2026,Aarav Reddy,37,Female,A+,General Medicine,Dr. Suresh Patil,Skin Infection,Emergency Care,506,Trauma / Accident,Self Pay,124777.3,Paid,Discharged
HP100758,10-01-2021,24-01-2021,Kavya Kulkarni,6,Female,AB-,Pediatrics,Dr. Sneha Rao,Skin Infection,Observation,502,Elective Admission,Private Insurance,36770.22,Partial,Discharged
HP100759,18-09-2021,25-09-2021,Priya Kulkarni,34,Female,O-,Gynecology,Dr. Kavita Nair,Fever,Physiotherapy,106,Emergency,Government Insurance,128534.19,Paid,Discharged
HP100760,27-04-2026,05-05-2026,Diya Gupta,56,Male,O-,Gynecology,Dr. Asha Nair,Heart Disease,Medication,204,Scheduled / Planned,Corporate Insurance,147903.3,Partial,Discharged
HP100761,01-08-2025,02-08-2025,Kavya Desai,25,Male,AB+,Oncology,Dr. Kavita Nair,Fever,Medication,201,OPD,Corporate Insurance,91877.14,Pending,Discharged
HP100762,23-08-2026,03-09-2026,Arjun Verma,13,Male,AB-,Neurology,Dr. Suresh Patil,Pregnancy Care,Chemotherapy,514,Referral,Self Pay,11839.8,Paid,Discharged
HP100763,06-04-2024,08-04-2024,Meera Patil,63,Female,AB+,General Medicine,Dr. Anil Rao,Skin Infection,Emergency Care,413,Transfer from Another Hospital,Private Insurance,106828.48,Paid,Discharged
HP100764,08-06-2025,16-06-2025,Rohan Shetty,66,Other,B-,Emergency,Dr. Kiran Shetty,Hypertension,Physiotherapy,114,Direct Admission,Government Insurance,83025.5,Pending,Discharged
HP100765,17-11-2021,29-11-2021,Aarav Gupta,5,Female,B-,Dermatology,Dr. Asha Nair,Chest Pain,Surgery,214,Day Care,Government Insurance,108246.86,Paid,Discharged
HP100766,04-09-2024,13-09-2024,Sneha Desai,75,Male,O-,Emergency,Dr. Sneha Rao,Skin Infection,Physiotherapy,117,Maternity / Obstetric,Corporate Insurance,32294.13,Partial,Referred
HP100767,25-06-2025,29-06-2025,Priya Kulkarni,11,Female,O-,Gynecology,Dr. Sameer Khan,Chest Pain,Radiation Therapy,420,Surgical Admission,Private Insurance,92840.83,Paid,Discharged
HP100768,18-06-2026,30-06-2026,Sneha Patil,78,Female,A-,Dermatology,Dr. Suresh Patil,Stroke,Chemotherapy,518,Observation,Government Insurance,83183.18,Paid,Discharged
HP100769,28-04-2026,08-05-2026,Vivaan Verma,44,Male,O+,Emergency,Dr. Priya Desai,Arthritis,Chemotherapy,420,ICU Admission,Private Insurance,92361.16,Pending,Discharged
HP100770,01-08-2026,12-08-2026,Arjun Joshi,85,Male,O+,General Medicine,Dr. Anil Rao,Migraine,IV Therapy,308,Post-Operative Admission,Self Pay,110523.39,Pending,Under Treatment
HP100771,24-01-2024,03-02-2024,Pooja Gupta,69,Male,AB-,Emergency,Dr. Asha Nair,Fracture,Physiotherapy,209,Readmission,Government Insurance,83911.43,Pending,Discharged
HP100772,24-05-2025,07-06-2025,Kavya Patil,2,Female,AB+,Orthopedics,Dr. Neha Shah,Migraine,Medication,220,Trauma / Accident,Self Pay,51662.51,Paid,Discharged
HP100773,24-08-2021,02-09-2021,Aditya Kulkarni,40,Female,B-,ENT,Dr. Sameer Khan,Asthma,Medication,207,Elective Admission,Corporate Insurance,49805.55,Paid,Discharged
HP100774,24-05-2026,28-05-2026,Rahul Kulkarni,37,Male,B-,Orthopedics,Dr. Suresh Patil,Asthma,Emergency Care,301,Emergency,Corporate Insurance,105782.75,Paid,Referred
HP100775,30-11-2021,10-12-2021,Vikram Gupta,49,Male,O-,Orthopedics,Dr. Kiran Shetty,Pregnancy Care,Observation,506,Scheduled / Planned,Private Insurance,101258.53,Pending,Discharged
HP100776,24-03-2026,03-04-2026,Aditya Reddy,75,Female,AB-,Orthopedics,Dr. Sneha Rao,Fracture,Chemotherapy,412,OPD,Self Pay,66190.39,Pending,Referred
HP100777,11-01-2022,21-01-2022,Neha Shetty,36,Female,A-,Emergency,Dr. Kiran Shetty,Pregnancy Care,Medication,514,Referral,Corporate Insurance,56263.16,Pending,Admitted
HP100778,06-03-2024,15-03-2024,Aisha Kulkarni,75,Female,O-,Oncology,Dr. Kavita Nair,Asthma,Emergency Care,420,Transfer from Another Hospital,Corporate Insurance,94918.54,Pending,Discharged
HP100779,20-04-2025,01-05-2025,Diya Joshi,73,Female,O-,Orthopedics,Dr. Priya Desai,Stroke,Chemotherapy,520,Direct Admission,Government Insurance,50263.3,Paid,Discharged
HP100780,12-08-2024,19-08-2024,Vivaan Kulkarni,70,Male,A+,Gynecology,Dr. Meena Shah,Fracture,Medication,102,Day Care,Government Insurance,144673.36,Pending,Discharged
HP100781,30-01-2026,01-02-2026,Kiran Shetty,34,Female,B+,General Medicine,Dr. Kavita Nair,Fracture,Surgery,104,Maternity / Obstetric,Government Insurance,91488.95,Partial,Discharged
HP100782,04-10-2024,13-10-2024,Pooja Gupta,58,Male,A-,Neurology,Dr. Suresh Patil,Sinusitis,Routine Treatment,415,Surgical Admission,Government Insurance,90831.68,Paid,Under Treatment
HP100783,23-05-2023,27-05-2023,Meera Kulkarni,37,Female,O+,Orthopedics,Dr. Neha Shah,Cancer,Routine Treatment,412,Observation,Private Insurance,24768.34,Pending,Discharged
HP100784,06-06-2024,14-06-2024,Rohan Shetty,60,Male,O-,Pediatrics,Dr. Neha Shah,Asthma,Emergency Care,510,ICU Admission,Self Pay,93398.95,Paid,Admitted
HP100785,26-01-2026,09-02-2026,Kavya Sharma,12,Female,O+,Oncology,Dr. Asha Nair,Heart Disease,Observation,515,Post-Operative Admission,Private Insurance,47764.14,Paid,Discharged
HP100786,07-08-2024,14-08-2024,Aisha Kulkarni,32,Male,B+,General Medicine,Dr. Manish Gupta,Diabetes,Chemotherapy,401,Readmission,Government Insurance,70515.26,Paid,Discharged
HP100787,26-12-2022,08-01-2023,Arjun Reddy,81,Female,A-,Pediatrics,Dr. Kavita Nair,Fracture,IV Therapy,119,Trauma / Accident,Self Pay,83038.91,Paid,Under Treatment
HP100788,15-08-2026,30-08-2026,Rohan Shetty,4,Male,A-,Cardiology,Dr. Priya Desai,Hypertension,Physiotherapy,211,Elective Admission,Corporate Insurance,74302.98,Pending,Under Treatment
HP100789,19-03-2021,26-03-2021,Vivaan Sharma,33,Male,A+,General Medicine,Dr. Sneha Rao,Hypertension,Observation,511,Emergency,Government Insurance,122362.02,Paid,Discharged
HP100790,12-05-2021,20-05-2021,Sneha Gupta,43,Female,B-,Oncology,Dr. Anil Rao,Sinusitis,Surgery,314,Scheduled / Planned,Self Pay,19422.18,Partial,Referred
HP100791,24-08-2022,25-08-2022,Vikram Sharma,9,Male,AB+,Orthopedics,Dr. Anil Rao,Stroke,Emergency Care,101,OPD,Self Pay,29262.69,Partial,Discharged
HP100792,08-11-2025,13-11-2025,Sneha Patil,51,Female,A-,Neurology,Dr. Kavita Nair,Stroke,Physiotherapy,318,Referral,Government Insurance,27763.55,Partial,Discharged
HP100793,02-12-2023,04-12-2023,Diya Reddy,20,Female,A+,Dermatology,Dr. Raj Malhotra,Stroke,Chemotherapy,104,Transfer from Another Hospital,Private Insurance,123440.84,Paid,Discharged
HP100794,07-11-2026,09-11-2026,Meera Gupta,39,Female,O+,Oncology,Dr. Kiran Shetty,Asthma,Observation,101,Direct Admission,Government Insurance,22142.52,Paid,Discharged
HP100795,07-02-2026,22-02-2026,Aditya Shetty,23,Female,B+,Emergency,Dr. Kavita Nair,Fracture,Radiation Therapy,202,Day Care,Self Pay,145859.15,Paid,Discharged
HP100796,11-08-2024,12-08-2024,Sneha Nayak,41,Female,AB-,Cardiology,Dr. Neha Shah,Heart Disease,Medication,112,Maternity / Obstetric,Private Insurance,145528.97,Partial,Discharged
HP100797,08-09-2022,13-09-2022,Sneha Kulkarni,44,Female,O+,Dermatology,Dr. Meena Shah,Cancer,Routine Treatment,419,Surgical Admission,Private Insurance,148813.4,Paid,Discharged
HP100798,04-03-2026,06-03-2026,Meera Verma,35,Female,O-,Cardiology,Dr. Kavita Nair,Infection,Physiotherapy,301,Observation,Private Insurance,147054.93,Paid,Discharged
HP100799,13-11-2023,17-11-2023,Diya Reddy,23,Male,AB-,Pediatrics,Dr. Sneha Rao,Migraine,Physiotherapy,109,ICU Admission,Private Insurance,26607.86,Paid,Discharged
HP100800,29-07-2022,01-08-2022,Rahul Verma,58,Male,B-,Cardiology,Dr. Meena Shah,Stroke,IV Therapy,413,Post-Operative Admission,Self Pay,100325.52,Partial,Discharged
HP100801,31-12-2026,03-01-2027,Aarav Reddy,48,Female,AB-,Orthopedics,Dr. Asha Nair,Skin Infection,Medication,319,Readmission,Self Pay,62955.1,Partial,Under Treatment
HP100802,20-09-2023,22-09-2023,Sneha Desai,58,Male,A-,ENT,Dr. Kiran Shetty,Infection,Physiotherapy,517,Trauma / Accident,Government Insurance,111114.37,Paid,Discharged
HP100803,02-06-2024,15-06-2024,Kavya Reddy,57,Male,B+,General Medicine,Dr. Kavita Nair,Fracture,Observation,320,Elective Admission,Self Pay,63858.1,Paid,Discharged
HP100804,18-05-2022,24-05-2022,Priya Nayak,39,Male,A-,Cardiology,Dr. Neha Shah,Fracture,Surgery,519,Emergency,Government Insurance,60569.6,Paid,Discharged
HP100805,21-06-2026,23-06-2026,Rohan Patil,28,Male,AB-,Cardiology,Dr. Anil Rao,Chest Pain,Emergency Care,409,Scheduled / Planned,Corporate Insurance,136072.91,Pending,Referred
HP100806,01-04-2023,15-04-2023,Sneha Patil,64,Female,AB+,ENT,Dr. Sneha Rao,Hypertension,Observation,319,OPD,Self Pay,76709.27,Paid,Discharged
HP100807,22-11-2026,06-12-2026,Pooja Desai,62,Female,O+,ENT,Dr. Anil Rao,Arthritis,Medication,101,Referral,Government Insurance,112264.94,Paid,Discharged
HP100808,25-05-2026,02-06-2026,Aditya Gupta,83,Other,O-,General Medicine,Dr. Sameer Khan,Skin Infection,Physiotherapy,114,Transfer from Another Hospital,Private Insurance,99237.99,Pending,Discharged
HP100809,17-07-2021,25-07-2021,Vikram Shetty,62,Female,AB-,General Medicine,Dr. Kiran Shetty,Fever,Chemotherapy,402,Direct Admission,Private Insurance,100367.73,Paid,Discharged
HP100810,28-07-2025,10-08-2025,Aarav Desai,85,Male,O-,Oncology,Dr. Sameer Khan,Fracture,Physiotherapy,305,Day Care,Self Pay,55622.06,Pending,Discharged
HP100811,17-04-2024,01-05-2024,Pooja Verma,85,Male,AB+,Neurology,Dr. Neha Shah,Cancer,Emergency Care,314,Maternity / Obstetric,Corporate Insurance,41605.01,Paid,Discharged
HP100812,11-01-2025,23-01-2025,Arjun Sharma,26,Male,AB-,Neurology,Dr. Manish Gupta,Arthritis,Emergency Care,205,Surgical Admission,Private Insurance,133387.57,Pending,Discharged
HP100813,05-07-2025,10-07-2025,Vivaan Sharma,51,Female,B-,Gynecology,Dr. Kiran Shetty,Migraine,Medication,302,Observation,Government Insurance,8565.53,Pending,Discharged
HP100814,20-08-2025,30-08-2025,Sneha Kulkarni,50,Male,B+,ENT,Dr. Manish Gupta,Pregnancy Care,Surgery,118,ICU Admission,Government Insurance,30074.21,Paid,Discharged
HP100815,05-08-2024,12-08-2024,Meera Joshi,36,Male,AB+,Dermatology,Dr. Kiran Shetty,Fracture,Emergency Care,302,Post-Operative Admission,Private Insurance,24254.15,Pending,Discharged
HP100816,29-07-2026,02-08-2026,Priya Nayak,26,Female,A+,Dermatology,Dr. Manish Gupta,Pregnancy Care,Surgery,303,Readmission,Private Insurance,142661.13,Pending,Under Treatment
HP100817,23-04-2022,24-04-2022,Diya Nayak,33,Female,B-,Orthopedics,Dr. Anil Rao,Infection,Surgery,218,Trauma / Accident,Private Insurance,5728.82,Partial,Referred
HP100818,08-06-2024,19-06-2024,Vikram Verma,68,Male,A-,Neurology,Dr. Raj Malhotra,Hypertension,Observation,516,Elective Admission,Corporate Insurance,6163.23,Pending,Discharged
HP100819,12-07-2023,14-07-2023,Kiran Patil,73,Male,AB-,Oncology,Dr. Manish Gupta,Skin Infection,Radiation Therapy,511,Emergency,Corporate Insurance,37875.59,Partial,Discharged
HP100820,24-02-2022,06-03-2022,Priya Nayak,8,Female,B+,Dermatology,Dr. Sneha Rao,Hypertension,Emergency Care,512,Scheduled / Planned,Self Pay,45467.68,Paid,Admitted
HP100821,26-01-2024,05-02-2024,Kavya Desai,66,Female,B+,General Medicine,Dr. Anil Rao,Migraine,Radiation Therapy,306,OPD,Government Insurance,86174.57,Paid,Discharged
HP100822,09-08-2023,13-08-2023,Neha Kulkarni,23,Male,AB-,Cardiology,Dr. Suresh Patil,Migraine,Observation,420,Referral,Self Pay,144378.25,Pending,Under Treatment
HP100823,01-07-2024,02-07-2024,Isha Patil,70,Male,A+,Cardiology,Dr. Priya Desai,Sinusitis,Physiotherapy,206,Transfer from Another Hospital,Self Pay,72431.16,Paid,Under Treatment
HP100824,01-02-2026,16-02-2026,Sneha Verma,55,Female,O+,General Medicine,Dr. Raj Malhotra,Arthritis,Chemotherapy,414,Direct Admission,Government Insurance,46873.03,Paid,Discharged
HP100825,01-06-2022,14-06-2022,Arjun Kulkarni,43,Female,O+,Pediatrics,Dr. Priya Desai,Hypertension,Chemotherapy,117,Day Care,Government Insurance,123465.05,Paid,Under Treatment
HP100826,17-07-2025,25-07-2025,Rohan Kulkarni,21,Female,AB+,Pediatrics,Dr. Kavita Nair,Fever,Surgery,401,Maternity / Obstetric,Government Insurance,60938.41,Paid,Discharged
HP100827,09-02-2026,18-02-2026,Neha Kulkarni,22,Female,AB-,Cardiology,Dr. Priya Desai,Fever,Medication,408,Surgical Admission,Self Pay,25553.29,Pending,Discharged
HP100828,16-02-2024,20-02-2024,Vivaan Desai,9,Female,O-,Orthopedics,Dr. Priya Desai,Fracture,Radiation Therapy,412,Observation,Corporate Insurance,120213.99,Paid,Discharged
HP100829,17-04-2026,27-04-2026,Meera Reddy,34,Male,B+,Gynecology,Dr. Kavita Nair,Pregnancy Care,Physiotherapy,103,ICU Admission,Government Insurance,5350.09,Paid,Discharged
HP100830,26-03-2023,29-03-2023,Diya Kulkarni,59,Male,A+,Oncology,Dr. Anil Rao,Stroke,Emergency Care,404,Post-Operative Admission,Private Insurance,34741.65,Paid,Under Treatment
HP100831,16-03-2026,18-03-2026,Arjun Reddy,26,Female,O+,Dermatology,Dr. Raj Malhotra,Chest Pain,Chemotherapy,202,Readmission,Corporate Insurance,97094.3,Paid,Under Treatment
HP100832,25-08-2026,30-08-2026,Pooja Shetty,1,Female,A+,Cardiology,Dr. Sameer Khan,Cancer,Radiation Therapy,509,Trauma / Accident,Corporate Insurance,19857.05,Paid,Discharged
HP100833,26-09-2026,10-10-2026,Neha Desai,5,Female,O+,ENT,Dr. Kiran Shetty,Chest Pain,Emergency Care,320,Elective Admission,Corporate Insurance,42093.65,Pending,Admitted
HP100834,10-05-2021,13-05-2021,Priya Reddy,41,Male,A-,General Medicine,Dr. Sneha Rao,Cancer,Chemotherapy,401,Emergency,Corporate Insurance,62029.13,Pending,Discharged
HP100835,05-04-2021,15-04-2021,Aarav Desai,63,Female,A+,Emergency,Dr. Meena Shah,Skin Infection,IV Therapy,505,Scheduled / Planned,Government Insurance,62480.71,Paid,Under Treatment
HP100836,10-05-2026,17-05-2026,Kavya Desai,22,Male,B-,Gynecology,Dr. Kavita Nair,Migraine,Physiotherapy,215,OPD,Self Pay,146056.43,Paid,Under Treatment
HP100837,05-03-2023,16-03-2023,Isha Verma,68,Female,O-,Cardiology,Dr. Priya Desai,Heart Disease,Surgery,105,Referral,Private Insurance,102954.13,Paid,Discharged
HP100838,09-01-2026,15-01-2026,Meera Desai,48,Male,B+,Neurology,Dr. Suresh Patil,Arthritis,Chemotherapy,310,Transfer from Another Hospital,Private Insurance,10368.11,Partial,Discharged
HP100839,18-10-2026,19-10-2026,Kiran Reddy,66,Female,B-,Orthopedics,Dr. Priya Desai,Chest Pain,Radiation Therapy,214,Direct Admission,Self Pay,37095.79,Partial,Discharged
HP100840,11-08-2025,23-08-2025,Sneha Shetty,16,Female,O+,Neurology,Dr. Suresh Patil,Diabetes,Radiation Therapy,505,Day Care,Self Pay,94382.5,Partial,Referred
HP100841,11-01-2021,19-01-2021,Rahul Desai,80,Male,A+,Oncology,Dr. Neha Shah,Pregnancy Care,Physiotherapy,102,Maternity / Obstetric,Corporate Insurance,108446.31,Paid,Discharged
HP100842,09-02-2026,11-02-2026,Pooja Gupta,53,Male,A+,Dermatology,Dr. Sameer Khan,Fever,Surgery,218,Surgical Admission,Government Insurance,60186.46,Paid,Discharged
HP100843,13-12-2022,18-12-2022,Rohan Verma,65,Female,O-,Cardiology,Dr. Manish Gupta,Sinusitis,Routine Treatment,517,Observation,Private Insurance,129202.9,Pending,Discharged
HP100844,02-09-2026,11-09-2026,Isha Nayak,79,Female,B-,Emergency,Dr. Meena Shah,Chest Pain,Emergency Care,305,ICU Admission,Corporate Insurance,141797.06,Paid,Discharged
HP100845,26-03-2023,03-04-2023,Isha Gupta,64,Male,A-,Neurology,Dr. Kavita Nair,Migraine,Physiotherapy,506,Post-Operative Admission,Corporate Insurance,94039.04,Partial,Discharged
HP100846,12-12-2021,14-12-2021,Kavya Kulkarni,68,Male,A+,General Medicine,Dr. Anil Rao,Chest Pain,IV Therapy,316,Readmission,Government Insurance,86546.5,Paid,Discharged
HP100847,29-12-2021,07-01-2022,Neha Nayak,63,Male,B-,ENT,Dr. Manish Gupta,Arthritis,Medication,516,Trauma / Accident,Private Insurance,113866.79,Pending,Admitted
HP100848,29-12-2026,03-01-2027,Diya Kulkarni,62,Female,B-,Orthopedics,Dr. Sneha Rao,Arthritis,Surgery,109,Elective Admission,Self Pay,118396.35,Paid,Discharged
HP100849,12-09-2023,22-09-2023,Aditya Gupta,82,Male,O-,Emergency,Dr. Anil Rao,Fever,Routine Treatment,102,Emergency,Corporate Insurance,36238.07,Paid,Discharged
HP100850,28-06-2025,12-07-2025,Rohan Sharma,81,Male,B+,Dermatology,Dr. Priya Desai,Asthma,Physiotherapy,317,Scheduled / Planned,Private Insurance,75117.63,Pending,Under Treatment
HP100851,08-04-2023,14-04-2023,Rahul Gupta,71,Female,A-,Oncology,Dr. Kiran Shetty,Stroke,Radiation Therapy,502,OPD,Private Insurance,69877.74,Paid,Discharged
HP100852,22-12-2021,04-01-2022,Pooja Nayak,45,Female,AB+,Orthopedics,Dr. Kiran Shetty,Infection,Radiation Therapy,301,Referral,Corporate Insurance,141512.68,Paid,Admitted
HP100853,09-09-2024,12-09-2024,Vivaan Joshi,52,Male,B-,Orthopedics,Dr. Neha Shah,Stroke,IV Therapy,106,Emergency,Private Insurance,21206.06,Partial,Discharged
HP100854,07-02-2026,20-02-2026,Neha Patil,74,Other,O-,Pediatrics,Dr. Meena Shah,Fracture,Radiation Therapy,308,Scheduled / Planned,Government Insurance,141803.22,Paid,Under Treatment
HP100855,07-05-2021,10-05-2021,Aarav Gupta,65,Female,O-,Pediatrics,Dr. Anil Rao,Cancer,Surgery,512,OPD,Private Insurance,88026.21,Pending,Discharged
HP100856,27-08-2022,06-09-2022,Sneha Nayak,2,Female,B+,Oncology,Dr. Manish Gupta,Fracture,Surgery,115,Referral,Government Insurance,46767.68,Partial,Discharged
HP100857,13-04-2026,21-04-2026,Rahul Shetty,49,Male,AB+,Pediatrics,Dr. Sameer Khan,Fracture,Observation,515,Transfer from Another Hospital,Corporate Insurance,131054.8,Paid,Discharged
HP100858,11-10-2023,22-10-2023,Aisha Reddy,22,Female,O-,Emergency,Dr. Sameer Khan,Chest Pain,Radiation Therapy,215,Direct Admission,Private Insurance,12311.61,Pending,Discharged
HP100859,20-02-2021,02-03-2021,Isha Nayak,29,Male,O-,Emergency,Dr. Sameer Khan,Infection,Surgery,403,Day Care,Government Insurance,51246.33,Partial,Under Treatment
HP100860,01-12-2024,11-12-2024,Isha Desai,35,Male,B+,Gynecology,Dr. Kiran Shetty,Diabetes,Observation,207,Maternity / Obstetric,Government Insurance,114117.81,Paid,Under Treatment
HP100861,28-11-2025,13-12-2025,Ananya Nayak,81,Male,B+,Dermatology,Dr. Raj Malhotra,Migraine,Radiation Therapy,210,Surgical Admission,Private Insurance,125015.3,Partial,Discharged
HP100862,25-06-2025,07-07-2025,Vivaan Shetty,76,Female,AB-,Oncology,Dr. Priya Desai,Migraine,Physiotherapy,502,Observation,Corporate Insurance,29287.19,Paid,Discharged
HP100863,04-07-2025,06-07-2025,Pooja Shetty,24,Female,A-,ENT,Dr. Sneha Rao,Infection,Radiation Therapy,409,ICU Admission,Self Pay,141556.56,Paid,Under Treatment
HP100864,20-04-2024,01-05-2024,Isha Sharma,30,Female,A+,Emergency,Dr. Sameer Khan,Chest Pain,Surgery,112,Post-Operative Admission,Self Pay,12789.76,Partial,Discharged
HP100865,29-01-2026,10-02-2026,Aarav Joshi,84,Male,A-,Gynecology,Dr. Asha Nair,Pregnancy Care,Medication,403,Readmission,Private Insurance,67865.46,Paid,Referred
HP100866,21-07-2022,02-08-2022,Neha Joshi,42,Female,AB+,ENT,Dr. Kavita Nair,Sinusitis,Emergency Care,517,Trauma / Accident,Private Insurance,19129.88,Paid,Under Treatment
HP100867,25-07-2023,27-07-2023,Kiran Kulkarni,71,Female,AB-,Neurology,Dr. Asha Nair,Asthma,Radiation Therapy,410,Elective Admission,Self Pay,19166.17,Paid,Discharged
HP100868,19-04-2026,02-05-2026,Kiran Nayak,50,Male,O-,Oncology,Dr. Sneha Rao,Pregnancy Care,Routine Treatment,109,Emergency,Corporate Insurance,137515.3,Paid,Discharged
HP100869,25-08-2024,30-08-2024,Rahul Nayak,71,Female,A-,ENT,Dr. Sameer Khan,Skin Infection,Radiation Therapy,208,Scheduled / Planned,Government Insurance,136074.93,Paid,Under Treatment
HP100870,21-07-2021,27-07-2021,Vikram Shetty,60,Male,O-,Neurology,Dr. Asha Nair,Heart Disease,Surgery,314,OPD,Self Pay,94212.46,Paid,Admitted
HP100871,27-04-2021,09-05-2021,Rahul Gupta,30,Female,A+,ENT,Dr. Suresh Patil,Cancer,Medication,313,Referral,Corporate Insurance,145111.86,Paid,Discharged
HP100872,26-07-2023,28-07-2023,Pooja Reddy,12,Male,A-,Neurology,Dr. Kiran Shetty,Asthma,Chemotherapy,109,Transfer from Another Hospital,Self Pay,76202.73,Paid,Under Treatment
HP100873,29-07-2022,13-08-2022,Aarav Desai,49,Female,A-,Orthopedics,Dr. Sneha Rao,Sinusitis,Chemotherapy,305,Direct Admission,Corporate Insurance,118514.05,Pending,Discharged
HP100874,21-06-2022,26-06-2022,Sneha Nayak,82,Female,A-,Dermatology,Dr. Kavita Nair,Migraine,Physiotherapy,511,Day Care,Self Pay,19104.06,Paid,Discharged
HP100875,14-06-2025,21-06-2025,Rahul Patil,46,Other,B-,Emergency,Dr. Anil Rao,Diabetes,Emergency Care,306,Maternity / Obstetric,Corporate Insurance,62364.54,Paid,Under Treatment
HP100876,24-10-2026,03-11-2026,Kavya Shetty,43,Male,B-,Orthopedics,Dr. Raj Malhotra,Skin Infection,Chemotherapy,216,Surgical Admission,Corporate Insurance,79688.33,Paid,Discharged
HP100877,21-01-2022,31-01-2022,Kavya Desai,2,Male,A-,Pediatrics,Dr. Manish Gupta,Asthma,Routine Treatment,505,Observation,Corporate Insurance,117831.69,Pending,Discharged
HP100878,20-04-2022,28-04-2022,Vikram Desai,75,Male,A+,Emergency,Dr. Kiran Shetty,Infection,Medication,219,ICU Admission,Government Insurance,53499.8,Pending,Under Treatment
HP100879,22-02-2022,06-03-2022,Meera Verma,80,Female,O-,Dermatology,Dr. Neha Shah,Fever,Physiotherapy,210,Post-Operative Admission,Corporate Insurance,147148.77,Paid,Discharged
HP100880,28-07-2023,04-08-2023,Kavya Patil,54,Female,O+,Neurology,Dr. Sameer Khan,Fracture,IV Therapy,403,Readmission,Self Pay,111550.36,Paid,Under Treatment
HP100881,13-08-2023,21-08-2023,Arjun Verma,35,Male,A+,Pediatrics,Dr. Kavita Nair,Pregnancy Care,Physiotherapy,412,Trauma / Accident,Corporate Insurance,82280.35,Paid,Discharged
HP100882,26-05-2023,09-06-2023,Vivaan Joshi,52,Male,A+,Pediatrics,Dr. Suresh Patil,Hypertension,Radiation Therapy,403,Elective Admission,Corporate Insurance,52960.91,Paid,Discharged
HP100883,02-02-2023,14-02-2023,Aisha Desai,33,Female,A+,Emergency,Dr. Raj Malhotra,Fever,Emergency Care,219,Emergency,Private Insurance,98097.06,Partial,Referred
HP100884,17-04-2024,26-04-2024,Diya Patil,85,Female,O-,Neurology,Dr. Manish Gupta,Fracture,Surgery,514,Scheduled / Planned,Corporate Insurance,102594.14,Pending,Discharged
HP100885,20-04-2024,05-05-2024,Diya Desai,84,Male,AB-,Cardiology,Dr. Sameer Khan,Diabetes,Medication,518,OPD,Corporate Insurance,103481.39,Paid,Discharged
HP100886,26-10-2022,31-10-2022,Meera Reddy,72,Male,AB-,General Medicine,Dr. Priya Desai,Heart Disease,IV Therapy,302,Referral,Private Insurance,89998.89,Partial,Under Treatment
HP100887,25-01-2021,07-02-2021,Kavya Shetty,51,Male,B+,General Medicine,Dr. Kavita Nair,Pregnancy Care,Routine Treatment,211,Transfer from Another Hospital,Government Insurance,63070.21,Pending,Discharged
HP100888,14-06-2026,19-06-2026,Meera Verma,26,Female,A-,Cardiology,Dr. Suresh Patil,Infection,Routine Treatment,517,Direct Admission,Corporate Insurance,123415,Pending,Discharged
HP100889,18-04-2024,29-04-2024,Sneha Nayak,62,Female,O+,Oncology,Dr. Sameer Khan,Asthma,Medication,114,Day Care,Private Insurance,42449.71,Partial,Discharged
HP100890,11-12-2022,21-12-2022,Rohan Kulkarni,61,Female,O+,Dermatology,Dr. Sneha Rao,Pregnancy Care,Physiotherapy,416,Maternity / Obstetric,Corporate Insurance,95681.07,Partial,Discharged
HP100891,23-02-2026,27-02-2026,Isha Verma,26,Male,A-,Neurology,Dr. Manish Gupta,Infection,Emergency Care,505,Surgical Admission,Government Insurance,73392.41,Paid,Discharged
HP100892,30-03-2024,12-04-2024,Kiran Gupta,37,Female,B+,Emergency,Dr. Sneha Rao,Skin Infection,IV Therapy,313,Observation,Self Pay,134461.47,Paid,Discharged
HP100893,12-10-2021,21-10-2021,Vikram Reddy,30,Male,A+,Dermatology,Dr. Neha Shah,Fever,Observation,312,ICU Admission,Corporate Insurance,90630.46,Paid,Admitted
HP100894,04-03-2021,09-03-2021,Isha Desai,11,Male,AB+,Dermatology,Dr. Meena Shah,Arthritis,Surgery,317,Post-Operative Admission,Self Pay,129072.28,Paid,Discharged
HP100895,30-09-2023,14-10-2023,Vikram Kulkarni,53,Other,AB+,Cardiology,Dr. Kavita Nair,Heart Disease,Observation,303,Readmission,Private Insurance,143230.87,Paid,Discharged
HP100896,24-10-2022,26-10-2022,Aisha Kulkarni,41,Male,O-,Emergency,Dr. Asha Nair,Fracture,IV Therapy,502,Trauma / Accident,Corporate Insurance,23418.5,Paid,Discharged
HP100897,01-02-2025,16-02-2025,Kavya Patil,5,Male,B+,Oncology,Dr. Kavita Nair,Heart Disease,Surgery,214,Elective Admission,Private Insurance,85502.9,Pending,Discharged
HP100898,25-08-2023,04-09-2023,Rohan Shetty,66,Other,O+,Emergency,Dr. Manish Gupta,Infection,Medication,217,Emergency,Self Pay,133176.49,Paid,Under Treatment
HP100899,29-04-2023,07-05-2023,Priya Gupta,13,Male,AB+,Neurology,Dr. Raj Malhotra,Fracture,Chemotherapy,218,Scheduled / Planned,Corporate Insurance,131450.69,Paid,Admitted
HP100900,13-01-2024,28-01-2024,Priya Gupta,63,Female,B-,Oncology,Dr. Kiran Shetty,Cancer,Chemotherapy,416,OPD,Self Pay,33406.85,Paid,Admitted
HP100901,20-11-2022,27-11-2022,Neha Sharma,82,Female,A-,Emergency,Dr. Priya Desai,Fracture,Radiation Therapy,419,Referral,Private Insurance,74798.21,Paid,Discharged
HP100902,28-05-2021,05-06-2021,Kavya Gupta,25,Female,AB+,Neurology,Dr. Raj Malhotra,Sinusitis,Emergency Care,312,Transfer from Another Hospital,Government Insurance,37349,Pending,Discharged
HP100903,08-12-2021,20-12-2021,Aarav Sharma,44,Male,O-,Neurology,Dr. Manish Gupta,Diabetes,Medication,109,Direct Admission,Government Insurance,135038.56,Partial,Discharged
HP100904,23-12-2023,26-12-2023,Neha Gupta,14,Male,AB-,ENT,Dr. Manish Gupta,Skin Infection,Radiation Therapy,505,Day Care,Government Insurance,5468.25,Pending,Discharged
HP100905,21-09-2025,06-10-2025,Rahul Reddy,69,Male,O-,Orthopedics,Dr. Meena Shah,Diabetes,Surgery,214,Maternity / Obstetric,Private Insurance,36668,Paid,Discharged
HP100906,15-10-2024,30-10-2024,Sneha Verma,59,Male,AB-,Orthopedics,Dr. Neha Shah,Diabetes,Physiotherapy,103,Surgical Admission,Government Insurance,64309.93,Pending,Discharged
HP100907,23-11-2021,27-11-2021,Neha Joshi,56,Female,O+,Dermatology,Dr. Raj Malhotra,Diabetes,Radiation Therapy,304,Observation,Corporate Insurance,37064.81,Pending,Discharged
HP100908,28-11-2025,03-12-2025,Arjun Patil,52,Male,O+,Oncology,Dr. Anil Rao,Asthma,Observation,401,ICU Admission,Government Insurance,146169.29,Paid,Discharged
HP100909,26-10-2025,01-11-2025,Sneha Shetty,66,Male,B-,Gynecology,Dr. Manish Gupta,Cancer,IV Therapy,410,Post-Operative Admission,Self Pay,40383.86,Paid,Discharged
HP100910,17-09-2023,18-09-2023,Ananya Verma,68,Female,O-,Dermatology,Dr. Manish Gupta,Skin Infection,Routine Treatment,304,Readmission,Corporate Insurance,57535.67,Paid,Admitted
HP100911,10-08-2023,14-08-2023,Vikram Sharma,12,Female,A-,Gynecology,Dr. Neha Shah,Fracture,Chemotherapy,105,Trauma / Accident,Self Pay,30240.39,Paid,Discharged
HP100912,24-12-2022,04-01-2023,Sneha Verma,75,Female,O-,Emergency,Dr. Suresh Patil,Fracture,Chemotherapy,201,Elective Admission,Self Pay,139367.06,Pending,Under Treatment
HP100913,11-09-2026,23-09-2026,Vivaan Joshi,68,Male,B-,Neurology,Dr. Sneha Rao,Skin Infection,Medication,503,Emergency,Self Pay,64635.09,Partial,Admitted
HP100914,05-03-2022,15-03-2022,Aisha Kulkarni,43,Female,A-,ENT,Dr. Meena Shah,Skin Infection,Medication,316,Scheduled / Planned,Self Pay,42967.97,Paid,Discharged
HP100915,09-02-2025,22-02-2025,Pooja Nayak,73,Female,A-,Gynecology,Dr. Anil Rao,Sinusitis,Radiation Therapy,101,OPD,Corporate Insurance,40687.24,Paid,Admitted
HP100916,13-10-2021,18-10-2021,Sneha Verma,74,Male,O+,General Medicine,Dr. Priya Desai,Heart Disease,Medication,318,Referral,Private Insurance,89914.32,Paid,Discharged
HP100917,28-08-2026,04-09-2026,Rahul Gupta,6,Male,AB+,Gynecology,Dr. Suresh Patil,Fever,Surgery,103,Transfer from Another Hospital,Corporate Insurance,146758.58,Partial,Discharged
HP100918,08-02-2023,21-02-2023,Aisha Patil,15,Male,O-,Gynecology,Dr. Kiran Shetty,Migraine,Observation,408,Direct Admission,Government Insurance,146254.95,Partial,Discharged
HP100919,26-10-2024,31-10-2024,Vikram Nayak,42,Female,AB-,Oncology,Dr. Priya Desai,Fracture,Routine Treatment,110,Day Care,Government Insurance,147343.71,Pending,Discharged
HP100920,13-07-2021,26-07-2021,Isha Reddy,31,Male,B+,Orthopedics,Dr. Meena Shah,Chest Pain,Chemotherapy,208,Maternity / Obstetric,Private Insurance,61063.26,Pending,Discharged
HP100921,15-09-2023,28-09-2023,Diya Nayak,53,Female,AB+,ENT,Dr. Sneha Rao,Skin Infection,Chemotherapy,502,Surgical Admission,Government Insurance,137590.78,Paid,Discharged
HP100922,11-02-2024,12-02-2024,Meera Verma,6,Female,O-,Pediatrics,Dr. Anil Rao,Chest Pain,Chemotherapy,202,Observation,Corporate Insurance,69436.63,Paid,Under Treatment
HP100923,02-12-2026,13-12-2026,Sneha Sharma,33,Female,O+,Oncology,Dr. Sameer Khan,Infection,IV Therapy,119,ICU Admission,Government Insurance,79032.22,Paid,Admitted
HP100924,29-08-2025,05-09-2025,Kavya Kulkarni,29,Male,A+,General Medicine,Dr. Asha Nair,Chest Pain,Medication,110,Post-Operative Admission,Government Insurance,80385.5,Partial,Referred
HP100925,05-08-2023,13-08-2023,Sneha Verma,21,Male,B-,Neurology,Dr. Sneha Rao,Pregnancy Care,IV Therapy,304,Readmission,Self Pay,14220.83,Pending,Discharged
HP100926,11-04-2023,24-04-2023,Rohan Verma,54,Male,O+,Oncology,Dr. Sneha Rao,Chest Pain,Radiation Therapy,501,Trauma / Accident,Corporate Insurance,30674.84,Paid,Under Treatment
HP100927,05-04-2026,12-04-2026,Pooja Verma,56,Male,O-,Cardiology,Dr. Priya Desai,Stroke,Chemotherapy,302,Elective Admission,Self Pay,133483.61,Paid,Discharged
HP100928,24-02-2021,07-03-2021,Rahul Sharma,21,Female,A+,Dermatology,Dr. Kiran Shetty,Asthma,Chemotherapy,415,Emergency,Private Insurance,134971.69,Paid,Admitted
HP100929,11-03-2023,25-03-2023,Isha Reddy,55,Male,A-,Oncology,Dr. Suresh Patil,Sinusitis,Surgery,413,Scheduled / Planned,Corporate Insurance,34289.05,Paid,Discharged
HP100930,17-02-2023,02-03-2023,Priya Joshi,58,Male,O+,Orthopedics,Dr. Neha Shah,Stroke,Medication,102,OPD,Self Pay,48882.46,Paid,Discharged
HP100931,21-01-2025,05-02-2025,Kiran Patil,64,Male,AB+,Orthopedics,Dr. Raj Malhotra,Hypertension,Observation,304,Referral,Corporate Insurance,125322.3,Partial,Under Treatment
HP100932,17-03-2026,21-03-2026,Rahul Reddy,46,Male,O-,Orthopedics,Dr. Neha Shah,Cancer,Radiation Therapy,209,Transfer from Another Hospital,Government Insurance,34604.37,Partial,Discharged
HP100933,05-11-2026,13-11-2026,Aisha Joshi,84,Female,A+,Oncology,Dr. Suresh Patil,Fever,Medication,511,Direct Admission,Private Insurance,132719.57,Paid,Discharged
HP100934,24-02-2021,11-03-2021,Vikram Nayak,22,Female,A+,Orthopedics,Dr. Asha Nair,Pregnancy Care,Surgery,501,Day Care,Government Insurance,124362.7,Pending,Discharged
HP100935,29-12-2025,03-01-2026,Vikram Nayak,60,Female,AB-,Neurology,Dr. Sameer Khan,Fever,Chemotherapy,203,Maternity / Obstetric,Government Insurance,122094.78,Paid,Discharged
HP100936,16-04-2024,26-04-2024,Aarav Patil,11,Male,O+,Gynecology,Dr. Raj Malhotra,Migraine,IV Therapy,102,Surgical Admission,Corporate Insurance,134303.15,Paid,Discharged
HP100937,13-04-2023,22-04-2023,Sneha Joshi,47,Female,A+,Oncology,Dr. Sneha Rao,Skin Infection,Emergency Care,102,Observation,Private Insurance,133603.5,Paid,Discharged
HP100938,09-11-2021,21-11-2021,Aditya Reddy,31,Female,AB-,Orthopedics,Dr. Kiran Shetty,Heart Disease,Radiation Therapy,514,ICU Admission,Corporate Insurance,137995.15,Pending,Discharged
HP100939,02-02-2026,14-02-2026,Vikram Shetty,77,Male,AB-,Cardiology,Dr. Kavita Nair,Stroke,Routine Treatment,512,Post-Operative Admission,Government Insurance,132533.62,Paid,Discharged
HP100940,01-07-2026,11-07-2026,Rohan Gupta,18,Male,A-,Oncology,Dr. Suresh Patil,Stroke,Radiation Therapy,119,Readmission,Private Insurance,93003.74,Partial,Discharged
HP100941,30-06-2026,05-07-2026,Aarav Shetty,22,Female,O-,Emergency,Dr. Kavita Nair,Chest Pain,Medication,407,Trauma / Accident,Private Insurance,27870.15,Pending,Admitted
HP100942,26-11-2025,27-11-2025,Vivaan Shetty,56,Female,AB-,Gynecology,Dr. Neha Shah,Cancer,Observation,210,Elective Admission,Government Insurance,93325.38,Pending,Discharged
HP100943,24-11-2021,06-12-2021,Rahul Desai,17,Female,A-,Gynecology,Dr. Manish Gupta,Skin Infection,IV Therapy,319,Emergency,Corporate Insurance,141620.69,Paid,Under Treatment
HP100944,11-07-2024,20-07-2024,Arjun Patil,38,Male,AB-,Oncology,Dr. Sneha Rao,Infection,Routine Treatment,108,Scheduled / Planned,Government Insurance,145312.88,Paid,Discharged
HP100945,14-11-2026,26-11-2026,Diya Reddy,25,Male,AB-,Emergency,Dr. Priya Desai,Fracture,Emergency Care,207,OPD,Government Insurance,110627.22,Paid,Referred
HP100946,17-01-2024,22-01-2024,Rohan Patil,32,Female,O+,Neurology,Dr. Priya Desai,Infection,Emergency Care,307,Referral,Government Insurance,105606.15,Paid,Discharged
HP100947,04-08-2024,10-08-2024,Diya Shetty,15,Female,O+,Oncology,Dr. Sameer Khan,Chest Pain,Physiotherapy,416,Transfer from Another Hospital,Corporate Insurance,141073.08,Pending,Discharged
HP100948,28-03-2022,01-04-2022,Neha Verma,13,Female,A-,Emergency,Dr. Kiran Shetty,Fracture,Surgery,309,Direct Admission,Private Insurance,47235.2,Paid,Discharged
HP100949,04-03-2025,10-03-2025,Priya Gupta,58,Female,A+,Orthopedics,Dr. Sneha Rao,Sinusitis,Surgery,510,Day Care,Self Pay,26892.32,Paid,Under Treatment
HP100950,14-06-2021,26-06-2021,Meera Desai,50,Male,B-,Orthopedics,Dr. Suresh Patil,Asthma,Chemotherapy,210,Maternity / Obstetric,Government Insurance,47050.11,Paid,Discharged
HP100951,01-07-2021,09-07-2021,Ananya Shetty,11,Female,AB+,Orthopedics,Dr. Kiran Shetty,Migraine,IV Therapy,205,Surgical Admission,Private Insurance,142597.54,Pending,Discharged
HP100952,29-06-2023,02-07-2023,Pooja Reddy,13,Female,AB+,Cardiology,Dr. Raj Malhotra,Fever,Medication,508,Observation,Self Pay,35784.6,Pending,Discharged
HP100953,03-04-2023,08-04-2023,Priya Shetty,50,Female,A-,Oncology,Dr. Sameer Khan,Diabetes,IV Therapy,116,ICU Admission,Private Insurance,37587,Paid,Discharged
HP100954,02-08-2023,04-08-2023,Meera Joshi,38,Male,A+,Dermatology,Dr. Sameer Khan,Hypertension,Medication,203,Post-Operative Admission,Corporate Insurance,32977.62,Partial,Discharged
HP100955,25-06-2026,09-07-2026,Neha Sharma,1,Male,O+,Oncology,Dr. Raj Malhotra,Cancer,Routine Treatment,410,Readmission,Self Pay,75295.95,Paid,Discharged
HP100956,17-08-2026,19-08-2026,Aarav Verma,39,Female,O+,Dermatology,Dr. Sneha Rao,Fracture,Radiation Therapy,510,Trauma / Accident,Self Pay,120476.32,Partial,Discharged
HP100957,26-11-2021,09-12-2021,Sneha Joshi,27,Female,B-,Neurology,Dr. Sameer Khan,Diabetes,Observation,111,Elective Admission,Self Pay,60368.56,Pending,Discharged
HP100958,14-02-2023,21-02-2023,Kavya Shetty,36,Female,B+,Gynecology,Dr. Kiran Shetty,Pregnancy Care,Medication,308,Emergency,Government Insurance,19517.54,Paid,Referred
HP100959,27-05-2021,06-06-2021,Vikram Verma,32,Female,O+,General Medicine,Dr. Anil Rao,Fever,Radiation Therapy,418,Scheduled / Planned,Self Pay,112329.31,Paid,Under Treatment
HP100960,04-07-2023,17-07-2023,Pooja Gupta,41,Female,A-,Dermatology,Dr. Kavita Nair,Hypertension,IV Therapy,402,OPD,Corporate Insurance,93425.25,Paid,Discharged
HP100961,21-04-2025,01-05-2025,Priya Kulkarni,15,Female,B+,Dermatology,Dr. Kiran Shetty,Cancer,Medication,514,Referral,Corporate Insurance,74476.75,Partial,Under Treatment
HP100962,01-08-2024,15-08-2024,Sneha Patil,31,Male,AB+,General Medicine,Dr. Asha Nair,Heart Disease,Surgery,415,Transfer from Another Hospital,Self Pay,144794.31,Paid,Discharged
HP100963,23-03-2021,03-04-2021,Meera Kulkarni,6,Male,AB+,Orthopedics,Dr. Kavita Nair,Stroke,IV Therapy,506,Direct Admission,Private Insurance,73211.54,Paid,Discharged
HP100964,29-05-2022,08-06-2022,Aarav Kulkarni,52,Male,O+,Dermatology,Dr. Anil Rao,Infection,Routine Treatment,406,Day Care,Government Insurance,111216.72,Paid,Under Treatment
HP100965,05-04-2026,11-04-2026,Arjun Shetty,82,Female,B-,Emergency,Dr. Suresh Patil,Fracture,Radiation Therapy,115,Maternity / Obstetric,Private Insurance,27982.54,Partial,Discharged
HP100966,24-04-2026,28-04-2026,Pooja Desai,22,Male,O-,General Medicine,Dr. Anil Rao,Migraine,Radiation Therapy,315,Surgical Admission,Government Insurance,65397.69,Pending,Discharged
HP100967,16-01-2023,21-01-2023,Kavya Sharma,31,Male,B-,Gynecology,Dr. Neha Shah,Cancer,Routine Treatment,208,Observation,Government Insurance,35778.73,Paid,Discharged
HP100968,10-11-2024,11-11-2024,Vikram Joshi,73,Female,B+,Dermatology,Dr. Asha Nair,Asthma,Surgery,406,ICU Admission,Corporate Insurance,55480.19,Paid,Discharged
HP100969,08-12-2022,15-12-2022,Rohan Patil,46,Female,O-,Oncology,Dr. Sneha Rao,Sinusitis,Chemotherapy,417,Post-Operative Admission,Government Insurance,74558.95,Pending,Discharged
HP100970,16-04-2022,24-04-2022,Neha Sharma,67,Female,O+,Orthopedics,Dr. Suresh Patil,Fracture,IV Therapy,404,Readmission,Self Pay,30302.03,Partial,Referred
HP100971,31-01-2022,09-02-2022,Neha Patil,43,Male,AB+,Pediatrics,Dr. Kavita Nair,Infection,Physiotherapy,416,Trauma / Accident,Government Insurance,121441.57,Paid,Discharged
HP100972,05-04-2025,13-04-2025,Rahul Sharma,1,Female,B-,Cardiology,Dr. Sneha Rao,Fever,Radiation Therapy,401,Elective Admission,Corporate Insurance,59521.6,Partial,Admitted
HP100973,16-03-2023,21-03-2023,Pooja Sharma,44,Male,B-,Gynecology,Dr. Raj Malhotra,Asthma,Surgery,219,Emergency,Corporate Insurance,135005.16,Paid,Discharged
HP100974,23-07-2023,26-07-2023,Ananya Desai,57,Male,O-,Pediatrics,Dr. Asha Nair,Stroke,Observation,510,Scheduled / Planned,Government Insurance,102825.21,Paid,Discharged
HP100975,03-07-2024,13-07-2024,Aarav Reddy,9,Male,AB+,Dermatology,Dr. Suresh Patil,Fever,IV Therapy,105,OPD,Government Insurance,30607.86,Pending,Discharged
HP100976,24-10-2025,04-11-2025,Isha Sharma,5,Male,O+,Emergency,Dr. Suresh Patil,Cancer,IV Therapy,506,Referral,Government Insurance,98085.85,Pending,Discharged
HP100977,24-06-2023,03-07-2023,Aarav Sharma,79,Male,AB+,General Medicine,Dr. Anil Rao,Cancer,Observation,416,Transfer from Another Hospital,Private Insurance,8370.91,Paid,Admitted
HP100978,13-12-2023,28-12-2023,Kavya Reddy,9,Female,A+,Emergency,Dr. Kiran Shetty,Chest Pain,Physiotherapy,301,Direct Admission,Self Pay,122069.65,Pending,Discharged
HP100979,06-03-2026,12-03-2026,Rahul Sharma,45,Male,AB-,Gynecology,Dr. Sameer Khan,Chest Pain,Physiotherapy,204,Day Care,Government Insurance,146262.52,Pending,Discharged
HP100980,04-03-2025,19-03-2025,Isha Kulkarni,77,Female,B-,Pediatrics,Dr. Asha Nair,Cancer,IV Therapy,320,Maternity / Obstetric,Self Pay,103274.83,Pending,Under Treatment
HP100981,19-10-2024,24-10-2024,Diya Kulkarni,24,Male,B+,Neurology,Dr. Sneha Rao,Fever,Emergency Care,216,Surgical Admission,Corporate Insurance,139341.61,Paid,Discharged
HP100982,27-07-2024,09-08-2024,Arjun Joshi,74,Male,O+,Cardiology,Dr. Anil Rao,Fever,Medication,510,Observation,Self Pay,47745.87,Pending,Discharged
HP100983,16-08-2022,19-08-2022,Diya Verma,42,Female,A-,ENT,Dr. Manish Gupta,Skin Infection,Observation,518,ICU Admission,Government Insurance,66420.37,Partial,Admitted
HP100984,08-10-2026,14-10-2026,Vivaan Joshi,22,Female,A-,Gynecology,Dr. Manish Gupta,Skin Infection,Emergency Care,303,Post-Operative Admission,Corporate Insurance,66566.62,Paid,Admitted
HP100985,08-05-2021,11-05-2021,Rahul Shetty,60,Female,AB+,Dermatology,Dr. Kavita Nair,Pregnancy Care,Surgery,115,Readmission,Government Insurance,21244.27,Paid,Discharged
HP100986,06-01-2023,16-01-2023,Pooja Shetty,37,Female,AB-,Gynecology,Dr. Kavita Nair,Sinusitis,IV Therapy,319,Trauma / Accident,Self Pay,120484.25,Paid,Under Treatment
HP100987,05-06-2022,17-06-2022,Aisha Joshi,39,Female,O+,Oncology,Dr. Manish Gupta,Heart Disease,Routine Treatment,506,Elective Admission,Self Pay,76784.64,Partial,Discharged
HP100988,25-08-2021,31-08-2021,Ananya Joshi,84,Female,O+,Dermatology,Dr. Neha Shah,Asthma,Physiotherapy,412,Emergency,Private Insurance,76112.04,Paid,Discharged
HP100989,28-07-2024,01-08-2024,Diya Patil,74,Female,B+,Emergency,Dr. Kiran Shetty,Sinusitis,Physiotherapy,503,Scheduled / Planned,Self Pay,101927.97,Pending,Under Treatment
HP100990,17-11-2025,02-12-2025,Pooja Reddy,74,Female,A+,Pediatrics,Dr. Meena Shah,Cancer,Routine Treatment,213,OPD,Corporate Insurance,29793.15,Paid,Discharged
HP100991,25-07-2024,27-07-2024,Meera Reddy,53,Male,O-,Cardiology,Dr. Kavita Nair,Fever,Physiotherapy,408,Referral,Government Insurance,122472.64,Paid,Discharged
HP100992,14-08-2026,22-08-2026,Kavya Gupta,28,Female,B-,Cardiology,Dr. Kiran Shetty,Diabetes,Observation,120,Transfer from Another Hospital,Self Pay,58051.4,Paid,Discharged
HP100993,18-03-2022,22-03-2022,Aarav Nayak,77,Male,A+,Emergency,Dr. Raj Malhotra,Migraine,Routine Treatment,204,Direct Admission,Government Insurance,16547.94,Paid,Discharged
HP100994,08-09-2026,17-09-2026,Aisha Patil,15,Male,O+,Pediatrics,Dr. Kiran Shetty,Sinusitis,Observation,501,Day Care,Private Insurance,32597.16,Paid,Referred
HP100995,16-03-2023,23-03-2023,Pooja Verma,60,Female,B+,Neurology,Dr. Suresh Patil,Chest Pain,IV Therapy,407,Maternity / Obstetric,Government Insurance,41663.61,Pending,Discharged
HP100996,16-03-2021,28-03-2021,Aditya Reddy,60,Male,A+,Orthopedics,Dr. Manish Gupta,Asthma,Surgery,513,Surgical Admission,Government Insurance,30802.08,Paid,Under Treatment
HP100997,16-12-2026,18-12-2026,Arjun Gupta,6,Male,AB+,Cardiology,Dr. Sneha Rao,Hypertension,Radiation Therapy,113,Observation,Self Pay,40122.76,Paid,Discharged
HP100998,21-09-2026,25-09-2026,Vivaan Nayak,52,Male,A-,Gynecology,Dr. Suresh Patil,Pregnancy Care,Routine Treatment,110,ICU Admission,Self Pay,149398.53,Partial,Under Treatment
HP100999,11-10-2024,16-10-2024,Diya Shetty,12,Female,AB+,Gynecology,Dr. Suresh Patil,Diabetes,Observation,202,Post-Operative Admission,Government Insurance,82970.39,Paid,Discharged
HP101000,10-02-2021,13-02-2021,Priya Patil,19,Male,B-,Orthopedics,Dr. Kavita Nair,Stroke,Physiotherapy,501,Readmission,Private Insurance,92424.33,Pending,Under Treatment
HP101001,13-09-2026,22-09-2026,Isha Nayak,75,Male,AB+,Orthopedics,Dr. Neha Shah,Chest Pain,Observation,203,Trauma / Accident,Corporate Insurance,29073.87,Paid,Admitted
HP101002,28-08-2025,10-09-2025,Neha Sharma,2,Female,B+,Dermatology,Dr. Priya Desai,Arthritis,Chemotherapy,207,Elective Admission,Corporate Insurance,11383,Paid,Under Treatment
HP101003,02-11-2024,07-11-2024,Aisha Reddy,55,Male,O+,Cardiology,Dr. Kiran Shetty,Fever,Medication,306,Emergency,Corporate Insurance,50000.85,Paid,Discharged
HP101004,11-08-2022,13-08-2022,Isha Shetty,15,Male,B+,Pediatrics,Dr. Priya Desai,Heart Disease,Surgery,416,Scheduled / Planned,Corporate Insurance,116623.19,Paid,Discharged
HP101005,11-06-2025,22-06-2025,Aditya Shetty,64,Male,B-,Orthopedics,Dr. Sameer Khan,Asthma,IV Therapy,304,OPD,Government Insurance,86023.36,Partial,Discharged
HP101006,08-12-2021,11-12-2021,Neha Desai,69,Male,B-,Pediatrics,Dr. Priya Desai,Heart Disease,Routine Treatment,317,Referral,Government Insurance,6563.57,Paid,Discharged
HP101007,06-09-2026,20-09-2026,Pooja Nayak,15,Male,A-,General Medicine,Dr. Priya Desai,Skin Infection,Emergency Care,308,Emergency,Government Insurance,119371.56,Pending,Discharged
HP101008,08-10-2022,23-10-2022,Kiran Reddy,43,Male,A+,Gynecology,Dr. Anil Rao,Fever,Physiotherapy,414,Scheduled / Planned,Government Insurance,20079.95,Paid,Under Treatment
HP101009,01-01-2023,10-01-2023,Vivaan Reddy,74,Male,A-,Emergency,Dr. Sameer Khan,Fracture,Physiotherapy,216,OPD,Private Insurance,68855.23,Paid,Discharged
HP101010,17-06-2021,24-06-2021,Kavya Verma,17,Female,AB+,Neurology,Dr. Priya Desai,Diabetes,Chemotherapy,119,Referral,Government Insurance,149923.68,Paid,Discharged
HP101011,02-09-2022,04-09-2022,Vivaan Sharma,24,Female,A+,Oncology,Dr. Kavita Nair,Arthritis,Physiotherapy,110,Transfer from Another Hospital,Government Insurance,22598.21,Paid,Discharged
HP101012,08-11-2025,17-11-2025,Rohan Reddy,74,Female,B-,ENT,Dr. Meena Shah,Heart Disease,Physiotherapy,304,Direct Admission,Government Insurance,123178.82,Paid,Under Treatment
HP101013,03-08-2026,17-08-2026,Kiran Patil,30,Male,B+,Neurology,Dr. Priya Desai,Cancer,Chemotherapy,404,Day Care,Self Pay,120885.17,Paid,Admitted
HP101014,31-03-2022,04-04-2022,Pooja Shetty,67,Male,AB+,General Medicine,Dr. Anil Rao,Migraine,Routine Treatment,513,Maternity / Obstetric,Corporate Insurance,69530.94,Paid,Discharged
HP101015,05-09-2025,18-09-2025,Neha Sharma,51,Female,O-,Emergency,Dr. Manish Gupta,Migraine,Routine Treatment,415,Surgical Admission,Self Pay,148298.45,Paid,Admitted
HP101016,03-12-2022,12-12-2022,Kavya Shetty,60,Male,A-,General Medicine,Dr. Anil Rao,Fracture,Physiotherapy,513,Observation,Private Insurance,49655.41,Partial,Discharged
HP101017,19-05-2025,03-06-2025,Rahul Patil,3,Female,O+,Dermatology,Dr. Suresh Patil,Stroke,Radiation Therapy,214,ICU Admission,Private Insurance,50788.42,Paid,Discharged
HP101018,10-05-2021,23-05-2021,Aditya Sharma,5,Male,AB-,Pediatrics,Dr. Priya Desai,Migraine,Medication,308,Post-Operative Admission,Corporate Insurance,27097.22,Paid,Discharged
HP101019,20-01-2026,22-01-2026,Neha Gupta,28,Female,AB-,Neurology,Dr. Meena Shah,Cancer,Radiation Therapy,414,Readmission,Corporate Insurance,58614.39,Paid,Discharged
HP101020,18-10-2024,02-11-2024,Kavya Desai,78,Male,B-,ENT,Dr. Kiran Shetty,Pregnancy Care,Surgery,502,Trauma / Accident,Government Insurance,47980.02,Paid,Under Treatment
HP101021,24-11-2022,06-12-2022,Kavya Reddy,11,Male,O+,Oncology,Dr. Asha Nair,Heart Disease,Observation,203,Elective Admission,Corporate Insurance,92650.92,Partial,Discharged
HP101022,26-10-2024,05-11-2024,Rohan Kulkarni,72,Female,A+,Oncology,Dr. Kavita Nair,Hypertension,Chemotherapy,209,Emergency,Private Insurance,10906.25,Paid,Admitted
HP101023,05-03-2023,17-03-2023,Aisha Desai,72,Female,AB-,Neurology,Dr. Manish Gupta,Skin Infection,Emergency Care,106,Scheduled / Planned,Government Insurance,49987.5,Paid,Under Treatment
HP101024,29-01-2021,02-02-2021,Diya Nayak,76,Male,A+,Orthopedics,Dr. Kavita Nair,Heart Disease,Routine Treatment,309,OPD,Private Insurance,5682.46,Pending,Discharged
HP101025,29-05-2021,03-06-2021,Vikram Desai,15,Female,B+,Oncology,Dr. Kiran Shetty,Skin Infection,Radiation Therapy,307,Referral,Self Pay,5914.99,Paid,Discharged
HP101026,12-08-2024,14-08-2024,Arjun Patil,83,Male,B-,Dermatology,Dr. Suresh Patil,Pregnancy Care,Surgery,418,Transfer from Another Hospital,Government Insurance,123943.44,Paid,Discharged
HP101027,21-08-2026,31-08-2026,Rahul Kulkarni,48,Male,O-,Pediatrics,Dr. Kiran Shetty,Infection,Observation,202,Direct Admission,Government Insurance,113723.3,Paid,Under Treatment
HP101028,11-02-2024,12-02-2024,Kiran Gupta,46,Female,B-,Oncology,Dr. Kavita Nair,Sinusitis,Medication,103,Day Care,Self Pay,112900.42,Partial,Discharged
HP101029,06-07-2021,13-07-2021,Rahul Patil,28,Female,AB+,Orthopedics,Dr. Sameer Khan,Fracture,Chemotherapy,108,Maternity / Obstetric,Private Insurance,56277.05,Paid,Referred
HP101030,04-06-2024,14-06-2024,Meera Sharma,7,Female,AB+,Neurology,Dr. Suresh Patil,Pregnancy Care,Observation,511,Surgical Admission,Corporate Insurance,106390.31,Paid,Discharged
HP101031,26-08-2024,27-08-2024,Rahul Desai,71,Male,O+,Gynecology,Dr. Kiran Shetty,Fracture,Radiation Therapy,401,Observation,Government Insurance,42197.64,Paid,Admitted
HP101032,08-04-2021,19-04-2021,Kavya Shetty,82,Male,A+,Oncology,Dr. Raj Malhotra,Pregnancy Care,Surgery,218,ICU Admission,Corporate Insurance,49863.19,Paid,Under Treatment
HP101033,24-02-2021,07-03-2021,Aisha Shetty,6,Female,O-,Cardiology,Dr. Asha Nair,Stroke,Radiation Therapy,209,Post-Operative Admission,Self Pay,86560.24,Partial,Discharged
HP101034,28-01-2023,05-02-2023,Neha Kulkarni,58,Male,AB-,ENT,Dr. Priya Desai,Migraine,Surgery,110,Readmission,Private Insurance,106445.09,Partial,Discharged
HP101035,10-02-2022,13-02-2022,Pooja Sharma,68,Male,AB-,Pediatrics,Dr. Asha Nair,Heart Disease,Radiation Therapy,202,Trauma / Accident,Private Insurance,43530.4,Pending,Referred
HP101036,18-10-2026,01-11-2026,Pooja Nayak,55,Male,A-,Pediatrics,Dr. Suresh Patil,Hypertension,Medication,517,Elective Admission,Private Insurance,103496.23,Paid,Referred
HP101037,05-08-2024,15-08-2024,Sneha Kulkarni,67,Male,O-,Neurology,Dr. Sneha Rao,Fracture,Surgery,220,Emergency,Corporate Insurance,144561.5,Pending,Under Treatment
HP101038,21-11-2025,27-11-2025,Vikram Shetty,49,Male,A+,Dermatology,Dr. Kiran Shetty,Skin Infection,IV Therapy,201,Scheduled / Planned,Corporate Insurance,76606.25,Paid,Discharged
HP101039,21-01-2023,28-01-2023,Sneha Patil,51,Male,AB-,Pediatrics,Dr. Sneha Rao,Fever,Medication,415,OPD,Corporate Insurance,64030.55,Pending,Discharged
HP101040,29-10-2025,08-11-2025,Meera Shetty,59,Female,AB+,ENT,Dr. Priya Desai,Migraine,IV Therapy,117,Referral,Corporate Insurance,38712.4,Paid,Discharged
HP101041,31-12-2021,01-01-2022,Kavya Sharma,6,Female,AB+,Pediatrics,Dr. Manish Gupta,Skin Infection,IV Therapy,315,Transfer from Another Hospital,Government Insurance,56641.56,Partial,Discharged
HP101042,20-07-2026,03-08-2026,Rahul Gupta,51,Male,O-,Emergency,Dr. Kiran Shetty,Migraine,Chemotherapy,416,Direct Admission,Corporate Insurance,81678.97,Pending,Discharged
HP101043,27-04-2022,03-05-2022,Pooja Gupta,38,Male,AB+,Pediatrics,Dr. Kavita Nair,Asthma,Surgery,509,Day Care,Self Pay,141895.58,Paid,Under Treatment
HP101044,03-06-2021,10-06-2021,Meera Sharma,11,Male,A+,Orthopedics,Dr. Priya Desai,Heart Disease,Surgery,512,Maternity / Obstetric,Government Insurance,42809.14,Partial,Discharged
HP101045,05-03-2025,11-03-2025,Arjun Desai,52,Male,B-,Neurology,Dr. Neha Shah,Hypertension,Emergency Care,215,Surgical Admission,Private Insurance,38562.17,Partial,Under Treatment
HP101046,22-10-2026,26-10-2026,Isha Joshi,20,Female,O+,Pediatrics,Dr. Sameer Khan,Fever,Physiotherapy,409,Observation,Corporate Insurance,144284.96,Pending,Admitted
HP101047,07-11-2023,08-11-2023,Diya Sharma,10,Other,A-,Oncology,Dr. Manish Gupta,Migraine,Radiation Therapy,416,ICU Admission,Corporate Insurance,92847.37,Pending,Discharged
HP101048,23-07-2025,03-08-2025,Priya Gupta,26,Female,A-,Oncology,Dr. Kavita Nair,Sinusitis,Physiotherapy,120,Post-Operative Admission,Government Insurance,111614.16,Paid,Referred
HP101049,25-05-2024,03-06-2024,Aisha Patil,48,Female,AB+,Pediatrics,Dr. Priya Desai,Fever,Observation,304,Readmission,Private Insurance,125305.88,Pending,Discharged
HP101050,02-03-2021,06-03-2021,Vikram Gupta,14,Male,B+,Gynecology,Dr. Priya Desai,Infection,Chemotherapy,510,Trauma / Accident,Private Insurance,16859.6,Paid,Discharged
HP101051,28-07-2023,04-08-2023,Diya Desai,59,Male,O-,Neurology,Dr. Raj Malhotra,Skin Infection,Medication,320,Elective Admission,Self Pay,75297.93,Partial,Discharged
HP101052,28-06-2025,05-07-2025,Diya Patil,12,Female,A+,Pediatrics,Dr. Kavita Nair,Stroke,Medication,116,Emergency,Government Insurance,25314.82,Paid,Discharged
HP101053,21-09-2026,23-09-2026,Rahul Kulkarni,23,Female,O-,Cardiology,Dr. Raj Malhotra,Fever,Routine Treatment,313,Scheduled / Planned,Self Pay,95525.5,Paid,Discharged
HP101054,25-01-2021,26-01-2021,Vikram Verma,85,Female,AB-,Orthopedics,Dr. Raj Malhotra,Infection,Emergency Care,214,OPD,Government Insurance,143291.15,Paid,Under Treatment
HP101055,29-11-2023,07-12-2023,Rohan Patil,72,Male,O-,Orthopedics,Dr. Kiran Shetty,Asthma,IV Therapy,212,Referral,Government Insurance,13156.76,Paid,Under Treatment
HP101056,11-05-2021,19-05-2021,Vivaan Shetty,39,Female,AB-,Orthopedics,Dr. Manish Gupta,Fracture,Surgery,510,Transfer from Another Hospital,Government Insurance,44745.18,Paid,Referred
HP101057,06-06-2024,13-06-2024,Meera Gupta,9,Male,O-,Orthopedics,Dr. Kavita Nair,Asthma,Surgery,507,Direct Admission,Private Insurance,149953.82,Paid,Under Treatment
HP101058,18-04-2021,02-05-2021,Sneha Patil,25,Female,O-,ENT,Dr. Kavita Nair,Chest Pain,Chemotherapy,218,Day Care,Self Pay,5795.69,Paid,Discharged
HP101059,21-06-2021,06-07-2021,Diya Joshi,17,Female,O+,Cardiology,Dr. Priya Desai,Sinusitis,Emergency Care,116,Maternity / Obstetric,Self Pay,25235.61,Pending,Discharged
HP101060,29-12-2024,13-01-2025,Aarav Joshi,42,Male,B-,Gynecology,Dr. Kavita Nair,Sinusitis,Radiation Therapy,211,Surgical Admission,Corporate Insurance,16711.84,Paid,Discharged
HP101061,12-04-2021,27-04-2021,Kavya Gupta,29,Female,AB+,Gynecology,Dr. Priya Desai,Stroke,Physiotherapy,307,Observation,Self Pay,115789.18,Paid,Discharged
HP101062,25-06-2025,10-07-2025,Neha Desai,60,Other,B+,Cardiology,Dr. Meena Shah,Cancer,Physiotherapy,317,ICU Admission,Corporate Insurance,113884.76,Paid,Referred
HP101063,07-11-2023,15-11-2023,Meera Desai,67,Female,AB+,Cardiology,Dr. Kavita Nair,Fracture,IV Therapy,112,Post-Operative Admission,Corporate Insurance,117749.8,Paid,Discharged
HP101064,26-11-2021,29-11-2021,Vivaan Verma,85,Female,O-,Orthopedics,Dr. Meena Shah,Fever,Observation,402,Readmission,Private Insurance,117354.16,Paid,Discharged
HP101065,01-03-2025,12-03-2025,Rahul Patil,57,Male,O-,ENT,Dr. Manish Gupta,Migraine,Radiation Therapy,116,Trauma / Accident,Corporate Insurance,126106.94,Paid,Discharged
HP101066,12-01-2021,14-01-2021,Isha Kulkarni,72,Female,B+,Gynecology,Dr. Asha Nair,Migraine,Emergency Care,319,Elective Admission,Government Insurance,117067.48,Paid,Discharged
HP101067,03-09-2024,10-09-2024,Isha Nayak,14,Male,A-,General Medicine,Dr. Manish Gupta,Heart Disease,Radiation Therapy,309,Emergency,Government Insurance,75114.23,Paid,Discharged
HP101068,04-08-2021,12-08-2021,Meera Kulkarni,39,Male,B+,Pediatrics,Dr. Neha Shah,Chest Pain,Chemotherapy,213,Scheduled / Planned,Private Insurance,113095.24,Paid,Discharged
HP101069,05-12-2021,06-12-2021,Diya Sharma,16,Male,A-,Oncology,Dr. Sneha Rao,Sinusitis,Surgery,520,OPD,Government Insurance,91654.39,Partial,Referred
HP101070,05-12-2025,17-12-2025,Priya Nayak,18,Female,A-,Orthopedics,Dr. Priya Desai,Hypertension,Routine Treatment,106,Referral,Government Insurance,58145.77,Paid,Discharged
HP101071,17-10-2025,27-10-2025,Aarav Desai,75,Male,O-,Gynecology,Dr. Asha Nair,Arthritis,Emergency Care,317,Transfer from Another Hospital,Self Pay,126303.32,Paid,Discharged
HP101072,17-02-2025,26-02-2025,Arjun Shetty,20,Male,A+,Gynecology,Dr. Kavita Nair,Diabetes,Emergency Care,407,Direct Admission,Private Insurance,119265.75,Paid,Discharged
HP101073,11-12-2022,26-12-2022,Isha Desai,46,Male,O+,Gynecology,Dr. Kiran Shetty,Arthritis,Surgery,306,Day Care,Government Insurance,30156.26,Paid,Discharged
HP101074,08-05-2024,21-05-2024,Priya Sharma,45,Female,B+,Emergency,Dr. Sameer Khan,Arthritis,Routine Treatment,510,Maternity / Obstetric,Private Insurance,8542.13,Paid,Discharged
HP101075,18-01-2024,02-02-2024,Rohan Joshi,4,Female,B-,Oncology,Dr. Meena Shah,Stroke,Medication,310,Surgical Admission,Private Insurance,50816.35,Paid,Discharged
HP101076,15-07-2024,26-07-2024,Aditya Desai,84,Male,B-,ENT,Dr. Kavita Nair,Stroke,Emergency Care,513,Observation,Government Insurance,63546.29,Paid,Discharged
HP101077,04-05-2022,08-05-2022,Neha Kulkarni,20,Female,B+,Gynecology,Dr. Suresh Patil,Heart Disease,Radiation Therapy,105,ICU Admission,Government Insurance,30281.85,Pending,Discharged
HP101078,11-04-2025,25-04-2025,Pooja Nayak,11,Male,O+,Neurology,Dr. Neha Shah,Cancer,Surgery,507,Post-Operative Admission,Corporate Insurance,128993.31,Paid,Under Treatment
HP101079,16-02-2021,28-02-2021,Kavya Kulkarni,65,Female,A+,General Medicine,Dr. Suresh Patil,Fever,Physiotherapy,407,Readmission,Private Insurance,9869.19,Pending,Discharged
HP101080,17-02-2023,03-03-2023,Aarav Verma,18,Female,B-,Gynecology,Dr. Neha Shah,Cancer,Chemotherapy,501,Trauma / Accident,Private Insurance,75124.74,Pending,Discharged
HP101081,06-11-2023,10-11-2023,Ananya Reddy,39,Female,AB+,Emergency,Dr. Neha Shah,Chest Pain,Medication,212,Elective Admission,Government Insurance,13044.22,Paid,Discharged
HP101082,12-12-2022,15-12-2022,Meera Nayak,44,Male,B-,Neurology,Dr. Asha Nair,Fever,IV Therapy,218,Emergency,Corporate Insurance,82812.4,Paid,Discharged
HP101083,05-02-2022,11-02-2022,Vivaan Verma,18,Female,O-,Gynecology,Dr. Suresh Patil,Asthma,Emergency Care,103,Scheduled / Planned,Self Pay,72229.14,Paid,Discharged
HP101084,23-12-2025,24-12-2025,Kavya Desai,47,Female,A+,Oncology,Dr. Manish Gupta,Asthma,Chemotherapy,510,OPD,Government Insurance,118122.07,Paid,Discharged
HP101085,07-09-2021,13-09-2021,Ananya Sharma,31,Female,A-,Oncology,Dr. Meena Shah,Stroke,Chemotherapy,212,Referral,Corporate Insurance,105002.88,Paid,Discharged
HP101086,26-01-2022,28-01-2022,Neha Joshi,39,Male,A-,Oncology,Dr. Suresh Patil,Fever,Physiotherapy,504,Transfer from Another Hospital,Private Insurance,127373.53,Paid,Discharged
HP101087,01-12-2021,10-12-2021,Arjun Joshi,38,Male,A-,Dermatology,Dr. Sameer Khan,Migraine,Chemotherapy,115,Direct Admission,Private Insurance,83930.25,Pending,Discharged
HP101088,21-09-2022,23-09-2022,Diya Verma,79,Female,O-,ENT,Dr. Anil Rao,Cancer,Medication,106,Day Care,Government Insurance,124253.38,Partial,Admitted
HP101089,17-05-2021,24-05-2021,Rahul Nayak,47,Male,A+,Emergency,Dr. Asha Nair,Chest Pain,Observation,212,Maternity / Obstetric,Corporate Insurance,109274.65,Partial,Discharged
HP101090,02-03-2025,14-03-2025,Sneha Joshi,70,Female,A-,Pediatrics,Dr. Meena Shah,Hypertension,Chemotherapy,406,Surgical Admission,Government Insurance,118027.63,Paid,Discharged
HP101091,07-04-2023,08-04-2023,Pooja Kulkarni,8,Male,O+,Emergency,Dr. Sneha Rao,Fever,Chemotherapy,504,Observation,Private Insurance,92098.18,Paid,Referred
HP101092,28-12-2022,09-01-2023,Isha Sharma,65,Female,A-,Emergency,Dr. Sameer Khan,Hypertension,Observation,511,ICU Admission,Corporate Insurance,109338.54,Partial,Discharged
HP101093,09-02-2025,16-02-2025,Diya Shetty,13,Male,A+,Dermatology,Dr. Meena Shah,Diabetes,Medication,501,Post-Operative Admission,Corporate Insurance,63248.67,Paid,Discharged
HP101094,17-09-2023,22-09-2023,Arjun Nayak,55,Male,O-,Neurology,Dr. Manish Gupta,Heart Disease,Radiation Therapy,307,Readmission,Private Insurance,17322.4,Paid,Admitted
HP101095,24-07-2023,01-08-2023,Pooja Kulkarni,85,Male,AB+,ENT,Dr. Sameer Khan,Heart Disease,Observation,210,Trauma / Accident,Private Insurance,65404.88,Paid,Discharged
HP101096,06-02-2022,10-02-2022,Meera Desai,43,Male,B-,Pediatrics,Dr. Suresh Patil,Chest Pain,Surgery,217,Elective Admission,Self Pay,30143.06,Paid,Admitted
HP101097,06-01-2025,21-01-2025,Isha Patil,4,Female,A+,ENT,Dr. Kiran Shetty,Chest Pain,Observation,201,Emergency,Self Pay,96259.99,Paid,Discharged
HP101098,07-09-2022,19-09-2022,Aditya Reddy,71,Female,A+,Neurology,Dr. Sneha Rao,Fever,Radiation Therapy,417,Scheduled / Planned,Private Insurance,43170.14,Paid,Discharged
HP101099,20-07-2024,04-08-2024,Aditya Reddy,60,Female,B+,Dermatology,Dr. Priya Desai,Cancer,Radiation Therapy,415,OPD,Corporate Insurance,143930.52,Paid,Discharged
HP101100,28-03-2024,07-04-2024,Rohan Gupta,12,Female,A-,Pediatrics,Dr. Suresh Patil,Stroke,IV Therapy,519,Referral,Private Insurance,44323.08,Paid,Under Treatment
HP101101,27-01-2024,03-02-2024,Ananya Sharma,59,Female,AB-,General Medicine,Dr. Priya Desai,Infection,Surgery,417,Transfer from Another Hospital,Government Insurance,19229.24,Paid,Discharged
HP101102,11-05-2021,17-05-2021,Kavya Kulkarni,77,Male,AB+,Oncology,Dr. Meena Shah,Stroke,Chemotherapy,204,Direct Admission,Private Insurance,132690.4,Paid,Discharged
HP101103,09-04-2024,14-04-2024,Priya Reddy,54,Male,AB-,Gynecology,Dr. Kiran Shetty,Infection,Physiotherapy,403,Day Care,Corporate Insurance,65089.64,Paid,Discharged
HP101104,02-07-2021,06-07-2021,Aditya Kulkarni,44,Male,B+,Pediatrics,Dr. Anil Rao,Diabetes,Emergency Care,102,Maternity / Obstetric,Self Pay,56589.06,Paid,Under Treatment
HP101105,30-12-2021,14-01-2022,Rahul Nayak,16,Female,AB+,Gynecology,Dr. Anil Rao,Stroke,Routine Treatment,219,Surgical Admission,Private Insurance,133381.31,Paid,Admitted
HP101106,08-02-2021,15-02-2021,Kavya Gupta,6,Male,A-,Emergency,Dr. Asha Nair,Arthritis,IV Therapy,216,Observation,Self Pay,99750.94,Partial,Discharged
HP101107,04-10-2024,16-10-2024,Aditya Joshi,14,Male,AB-,Cardiology,Dr. Raj Malhotra,Stroke,Routine Treatment,518,ICU Admission,Government Insurance,82164.88,Partial,Under Treatment
HP101108,10-07-2023,15-07-2023,Aarav Nayak,58,Female,O-,Cardiology,Dr. Sameer Khan,Asthma,Observation,218,Post-Operative Admission,Corporate Insurance,52433.68,Paid,Discharged
HP101109,16-01-2021,21-01-2021,Arjun Reddy,31,Female,A-,Gynecology,Dr. Raj Malhotra,Diabetes,Routine Treatment,402,Readmission,Self Pay,47411.65,Paid,Admitted
HP101110,08-05-2022,23-05-2022,Priya Kulkarni,41,Female,A-,Neurology,Dr. Neha Shah,Pregnancy Care,Medication,501,Trauma / Accident,Government Insurance,89029.13,Paid,Discharged
HP101111,20-12-2024,21-12-2024,Priya Reddy,35,Female,B-,ENT,Dr. Priya Desai,Fracture,Observation,101,Elective Admission,Corporate Insurance,77702.22,Paid,Under Treatment
HP101112,06-02-2024,08-02-2024,Sneha Verma,10,Female,AB+,Dermatology,Dr. Kavita Nair,Arthritis,Medication,503,Emergency,Corporate Insurance,45020.4,Paid,Discharged
HP101113,07-11-2021,12-11-2021,Diya Kulkarni,81,Female,AB+,Gynecology,Dr. Kavita Nair,Fracture,Routine Treatment,120,Scheduled / Planned,Self Pay,31686.98,Paid,Discharged
HP101114,09-01-2023,22-01-2023,Aditya Joshi,30,Female,B+,General Medicine,Dr. Sneha Rao,Chest Pain,Radiation Therapy,514,OPD,Self Pay,123611.38,Paid,Discharged
HP101115,30-06-2022,03-07-2022,Pooja Kulkarni,44,Female,O-,Emergency,Dr. Priya Desai,Migraine,Radiation Therapy,102,Referral,Self Pay,104723.3,Partial,Discharged
HP101116,08-09-2021,22-09-2021,Diya Nayak,55,Male,A+,Dermatology,Dr. Meena Shah,Skin Infection,Chemotherapy,113,Transfer from Another Hospital,Corporate Insurance,149027.49,Paid,Discharged
HP101117,29-01-2023,11-02-2023,Priya Nayak,71,Male,A-,Dermatology,Dr. Neha Shah,Infection,Routine Treatment,520,Direct Admission,Corporate Insurance,79791.02,Paid,Discharged
HP101118,10-12-2025,12-12-2025,Rahul Joshi,18,Male,A-,Pediatrics,Dr. Meena Shah,Hypertension,Physiotherapy,106,Day Care,Corporate Insurance,149186.25,Pending,Discharged
HP101119,21-07-2024,04-08-2024,Priya Desai,83,Male,AB-,Cardiology,Dr. Asha Nair,Fracture,Chemotherapy,102,Maternity / Obstetric,Self Pay,71819.85,Paid,Discharged
HP101120,20-06-2025,04-07-2025,Sneha Patil,79,Female,B+,Neurology,Dr. Kavita Nair,Migraine,Emergency Care,517,Surgical Admission,Self Pay,82568.73,Paid,Discharged
HP101121,30-03-2026,03-04-2026,Kavya Reddy,39,Male,AB+,ENT,Dr. Kiran Shetty,Infection,IV Therapy,119,Observation,Government Insurance,35320.52,Pending,Discharged
HP101122,25-03-2023,29-03-2023,Aditya Reddy,42,Male,B-,Pediatrics,Dr. Anil Rao,Infection,Routine Treatment,105,ICU Admission,Private Insurance,26678.82,Paid,Discharged
HP101123,29-01-2021,02-02-2021,Isha Patil,54,Female,AB+,Neurology,Dr. Anil Rao,Migraine,Observation,501,Post-Operative Admission,Government Insurance,141331.83,Paid,Discharged
HP101124,16-08-2023,20-08-2023,Isha Desai,30,Female,B-,Pediatrics,Dr. Neha Shah,Fever,Physiotherapy,210,Readmission,Private Insurance,147276.27,Paid,Discharged
HP101125,26-07-2026,29-07-2026,Isha Verma,20,Female,B-,ENT,Dr. Kavita Nair,Sinusitis,Physiotherapy,203,Trauma / Accident,Government Insurance,84396.16,Paid,Under Treatment
HP101126,22-04-2022,05-05-2022,Vikram Shetty,42,Female,AB+,General Medicine,Dr. Anil Rao,Cancer,Surgery,412,Elective Admission,Self Pay,44476.82,Pending,Discharged
HP101127,14-11-2021,26-11-2021,Neha Kulkarni,5,Female,AB-,Orthopedics,Dr. Raj Malhotra,Diabetes,Medication,212,Emergency,Corporate Insurance,142953.41,Paid,Discharged
HP101128,02-09-2021,09-09-2021,Rahul Kulkarni,50,Female,A-,Pediatrics,Dr. Raj Malhotra,Cancer,Physiotherapy,403,Scheduled / Planned,Private Insurance,120528.45,Paid,Discharged
HP101129,18-01-2023,27-01-2023,Vikram Reddy,41,Male,B-,Dermatology,Dr. Sneha Rao,Chest Pain,Radiation Therapy,407,OPD,Corporate Insurance,31072.21,Paid,Under Treatment
HP101130,28-11-2022,10-12-2022,Neha Kulkarni,39,Male,AB-,Neurology,Dr. Priya Desai,Hypertension,Emergency Care,304,Referral,Private Insurance,48259.4,Paid,Discharged
HP101131,29-09-2021,04-10-2021,Diya Nayak,57,Male,B+,Cardiology,Dr. Asha Nair,Pregnancy Care,Surgery,202,Transfer from Another Hospital,Corporate Insurance,5609.95,Pending,Admitted
HP101132,07-11-2025,11-11-2025,Pooja Sharma,57,Female,B+,Pediatrics,Dr. Sneha Rao,Pregnancy Care,Radiation Therapy,315,Direct Admission,Government Insurance,89390.36,Pending,Discharged
HP101133,16-06-2024,27-06-2024,Priya Desai,37,Female,B-,Dermatology,Dr. Anil Rao,Migraine,IV Therapy,311,Day Care,Corporate Insurance,81327.45,Paid,Discharged
HP101134,23-09-2021,25-09-2021,Rohan Gupta,7,Female,A-,ENT,Dr. Raj Malhotra,Fracture,Observation,301,Maternity / Obstetric,Private Insurance,28763.9,Paid,Discharged
HP101135,10-07-2023,12-07-2023,Isha Patil,5,Female,B-,ENT,Dr. Neha Shah,Chest Pain,Medication,220,Surgical Admission,Self Pay,54202.36,Pending,Discharged
HP101136,06-12-2021,11-12-2021,Vikram Desai,79,Male,B+,Oncology,Dr. Kavita Nair,Diabetes,Medication,119,Observation,Private Insurance,141186.98,Paid,Discharged
HP101137,24-01-2022,31-01-2022,Kiran Shetty,51,Female,O+,Emergency,Dr. Sameer Khan,Sinusitis,Observation,410,ICU Admission,Corporate Insurance,99104.07,Paid,Discharged
HP101138,13-08-2026,23-08-2026,Isha Desai,8,Female,B+,Cardiology,Dr. Manish Gupta,Stroke,Routine Treatment,311,Post-Operative Admission,Government Insurance,130134.94,Paid,Under Treatment
HP101139,11-03-2024,21-03-2024,Ananya Joshi,56,Male,AB+,Dermatology,Dr. Sameer Khan,Asthma,Emergency Care,410,Readmission,Private Insurance,126555.18,Paid,Discharged
HP101140,11-01-2022,20-01-2022,Arjun Nayak,73,Female,O+,Oncology,Dr. Manish Gupta,Arthritis,Medication,318,Trauma / Accident,Government Insurance,138495.62,Pending,Discharged
HP101141,27-07-2026,09-08-2026,Meera Joshi,11,Male,A-,ENT,Dr. Raj Malhotra,Stroke,Radiation Therapy,106,Elective Admission,Self Pay,11023.4,Paid,Discharged
HP101142,26-05-2021,02-06-2021,Rahul Joshi,22,Male,AB+,Gynecology,Dr. Suresh Patil,Cancer,Routine Treatment,113,Emergency,Government Insurance,43058.28,Partial,Discharged
HP101143,05-06-2026,10-06-2026,Rahul Desai,77,Female,O+,Oncology,Dr. Asha Nair,Pregnancy Care,Surgery,110,Scheduled / Planned,Government Insurance,65258.09,Paid,Discharged
HP101144,20-10-2021,30-10-2021,Pooja Verma,11,Female,AB-,General Medicine,Dr. Anil Rao,Skin Infection,Emergency Care,201,OPD,Private Insurance,97814.16,Paid,Discharged
HP101145,08-03-2022,18-03-2022,Pooja Gupta,60,Male,O+,Dermatology,Dr. Meena Shah,Cancer,Chemotherapy,409,Referral,Government Insurance,93178.38,Paid,Discharged
HP101146,06-12-2022,16-12-2022,Ananya Joshi,15,Female,AB-,Orthopedics,Dr. Sneha Rao,Hypertension,Medication,320,Transfer from Another Hospital,Government Insurance,40685.39,Pending,Under Treatment
HP101147,22-06-2026,28-06-2026,Isha Joshi,38,Female,AB-,Neurology,Dr. Anil Rao,Migraine,IV Therapy,201,Direct Admission,Government Insurance,32956.57,Paid,Discharged
HP101148,03-02-2022,14-02-2022,Sneha Nayak,1,Female,O+,Gynecology,Dr. Sameer Khan,Fracture,IV Therapy,407,Day Care,Corporate Insurance,68424.71,Partial,Discharged
HP101149,22-08-2023,03-09-2023,Diya Joshi,46,Male,O+,Neurology,Dr. Suresh Patil,Migraine,Physiotherapy,305,Maternity / Obstetric,Government Insurance,41339.81,Paid,Discharged
HP101150,04-08-2026,07-08-2026,Aisha Patil,43,Male,A+,Gynecology,Dr. Kiran Shetty,Arthritis,Surgery,212,Surgical Admission,Government Insurance,144941.22,Paid,Discharged
HP101151,03-01-2026,08-01-2026,Aarav Desai,22,Male,O+,Oncology,Dr. Asha Nair,Cancer,Medication,407,Observation,Government Insurance,144991.58,Partial,Referred
HP101152,10-10-2026,18-10-2026,Pooja Reddy,3,Female,AB-,Orthopedics,Dr. Priya Desai,Pregnancy Care,Emergency Care,409,ICU Admission,Private Insurance,21436.14,Paid,Under Treatment
HP101153,28-07-2023,29-07-2023,Rohan Reddy,14,Male,B-,Neurology,Dr. Raj Malhotra,Fever,Chemotherapy,210,Post-Operative Admission,Private Insurance,107238.6,Paid,Discharged
HP101154,11-12-2022,23-12-2022,Rahul Kulkarni,2,Male,AB+,ENT,Dr. Sneha Rao,Heart Disease,Surgery,106,Readmission,Government Insurance,38093.05,Paid,Under Treatment
HP101155,18-03-2023,19-03-2023,Pooja Joshi,61,Female,AB-,General Medicine,Dr. Raj Malhotra,Hypertension,Surgery,112,Trauma / Accident,Government Insurance,109027.66,Paid,Discharged
HP101156,03-01-2025,10-01-2025,Aarav Joshi,32,Female,A-,General Medicine,Dr. Manish Gupta,Sinusitis,IV Therapy,320,Elective Admission,Corporate Insurance,116230.46,Partial,Discharged
HP101157,18-08-2024,01-09-2024,Aarav Desai,38,Female,O-,Dermatology,Dr. Suresh Patil,Fever,IV Therapy,512,Emergency,Government Insurance,11984.2,Paid,Discharged
HP101158,11-01-2021,16-01-2021,Vikram Nayak,46,Female,O+,ENT,Dr. Sneha Rao,Fracture,Physiotherapy,113,Scheduled / Planned,Self Pay,105825.51,Partial,Admitted
HP101159,22-12-2023,05-01-2024,Rohan Gupta,42,Male,AB-,Emergency,Dr. Meena Shah,Stroke,Physiotherapy,503,OPD,Government Insurance,135035.56,Paid,Discharged
HP101160,12-02-2026,17-02-2026,Vivaan Reddy,6,Male,B-,Oncology,Dr. Kiran Shetty,Cancer,Medication,302,Referral,Private Insurance,36363.85,Paid,Referred
HP101161,11-02-2023,12-02-2023,Meera Shetty,41,Female,O-,ENT,Dr. Kavita Nair,Stroke,Physiotherapy,218,Transfer from Another Hospital,Private Insurance,21757.31,Paid,Discharged
HP101162,14-05-2025,23-05-2025,Priya Joshi,25,Female,O+,General Medicine,Dr. Meena Shah,Diabetes,Routine Treatment,109,Direct Admission,Government Insurance,87189.56,Pending,Discharged
HP101163,27-05-2025,28-05-2025,Rohan Reddy,11,Female,B-,Neurology,Dr. Sneha Rao,Hypertension,Surgery,116,Day Care,Private Insurance,80031.59,Pending,Discharged
HP101164,26-08-2024,31-08-2024,Priya Sharma,41,Female,O-,Oncology,Dr. Raj Malhotra,Hypertension,Medication,101,Maternity / Obstetric,Corporate Insurance,133436.64,Partial,Under Treatment
HP101165,04-06-2023,14-06-2023,Diya Joshi,71,Female,O-,Pediatrics,Dr. Neha Shah,Cancer,Routine Treatment,520,Surgical Admission,Private Insurance,70407.46,Paid,Discharged
HP101166,21-10-2024,30-10-2024,Priya Nayak,57,Female,B-,Dermatology,Dr. Sameer Khan,Asthma,IV Therapy,517,Observation,Self Pay,64964.68,Paid,Under Treatment
HP101167,14-08-2021,28-08-2021,Meera Nayak,46,Female,B-,Neurology,Dr. Priya Desai,Fracture,Radiation Therapy,113,ICU Admission,Government Insurance,108525.66,Partial,Admitted
HP101168,05-04-2023,20-04-2023,Kavya Joshi,48,Female,B-,General Medicine,Dr. Anil Rao,Pregnancy Care,Observation,204,Post-Operative Admission,Private Insurance,16227.06,Paid,Discharged
HP101169,26-07-2023,30-07-2023,Aisha Reddy,63,Male,A-,Gynecology,Dr. Kiran Shetty,Diabetes,Radiation Therapy,501,Readmission,Private Insurance,13271.28,Paid,Under Treatment
HP101170,27-03-2026,09-04-2026,Pooja Patil,39,Male,A+,ENT,Dr. Asha Nair,Skin Infection,IV Therapy,204,Trauma / Accident,Government Insurance,78213.08,Paid,Discharged
HP101171,02-12-2025,10-12-2025,Rohan Patil,10,Female,B+,Oncology,Dr. Sneha Rao,Fever,Emergency Care,106,Elective Admission,Private Insurance,17909.58,Partial,Under Treatment
HP101172,23-02-2021,01-03-2021,Aditya Reddy,85,Male,A+,Gynecology,Dr. Anil Rao,Asthma,Emergency Care,104,Emergency,Self Pay,141174.06,Paid,Discharged
HP101173,28-12-2022,08-01-2023,Meera Reddy,70,Female,B+,Gynecology,Dr. Raj Malhotra,Infection,Emergency Care,201,Scheduled / Planned,Government Insurance,99864.98,Paid,Discharged
HP101174,25-03-2025,09-04-2025,Kiran Patil,65,Male,AB+,Gynecology,Dr. Raj Malhotra,Asthma,Surgery,213,OPD,Private Insurance,114279.04,Paid,Discharged
HP101175,10-11-2023,13-11-2023,Isha Reddy,59,Male,O+,General Medicine,Dr. Raj Malhotra,Skin Infection,Routine Treatment,114,Referral,Corporate Insurance,38186.55,Paid,Discharged
HP101176,29-03-2026,02-04-2026,Vikram Sharma,78,Male,B-,Orthopedics,Dr. Sneha Rao,Migraine,Chemotherapy,109,Transfer from Another Hospital,Corporate Insurance,76633.82,Partial,Referred
HP101177,12-11-2025,14-11-2025,Priya Verma,36,Male,AB+,Cardiology,Dr. Priya Desai,Fever,Physiotherapy,211,Direct Admission,Government Insurance,24407.7,Pending,Under Treatment
HP101178,16-05-2025,17-05-2025,Rohan Desai,27,Male,AB+,Neurology,Dr. Sameer Khan,Infection,Surgery,412,Day Care,Private Insurance,34450.03,Paid,Referred
HP101179,30-03-2026,12-04-2026,Rahul Patil,73,Male,O+,Neurology,Dr. Manish Gupta,Skin Infection,Observation,414,Maternity / Obstetric,Corporate Insurance,87390.28,Paid,Discharged
HP101180,30-04-2023,14-05-2023,Rahul Joshi,55,Female,B+,Oncology,Dr. Meena Shah,Asthma,Radiation Therapy,216,Surgical Admission,Self Pay,45587.32,Paid,Under Treatment
HP101181,11-10-2026,19-10-2026,Ananya Nayak,70,Male,A-,Dermatology,Dr. Suresh Patil,Heart Disease,Routine Treatment,414,Observation,Private Insurance,137983.59,Paid,Discharged
HP101182,03-01-2021,04-01-2021,Aditya Gupta,81,Male,B-,Gynecology,Dr. Priya Desai,Migraine,Surgery,202,ICU Admission,Self Pay,149310.23,Pending,Under Treatment
HP101183,09-06-2021,23-06-2021,Pooja Joshi,53,Male,O-,ENT,Dr. Manish Gupta,Migraine,Emergency Care,511,Post-Operative Admission,Corporate Insurance,5569.37,Pending,Referred
HP101184,20-02-2023,05-03-2023,Aarav Verma,60,Female,AB-,Emergency,Dr. Meena Shah,Fever,Radiation Therapy,306,Readmission,Government Insurance,115069.33,Paid,Under Treatment
HP101185,12-06-2023,23-06-2023,Pooja Kulkarni,61,Female,O+,Pediatrics,Dr. Anil Rao,Fever,Physiotherapy,103,Trauma / Accident,Self Pay,21723.69,Pending,Discharged
HP101186,24-07-2026,25-07-2026,Pooja Gupta,36,Female,O-,Orthopedics,Dr. Kavita Nair,Stroke,Routine Treatment,103,Elective Admission,Corporate Insurance,88320.33,Paid,Referred
HP101187,03-08-2022,07-08-2022,Vikram Shetty,85,Male,O+,General Medicine,Dr. Manish Gupta,Pregnancy Care,Observation,102,Emergency,Government Insurance,38130.11,Partial,Referred
HP101188,18-04-2026,28-04-2026,Aarav Gupta,27,Male,O-,ENT,Dr. Kavita Nair,Cancer,IV Therapy,308,Scheduled / Planned,Private Insurance,144906.72,Pending,Discharged
HP101189,12-10-2024,24-10-2024,Ananya Reddy,41,Female,AB+,Orthopedics,Dr. Kavita Nair,Asthma,Chemotherapy,103,OPD,Corporate Insurance,131992.01,Paid,Discharged
HP101190,14-07-2024,24-07-2024,Vikram Gupta,28,Female,A+,Neurology,Dr. Anil Rao,Sinusitis,IV Therapy,503,Referral,Corporate Insurance,91332.7,Paid,Discharged
HP101191,29-06-2025,14-07-2025,Meera Gupta,16,Male,O-,Dermatology,Dr. Raj Malhotra,Cancer,Observation,501,Transfer from Another Hospital,Private Insurance,30522.41,Pending,Discharged
HP101192,10-08-2023,16-08-2023,Kiran Kulkarni,35,Male,B-,General Medicine,Dr. Sneha Rao,Hypertension,Observation,503,Direct Admission,Private Insurance,118488.78,Paid,Discharged
HP101193,15-09-2023,24-09-2023,Rahul Desai,36,Male,O-,ENT,Dr. Kavita Nair,Fracture,IV Therapy,219,Day Care,Private Insurance,80443.21,Paid,Admitted
HP101194,03-05-2024,04-05-2024,Aisha Patil,56,Male,A-,Cardiology,Dr. Meena Shah,Arthritis,Physiotherapy,204,Maternity / Obstetric,Government Insurance,93676.66,Paid,Discharged
HP101195,10-07-2023,17-07-2023,Isha Desai,19,Female,B-,ENT,Dr. Asha Nair,Infection,Routine Treatment,501,Surgical Admission,Government Insurance,109101.77,Paid,Discharged
HP101196,17-09-2024,27-09-2024,Diya Shetty,57,Female,AB-,Pediatrics,Dr. Sameer Khan,Infection,Surgery,409,Observation,Private Insurance,65368.14,Paid,Discharged
HP101197,19-06-2021,30-06-2021,Vikram Gupta,85,Male,AB-,Neurology,Dr. Anil Rao,Heart Disease,Chemotherapy,111,ICU Admission,Government Insurance,6122.15,Paid,Discharged
HP101198,05-06-2022,10-06-2022,Neha Nayak,33,Male,AB+,Cardiology,Dr. Neha Shah,Skin Infection,Observation,107,Post-Operative Admission,Corporate Insurance,57804.89,Paid,Discharged
HP101199,26-01-2025,07-02-2025,Kavya Nayak,23,Female,O-,Gynecology,Dr. Suresh Patil,Sinusitis,Radiation Therapy,519,Readmission,Government Insurance,64975.8,Pending,Discharged
HP101200,09-02-2021,24-02-2021,Neha Gupta,63,Female,A+,Emergency,Dr. Meena Shah,Sinusitis,Chemotherapy,118,Trauma / Accident,Corporate Insurance,58204.19,Paid,Under Treatment
HP101201,10-04-2025,18-04-2025,Sneha Kulkarni,70,Female,AB+,Emergency,Dr. Kavita Nair,Stroke,Radiation Therapy,213,Elective Admission,Corporate Insurance,125502.96,Paid,Discharged
HP101202,19-11-2024,03-12-2024,Isha Patil,22,Male,A-,Emergency,Dr. Raj Malhotra,Chest Pain,Observation,118,Emergency,Government Insurance,53191.07,Paid,Discharged
HP101203,13-08-2023,20-08-2023,Kavya Joshi,67,Female,B+,General Medicine,Dr. Sneha Rao,Sinusitis,Surgery,120,Scheduled / Planned,Private Insurance,65368.91,Paid,Discharged
HP101204,11-09-2023,15-09-2023,Meera Kulkarni,80,Male,AB-,Gynecology,Dr. Priya Desai,Chest Pain,Chemotherapy,219,OPD,Self Pay,13932.48,Paid,Admitted
HP101205,02-09-2023,06-09-2023,Ananya Shetty,59,Male,A+,Oncology,Dr. Sameer Khan,Infection,Routine Treatment,114,Referral,Self Pay,108944.39,Pending,Discharged
HP101206,07-02-2021,13-02-2021,Kiran Sharma,25,Male,AB-,Gynecology,Dr. Manish Gupta,Arthritis,Emergency Care,308,Transfer from Another Hospital,Government Insurance,36235.72,Paid,Discharged
HP101207,28-06-2024,04-07-2024,Kiran Gupta,17,Female,A-,Pediatrics,Dr. Sameer Khan,Asthma,Chemotherapy,417,Direct Admission,Corporate Insurance,39076.67,Paid,Discharged
HP101208,14-04-2024,23-04-2024,Kiran Joshi,39,Male,A-,Neurology,Dr. Neha Shah,Pregnancy Care,Emergency Care,415,Day Care,Self Pay,90093.85,Paid,Discharged
HP101209,14-06-2025,26-06-2025,Kiran Nayak,77,Female,O-,Dermatology,Dr. Kavita Nair,Asthma,Surgery,502,Maternity / Obstetric,Corporate Insurance,147615.25,Paid,Discharged
HP101210,03-07-2023,08-07-2023,Pooja Kulkarni,75,Male,AB-,Cardiology,Dr. Manish Gupta,Diabetes,Routine Treatment,418,Surgical Admission,Corporate Insurance,64470.98,Paid,Discharged
HP101211,30-03-2022,07-04-2022,Kavya Gupta,74,Male,AB+,Gynecology,Dr. Raj Malhotra,Chest Pain,IV Therapy,305,Observation,Corporate Insurance,52437.84,Pending,Discharged
HP101212,06-02-2021,11-02-2021,Aisha Shetty,39,Male,AB-,Pediatrics,Dr. Sneha Rao,Cancer,Physiotherapy,209,ICU Admission,Corporate Insurance,10249.91,Pending,Discharged
HP101213,08-09-2025,10-09-2025,Rohan Shetty,24,Male,O-,Pediatrics,Dr. Priya Desai,Pregnancy Care,Observation,517,Post-Operative Admission,Self Pay,119169.21,Paid,Discharged
HP101214,07-03-2023,22-03-2023,Kiran Verma,38,Male,AB+,ENT,Dr. Suresh Patil,Hypertension,Observation,520,Readmission,Government Insurance,42886.68,Paid,Discharged
HP101215,31-08-2023,06-09-2023,Meera Joshi,81,Male,AB-,Emergency,Dr. Kiran Shetty,Skin Infection,Routine Treatment,509,Trauma / Accident,Government Insurance,116481.8,Paid,Discharged
HP101216,16-08-2022,25-08-2022,Pooja Kulkarni,57,Male,AB+,Dermatology,Dr. Sneha Rao,Cancer,IV Therapy,202,Elective Admission,Corporate Insurance,45928.49,Paid,Discharged
HP101217,12-02-2024,25-02-2024,Diya Kulkarni,44,Male,O-,Oncology,Dr. Suresh Patil,Asthma,Surgery,511,Emergency,Corporate Insurance,9333.9,Paid,Referred
HP101218,17-08-2024,20-08-2024,Aditya Sharma,36,Female,B+,ENT,Dr. Neha Shah,Stroke,Emergency Care,403,Scheduled / Planned,Government Insurance,77240.68,Pending,Discharged
HP101219,14-11-2021,15-11-2021,Diya Sharma,70,Male,B-,Neurology,Dr. Manish Gupta,Fever,Chemotherapy,310,OPD,Private Insurance,136378.42,Pending,Discharged
HP101220,03-12-2026,04-12-2026,Meera Desai,80,Female,B-,Neurology,Dr. Kavita Nair,Sinusitis,Radiation Therapy,201,Referral,Corporate Insurance,35535.7,Paid,Discharged
HP101221,08-09-2024,21-09-2024,Arjun Desai,45,Female,AB+,ENT,Dr. Anil Rao,Stroke,IV Therapy,316,Transfer from Another Hospital,Self Pay,27318.42,Partial,Discharged
HP101222,11-05-2025,14-05-2025,Rahul Verma,26,Male,AB+,Gynecology,Dr. Kiran Shetty,Arthritis,Radiation Therapy,105,Direct Admission,Self Pay,31793.77,Partial,Discharged
HP101223,05-03-2026,15-03-2026,Meera Sharma,11,Female,O+,ENT,Dr. Manish Gupta,Cancer,Radiation Therapy,110,Day Care,Corporate Insurance,105090.1,Partial,Discharged
HP101224,19-09-2026,24-09-2026,Diya Shetty,52,Female,O+,Emergency,Dr. Suresh Patil,Migraine,Observation,506,Maternity / Obstetric,Corporate Insurance,58272.57,Paid,Discharged
HP101225,20-06-2026,23-06-2026,Pooja Kulkarni,25,Male,B+,Emergency,Dr. Anil Rao,Chest Pain,Chemotherapy,316,Surgical Admission,Government Insurance,42128.82,Pending,Admitted
HP101226,08-11-2025,17-11-2025,Vivaan Reddy,31,Female,O-,Gynecology,Dr. Manish Gupta,Heart Disease,Routine Treatment,413,Observation,Private Insurance,53966.14,Partial,Discharged
HP101227,05-08-2024,13-08-2024,Rahul Shetty,85,Female,B-,ENT,Dr. Anil Rao,Chest Pain,Observation,418,ICU Admission,Government Insurance,49818.9,Pending,Discharged
HP101228,09-07-2024,12-07-2024,Rohan Nayak,45,Other,B+,Neurology,Dr. Anil Rao,Arthritis,Routine Treatment,213,Post-Operative Admission,Private Insurance,83847.68,Paid,Discharged
HP101229,04-08-2021,13-08-2021,Kiran Patil,67,Female,O+,ENT,Dr. Anil Rao,Diabetes,Observation,513,Readmission,Self Pay,24333.36,Paid,Discharged
HP101230,10-11-2026,25-11-2026,Meera Verma,76,Male,O+,Orthopedics,Dr. Asha Nair,Fracture,Medication,113,Trauma / Accident,Government Insurance,78764.6,Partial,Referred
HP101231,01-09-2025,14-09-2025,Pooja Gupta,40,Male,A-,Cardiology,Dr. Meena Shah,Pregnancy Care,Observation,319,Elective Admission,Government Insurance,50203.5,Partial,Admitted
HP101232,29-12-2021,04-01-2022,Vivaan Desai,46,Female,AB-,Dermatology,Dr. Neha Shah,Asthma,Surgery,511,Emergency,Corporate Insurance,140231.57,Pending,Discharged
HP101233,13-09-2025,26-09-2025,Aisha Shetty,54,Other,O+,Cardiology,Dr. Sneha Rao,Migraine,Emergency Care,202,Scheduled / Planned,Corporate Insurance,66163.39,Paid,Admitted
HP101234,08-04-2024,15-04-2024,Priya Verma,41,Female,B-,Cardiology,Dr. Sameer Khan,Sinusitis,Radiation Therapy,220,OPD,Self Pay,19501.38,Partial,Discharged
HP101235,22-12-2021,26-12-2021,Priya Reddy,81,Female,AB+,Cardiology,Dr. Raj Malhotra,Migraine,Emergency Care,215,Referral,Private Insurance,140373.29,Partial,Discharged
HP101236,10-07-2021,14-07-2021,Meera Reddy,38,Male,O-,General Medicine,Dr. Neha Shah,Fever,Routine Treatment,416,Transfer from Another Hospital,Private Insurance,140937.52,Paid,Discharged
HP101237,01-12-2022,13-12-2022,Rohan Joshi,36,Male,A+,General Medicine,Dr. Kavita Nair,Migraine,Emergency Care,202,Direct Admission,Self Pay,30446.68,Paid,Discharged
HP101238,17-08-2026,30-08-2026,Pooja Reddy,83,Female,O+,Oncology,Dr. Sneha Rao,Stroke,Chemotherapy,503,Day Care,Private Insurance,123381.55,Paid,Discharged
HP101239,21-12-2026,23-12-2026,Pooja Reddy,44,Female,A-,Gynecology,Dr. Raj Malhotra,Chest Pain,IV Therapy,312,Maternity / Obstetric,Corporate Insurance,129981.42,Paid,Discharged
HP101240,11-07-2022,16-07-2022,Vivaan Shetty,57,Other,AB-,Oncology,Dr. Suresh Patil,Fracture,Radiation Therapy,211,Surgical Admission,Self Pay,56561.48,Paid,Under Treatment
HP101241,06-04-2023,14-04-2023,Kavya Verma,66,Female,A+,Orthopedics,Dr. Kavita Nair,Asthma,Surgery,117,Observation,Corporate Insurance,28127.57,Paid,Discharged
HP101242,21-11-2023,28-11-2023,Aisha Desai,81,Male,B+,Oncology,Dr. Priya Desai,Heart Disease,Surgery,406,ICU Admission,Self Pay,120775.05,Partial,Discharged
HP101243,02-03-2022,09-03-2022,Isha Joshi,30,Female,AB-,Gynecology,Dr. Manish Gupta,Sinusitis,Radiation Therapy,305,Post-Operative Admission,Self Pay,9104.38,Paid,Discharged
HP101244,24-04-2025,30-04-2025,Arjun Nayak,10,Female,B+,Dermatology,Dr. Neha Shah,Infection,Emergency Care,114,Readmission,Private Insurance,94814.08,Paid,Discharged
HP101245,31-10-2026,03-11-2026,Vikram Reddy,61,Female,B+,Cardiology,Dr. Suresh Patil,Infection,Surgery,305,Trauma / Accident,Government Insurance,54586.39,Pending,Under Treatment
HP101246,12-08-2022,17-08-2022,Pooja Nayak,63,Male,AB+,Gynecology,Dr. Anil Rao,Infection,Emergency Care,214,Elective Admission,Self Pay,91423.88,Paid,Discharged
HP101247,06-07-2026,19-07-2026,Diya Verma,36,Male,B+,Oncology,Dr. Suresh Patil,Fracture,Radiation Therapy,316,Emergency,Private Insurance,119382.89,Paid,Discharged
HP101248,28-03-2025,29-03-2025,Meera Sharma,54,Female,O+,Cardiology,Dr. Suresh Patil,Heart Disease,Emergency Care,217,Scheduled / Planned,Self Pay,125167.04,Paid,Discharged
HP101249,22-10-2021,29-10-2021,Aisha Gupta,65,Male,A+,Dermatology,Dr. Neha Shah,Cancer,Routine Treatment,216,OPD,Private Insurance,149777.76,Paid,Discharged
HP101250,09-06-2026,18-06-2026,Arjun Sharma,82,Female,A-,Oncology,Dr. Asha Nair,Fever,Emergency Care,120,Referral,Self Pay,97832.68,Paid,Discharged
HP101251,01-06-2024,02-06-2024,Arjun Joshi,4,Male,O-,Pediatrics,Dr. Suresh Patil,Skin Infection,Physiotherapy,409,Transfer from Another Hospital,Private Insurance,37402.29,Paid,Discharged
HP101252,29-03-2025,11-04-2025,Arjun Sharma,55,Male,O+,Oncology,Dr. Suresh Patil,Infection,Routine Treatment,504,Direct Admission,Self Pay,45034.84,Paid,Under Treatment
HP101253,18-08-2025,20-08-2025,Ananya Kulkarni,54,Female,AB+,General Medicine,Dr. Meena Shah,Infection,IV Therapy,505,Day Care,Self Pay,68241.04,Paid,Discharged
HP101254,11-02-2024,14-02-2024,Kavya Joshi,64,Male,A-,Cardiology,Dr. Neha Shah,Diabetes,Emergency Care,308,Maternity / Obstetric,Self Pay,128028.24,Paid,Discharged
HP101255,10-06-2024,13-06-2024,Rohan Shetty,22,Female,B+,Emergency,Dr. Sameer Khan,Heart Disease,Observation,306,Surgical Admission,Private Insurance,58193.98,Paid,Discharged
HP101256,27-08-2026,04-09-2026,Pooja Reddy,25,Male,B-,Dermatology,Dr. Kavita Nair,Skin Infection,Physiotherapy,509,Observation,Government Insurance,104799.14,Partial,Under Treatment
HP101257,26-12-2021,02-01-2022,Rohan Nayak,81,Female,AB-,Neurology,Dr. Sneha Rao,Arthritis,IV Therapy,418,ICU Admission,Self Pay,11537.72,Pending,Discharged
HP101258,01-12-2022,07-12-2022,Pooja Sharma,59,Male,AB+,General Medicine,Dr. Kiran Shetty,Fracture,Physiotherapy,319,Post-Operative Admission,Private Insurance,67358.41,Partial,Referred
HP101259,24-03-2022,08-04-2022,Rahul Desai,57,Male,B+,General Medicine,Dr. Priya Desai,Fracture,Surgery,205,Readmission,Corporate Insurance,29218.79,Paid,Discharged
HP101260,06-11-2022,16-11-2022,Pooja Shetty,54,Female,AB+,ENT,Dr. Suresh Patil,Skin Infection,Emergency Care,215,Trauma / Accident,Private Insurance,141074.23,Paid,Discharged
HP101261,05-10-2023,15-10-2023,Aarav Verma,44,Female,B-,Neurology,Dr. Sameer Khan,Stroke,Radiation Therapy,310,Elective Admission,Private Insurance,119758.14,Paid,Discharged
HP101262,11-09-2024,22-09-2024,Aisha Gupta,52,Male,O-,Pediatrics,Dr. Sameer Khan,Pregnancy Care,Physiotherapy,110,Emergency,Government Insurance,25117.41,Paid,Discharged
HP101263,09-08-2022,13-08-2022,Neha Kulkarni,76,Other,A+,Oncology,Dr. Suresh Patil,Sinusitis,Emergency Care,514,Scheduled / Planned,Corporate Insurance,63268.44,Paid,Discharged
HP101264,10-06-2024,19-06-2024,Diya Verma,16,Female,O+,ENT,Dr. Sneha Rao,Pregnancy Care,Routine Treatment,304,OPD,Corporate Insurance,16685.8,Paid,Discharged
HP101265,01-06-2024,02-06-2024,Kavya Kulkarni,16,Female,A+,Gynecology,Dr. Meena Shah,Pregnancy Care,Medication,215,Referral,Government Insurance,113251.01,Paid,Discharged
HP101266,21-09-2023,02-10-2023,Neha Sharma,81,Female,AB-,General Medicine,Dr. Neha Shah,Asthma,Physiotherapy,101,Transfer from Another Hospital,Government Insurance,32748,Paid,Under Treatment
HP101267,06-12-2024,21-12-2024,Isha Shetty,55,Male,A+,Pediatrics,Dr. Meena Shah,Fever,Surgery,309,Direct Admission,Self Pay,121628.43,Pending,Discharged
HP101268,26-07-2022,28-07-2022,Pooja Desai,61,Male,O-,Neurology,Dr. Neha Shah,Skin Infection,Radiation Therapy,115,Day Care,Self Pay,15733.28,Partial,Admitted
HP101269,30-05-2024,14-06-2024,Vikram Joshi,79,Male,O+,Pediatrics,Dr. Sameer Khan,Chest Pain,Routine Treatment,208,Maternity / Obstetric,Private Insurance,88078.83,Paid,Discharged
HP101270,16-09-2026,30-09-2026,Neha Desai,77,Female,O+,Orthopedics,Dr. Kavita Nair,Chest Pain,Emergency Care,319,Surgical Admission,Private Insurance,93189.18,Partial,Discharged
HP101271,16-09-2023,20-09-2023,Kavya Reddy,40,Male,O-,Orthopedics,Dr. Kiran Shetty,Diabetes,Physiotherapy,201,Observation,Self Pay,53478.54,Paid,Discharged
HP101272,05-10-2021,08-10-2021,Rohan Sharma,21,Male,B-,Dermatology,Dr. Sameer Khan,Fever,Radiation Therapy,517,ICU Admission,Corporate Insurance,28810.19,Paid,Discharged
HP101273,04-05-2024,05-05-2024,Kiran Reddy,66,Male,A-,Orthopedics,Dr. Kiran Shetty,Cancer,Chemotherapy,116,Post-Operative Admission,Private Insurance,51955.23,Paid,Under Treatment
HP101274,03-03-2026,08-03-2026,Vivaan Shetty,8,Male,O-,General Medicine,Dr. Priya Desai,Pregnancy Care,Surgery,310,Readmission,Private Insurance,76849.2,Paid,Under Treatment
HP101275,29-04-2022,06-05-2022,Vikram Desai,71,Female,B-,Dermatology,Dr. Anil Rao,Heart Disease,Chemotherapy,311,Trauma / Accident,Government Insurance,145520.61,Paid,Under Treatment
HP101276,19-06-2024,21-06-2024,Aisha Reddy,10,Female,B-,Orthopedics,Dr. Suresh Patil,Fracture,Medication,302,Elective Admission,Self Pay,69806.57,Paid,Referred
HP101277,01-01-2023,06-01-2023,Pooja Sharma,57,Female,B+,Oncology,Dr. Priya Desai,Diabetes,Radiation Therapy,315,Emergency,Government Insurance,32460.37,Paid,Referred
HP101278,07-11-2023,13-11-2023,Rohan Reddy,4,Female,O-,Oncology,Dr. Neha Shah,Heart Disease,IV Therapy,320,Scheduled / Planned,Private Insurance,8753.5,Paid,Discharged
HP101279,07-07-2023,18-07-2023,Neha Shetty,43,Female,A+,Neurology,Dr. Neha Shah,Arthritis,Routine Treatment,115,OPD,Self Pay,6193.27,Partial,Discharged
HP101280,05-06-2023,12-06-2023,Isha Patil,63,Other,AB+,Oncology,Dr. Neha Shah,Skin Infection,Physiotherapy,402,Referral,Corporate Insurance,65427.01,Paid,Under Treatment
HP101281,22-01-2021,23-01-2021,Aarav Reddy,43,Male,O+,Dermatology,Dr. Raj Malhotra,Sinusitis,Chemotherapy,506,Transfer from Another Hospital,Corporate Insurance,47964.85,Paid,Discharged
HP101282,19-04-2022,26-04-2022,Aditya Desai,67,Male,AB-,Pediatrics,Dr. Kavita Nair,Infection,Radiation Therapy,512,Direct Admission,Government Insurance,21686.88,Paid,Discharged
HP101283,05-12-2022,09-12-2022,Sneha Patil,82,Male,A-,Cardiology,Dr. Asha Nair,Hypertension,Medication,414,Day Care,Self Pay,29965.43,Paid,Discharged
HP101284,18-11-2022,26-11-2022,Meera Sharma,51,Male,O+,Oncology,Dr. Asha Nair,Cancer,Emergency Care,301,Maternity / Obstetric,Private Insurance,55736.37,Paid,Discharged
HP101285,12-10-2021,25-10-2021,Priya Joshi,56,Female,AB+,ENT,Dr. Meena Shah,Hypertension,Surgery,505,Surgical Admission,Corporate Insurance,104561.37,Pending,Discharged
HP101286,17-12-2022,21-12-2022,Diya Patil,43,Female,B+,Orthopedics,Dr. Asha Nair,Asthma,Radiation Therapy,512,Observation,Corporate Insurance,93390.25,Partial,Under Treatment
HP101287,02-02-2023,08-02-2023,Meera Reddy,24,Male,O-,Dermatology,Dr. Sneha Rao,Sinusitis,Emergency Care,513,ICU Admission,Corporate Insurance,16593.52,Partial,Under Treatment
HP101288,04-06-2024,13-06-2024,Diya Shetty,34,Female,B+,Gynecology,Dr. Neha Shah,Infection,Physiotherapy,301,Post-Operative Admission,Private Insurance,25738.85,Pending,Admitted
HP101289,06-08-2023,11-08-2023,Kavya Patil,59,Female,A-,Oncology,Dr. Suresh Patil,Stroke,Observation,406,Readmission,Private Insurance,136718.43,Paid,Discharged
HP101290,28-10-2023,11-11-2023,Rohan Verma,2,Male,AB+,Gynecology,Dr. Meena Shah,Skin Infection,Chemotherapy,311,Trauma / Accident,Corporate Insurance,15306.78,Partial,Discharged
HP101291,29-01-2021,10-02-2021,Vivaan Shetty,2,Female,A-,ENT,Dr. Suresh Patil,Pregnancy Care,Routine Treatment,406,Elective Admission,Self Pay,33836.55,Pending,Discharged
HP101292,26-06-2023,30-06-2023,Kavya Kulkarni,10,Female,A-,General Medicine,Dr. Meena Shah,Chest Pain,Surgery,518,Emergency,Self Pay,51101.62,Paid,Discharged
HP101293,28-10-2026,05-11-2026,Priya Sharma,23,Female,A+,General Medicine,Dr. Manish Gupta,Infection,Routine Treatment,507,Scheduled / Planned,Government Insurance,38367.26,Paid,Discharged
HP101294,24-07-2022,06-08-2022,Priya Verma,15,Female,O-,Orthopedics,Dr. Suresh Patil,Diabetes,Emergency Care,112,OPD,Self Pay,47171.56,Paid,Discharged
HP101295,30-06-2026,09-07-2026,Isha Verma,76,Male,AB+,Cardiology,Dr. Neha Shah,Fever,Surgery,318,Referral,Government Insurance,110522.36,Paid,Referred
HP101296,24-12-2024,28-12-2024,Kiran Kulkarni,17,Male,A+,Oncology,Dr. Sneha Rao,Asthma,Radiation Therapy,320,Transfer from Another Hospital,Government Insurance,18776.91,Paid,Discharged
HP101297,08-01-2023,11-01-2023,Arjun Shetty,82,Male,O+,Orthopedics,Dr. Sneha Rao,Fracture,Observation,219,Direct Admission,Corporate Insurance,56073.84,Pending,Discharged
HP101298,31-05-2022,08-06-2022,Sneha Patil,14,Female,A+,Cardiology,Dr. Anil Rao,Stroke,Radiation Therapy,514,Day Care,Government Insurance,93700.75,Paid,Discharged
HP101299,24-06-2026,08-07-2026,Rohan Shetty,81,Male,O+,Gynecology,Dr. Neha Shah,Cancer,Chemotherapy,516,Maternity / Obstetric,Self Pay,12081.94,Paid,Referred
HP101300,08-02-2021,13-02-2021,Diya Nayak,79,Male,AB-,ENT,Dr. Priya Desai,Asthma,Chemotherapy,203,Surgical Admission,Self Pay,11422.73,Paid,Discharged
HP101301,06-06-2023,08-06-2023,Neha Sharma,76,Female,A+,Orthopedics,Dr. Sneha Rao,Fever,Chemotherapy,101,Observation,Self Pay,77292.29,Partial,Discharged
HP101302,04-01-2024,14-01-2024,Aditya Patil,16,Female,B-,General Medicine,Dr. Manish Gupta,Diabetes,Surgery,119,ICU Admission,Corporate Insurance,135474.56,Pending,Discharged
HP101303,29-12-2025,07-01-2026,Aisha Patil,32,Female,B+,Pediatrics,Dr. Meena Shah,Chest Pain,Radiation Therapy,307,Post-Operative Admission,Government Insurance,69491.43,Paid,Discharged
HP101304,07-09-2025,10-09-2025,Rohan Sharma,23,Male,B+,Dermatology,Dr. Anil Rao,Hypertension,Surgery,306,Readmission,Private Insurance,63963.48,Paid,Under Treatment
HP101305,01-09-2023,13-09-2023,Diya Joshi,34,Male,B-,Gynecology,Dr. Sameer Khan,Sinusitis,Physiotherapy,108,Trauma / Accident,Government Insurance,6472.88,Partial,Discharged
HP101306,12-04-2025,14-04-2025,Diya Desai,16,Male,O+,Neurology,Dr. Kavita Nair,Fever,Chemotherapy,114,Elective Admission,Government Insurance,111243.15,Paid,Discharged
HP101307,16-09-2023,17-09-2023,Aisha Desai,34,Female,O+,Dermatology,Dr. Manish Gupta,Diabetes,Chemotherapy,404,Emergency,Corporate Insurance,28792.35,Paid,Admitted
HP101308,21-01-2021,04-02-2021,Neha Joshi,71,Male,O-,ENT,Dr. Neha Shah,Migraine,Chemotherapy,307,Scheduled / Planned,Government Insurance,106281.58,Paid,Discharged
HP101309,19-05-2023,27-05-2023,Vikram Sharma,33,Female,A-,Cardiology,Dr. Neha Shah,Diabetes,Observation,109,OPD,Self Pay,55533.41,Paid,Discharged
HP101310,25-03-2021,05-04-2021,Sneha Desai,68,Other,AB+,Gynecology,Dr. Sameer Khan,Skin Infection,IV Therapy,506,Referral,Government Insurance,11523.34,Paid,Admitted
HP101311,10-08-2025,13-08-2025,Sneha Gupta,43,Male,AB+,Emergency,Dr. Raj Malhotra,Migraine,Chemotherapy,512,Transfer from Another Hospital,Corporate Insurance,52545.6,Partial,Discharged
HP101312,31-05-2026,07-06-2026,Aarav Gupta,64,Male,AB+,Dermatology,Dr. Anil Rao,Stroke,Radiation Therapy,317,Direct Admission,Government Insurance,100636.25,Partial,Referred
HP101313,11-11-2024,12-11-2024,Arjun Nayak,71,Female,A+,Pediatrics,Dr. Meena Shah,Fever,Physiotherapy,501,Day Care,Corporate Insurance,116409.1,Paid,Admitted
HP101314,11-03-2025,12-03-2025,Aarav Patil,18,Female,AB+,Oncology,Dr. Neha Shah,Arthritis,Emergency Care,108,Maternity / Obstetric,Corporate Insurance,97153.89,Paid,Discharged
HP101315,24-07-2022,08-08-2022,Aarav Shetty,68,Female,AB+,Oncology,Dr. Neha Shah,Skin Infection,Routine Treatment,302,Surgical Admission,Corporate Insurance,108103.81,Partial,Discharged
HP101316,23-07-2023,04-08-2023,Vivaan Sharma,61,Male,O+,Emergency,Dr. Manish Gupta,Arthritis,IV Therapy,204,Observation,Government Insurance,39207.55,Paid,Discharged
HP101317,04-06-2026,13-06-2026,Sneha Reddy,75,Male,AB+,Neurology,Dr. Anil Rao,Asthma,Observation,112,ICU Admission,Private Insurance,144960.99,Paid,Discharged
HP101318,30-01-2026,14-02-2026,Diya Patil,20,Female,B+,Dermatology,Dr. Neha Shah,Stroke,Routine Treatment,418,Post-Operative Admission,Corporate Insurance,37902.02,Pending,Discharged
HP101319,04-03-2023,16-03-2023,Neha Sharma,11,Female,B-,Emergency,Dr. Anil Rao,Migraine,Observation,516,Readmission,Corporate Insurance,29664.37,Paid,Discharged
HP101320,03-03-2023,11-03-2023,Diya Kulkarni,79,Male,AB-,Neurology,Dr. Kiran Shetty,Skin Infection,Physiotherapy,109,Trauma / Accident,Self Pay,41222.7,Paid,Discharged
HP101321,15-12-2025,27-12-2025,Pooja Reddy,46,Female,O+,Oncology,Dr. Kavita Nair,Sinusitis,Chemotherapy,214,Elective Admission,Corporate Insurance,145948,Pending,Discharged
HP101322,18-07-2024,31-07-2024,Aditya Verma,64,Female,A-,Gynecology,Dr. Suresh Patil,Chest Pain,IV Therapy,302,Emergency,Government Insurance,14418.28,Paid,Discharged
HP101323,27-05-2025,30-05-2025,Priya Desai,81,Male,B-,Emergency,Dr. Asha Nair,Diabetes,Medication,519,Scheduled / Planned,Government Insurance,117149.57,Pending,Discharged
HP101324,20-12-2023,26-12-2023,Kavya Patil,76,Female,AB+,Orthopedics,Dr. Suresh Patil,Fever,Radiation Therapy,517,OPD,Private Insurance,20266.54,Partial,Discharged
HP101325,12-09-2023,23-09-2023,Arjun Reddy,28,Male,A-,ENT,Dr. Suresh Patil,Pregnancy Care,Medication,301,Referral,Self Pay,117127.26,Paid,Under Treatment
HP101326,08-08-2025,11-08-2025,Vikram Gupta,48,Female,A-,Pediatrics,Dr. Kavita Nair,Sinusitis,Routine Treatment,519,Emergency,Corporate Insurance,45168.49,Paid,Discharged
HP101327,04-06-2022,17-06-2022,Vivaan Nayak,35,Female,B-,Dermatology,Dr. Neha Shah,Diabetes,Medication,113,Scheduled / Planned,Government Insurance,110360.36,Partial,Discharged
HP101328,14-08-2022,26-08-2022,Rahul Patil,8,Male,B-,Orthopedics,Dr. Asha Nair,Skin Infection,Observation,419,OPD,Self Pay,12105.09,Pending,Admitted
HP101329,17-11-2023,21-11-2023,Meera Reddy,22,Female,B-,ENT,Dr. Neha Shah,Sinusitis,Observation,303,Referral,Government Insurance,53516.33,Paid,Discharged
HP101330,06-09-2025,07-09-2025,Kavya Shetty,24,Female,O+,Neurology,Dr. Sneha Rao,Hypertension,Routine Treatment,103,Transfer from Another Hospital,Corporate Insurance,72370.55,Paid,Under Treatment
HP101331,29-07-2026,03-08-2026,Isha Gupta,66,Female,O+,ENT,Dr. Sneha Rao,Fever,Medication,508,Direct Admission,Government Insurance,7997.88,Paid,Discharged
HP101332,15-12-2021,16-12-2021,Diya Nayak,64,Male,AB-,Neurology,Dr. Suresh Patil,Fracture,Routine Treatment,413,Day Care,Self Pay,31223.01,Paid,Under Treatment
HP101333,18-08-2023,31-08-2023,Priya Verma,65,Female,B-,Dermatology,Dr. Kiran Shetty,Pregnancy Care,Observation,511,Maternity / Obstetric,Private Insurance,29475.73,Paid,Discharged
HP101334,18-05-2026,19-05-2026,Arjun Shetty,14,Female,AB-,Neurology,Dr. Anil Rao,Arthritis,Chemotherapy,404,Surgical Admission,Corporate Insurance,74803.25,Pending,Discharged
HP101335,24-11-2022,04-12-2022,Vivaan Shetty,25,Female,A+,Dermatology,Dr. Manish Gupta,Pregnancy Care,Routine Treatment,404,Observation,Government Insurance,24310.09,Paid,Under Treatment
HP101336,09-04-2025,24-04-2025,Ananya Desai,3,Female,O-,Cardiology,Dr. Priya Desai,Diabetes,Chemotherapy,215,ICU Admission,Self Pay,146689.65,Paid,Discharged
HP101337,13-01-2022,24-01-2022,Neha Patil,5,Male,B+,Gynecology,Dr. Kiran Shetty,Arthritis,Surgery,414,Post-Operative Admission,Government Insurance,133604.82,Partial,Discharged
HP101338,11-06-2022,22-06-2022,Arjun Kulkarni,65,Male,O-,Oncology,Dr. Priya Desai,Hypertension,Emergency Care,402,Readmission,Government Insurance,37528.76,Paid,Discharged
HP101339,13-06-2024,27-06-2024,Kiran Gupta,54,Female,AB-,Dermatology,Dr. Kiran Shetty,Arthritis,Emergency Care,503,Trauma / Accident,Private Insurance,38960.45,Paid,Discharged
HP101340,19-02-2026,26-02-2026,Vikram Sharma,19,Male,B+,General Medicine,Dr. Kavita Nair,Infection,Physiotherapy,307,Elective Admission,Private Insurance,142376.99,Pending,Discharged
HP101341,30-10-2025,11-11-2025,Kavya Nayak,54,Female,AB+,Cardiology,Dr. Meena Shah,Asthma,Observation,407,Emergency,Corporate Insurance,48433.91,Paid,Discharged
HP101342,05-06-2022,11-06-2022,Priya Sharma,76,Female,A+,Gynecology,Dr. Anil Rao,Fever,Emergency Care,302,Scheduled / Planned,Corporate Insurance,66376.89,Pending,Discharged
HP101343,29-08-2025,31-08-2025,Vivaan Sharma,10,Male,A-,General Medicine,Dr. Raj Malhotra,Asthma,Emergency Care,511,OPD,Corporate Insurance,106714.51,Paid,Discharged
HP101344,14-10-2023,28-10-2023,Rohan Reddy,16,Female,B-,Orthopedics,Dr. Sameer Khan,Sinusitis,Medication,318,Referral,Corporate Insurance,54885.31,Pending,Discharged
HP101345,11-10-2023,22-10-2023,Kiran Desai,46,Male,AB+,General Medicine,Dr. Neha Shah,Arthritis,Radiation Therapy,117,Transfer from Another Hospital,Self Pay,135856.23,Pending,Discharged
HP101346,27-04-2021,09-05-2021,Neha Kulkarni,29,Female,A-,Gynecology,Dr. Manish Gupta,Chest Pain,Routine Treatment,210,Direct Admission,Corporate Insurance,90410.25,Pending,Discharged
HP101347,29-09-2024,01-10-2024,Pooja Verma,15,Male,O+,Pediatrics,Dr. Anil Rao,Fracture,Surgery,217,Day Care,Corporate Insurance,87249.2,Partial,Referred
HP101348,07-08-2022,18-08-2022,Kavya Desai,48,Male,B+,Neurology,Dr. Suresh Patil,Infection,Observation,406,Maternity / Obstetric,Government Insurance,85372.84,Paid,Discharged
HP101349,30-01-2022,06-02-2022,Aditya Kulkarni,11,Male,A-,Neurology,Dr. Kiran Shetty,Infection,Emergency Care,305,Surgical Admission,Government Insurance,21246.85,Paid,Discharged
HP101350,24-12-2023,25-12-2023,Isha Reddy,34,Female,O-,Orthopedics,Dr. Priya Desai,Diabetes,Surgery,201,Observation,Self Pay,119614.07,Paid,Discharged
HP101351,13-03-2021,26-03-2021,Meera Joshi,36,Male,B-,Gynecology,Dr. Neha Shah,Diabetes,Chemotherapy,407,ICU Admission,Government Insurance,87956.48,Paid,Discharged
HP101352,01-10-2021,03-10-2021,Kavya Nayak,30,Male,B-,Cardiology,Dr. Anil Rao,Sinusitis,Emergency Care,315,Post-Operative Admission,Government Insurance,12760.28,Partial,Discharged
HP101353,07-07-2026,19-07-2026,Rohan Patil,73,Male,O-,Dermatology,Dr. Manish Gupta,Migraine,Radiation Therapy,217,Readmission,Self Pay,128302.27,Paid,Discharged
HP101354,05-09-2024,13-09-2024,Neha Patil,82,Male,AB-,ENT,Dr. Suresh Patil,Hypertension,Chemotherapy,216,Trauma / Accident,Private Insurance,110771.43,Partial,Referred
HP101355,04-12-2021,10-12-2021,Priya Shetty,19,Female,AB-,Dermatology,Dr. Anil Rao,Migraine,Medication,314,Elective Admission,Government Insurance,46888.93,Paid,Discharged
HP101356,21-10-2024,05-11-2024,Diya Kulkarni,68,Male,O+,Orthopedics,Dr. Meena Shah,Skin Infection,IV Therapy,319,Emergency,Private Insurance,46475.69,Pending,Discharged
HP101357,30-08-2022,13-09-2022,Rohan Kulkarni,70,Female,B+,Gynecology,Dr. Meena Shah,Cancer,Emergency Care,118,Scheduled / Planned,Private Insurance,78183.82,Paid,Discharged
HP101358,15-06-2021,17-06-2021,Rahul Gupta,33,Female,B-,General Medicine,Dr. Sameer Khan,Fever,Chemotherapy,107,OPD,Private Insurance,6048.61,Pending,Discharged
HP101359,17-04-2025,24-04-2025,Vikram Patil,80,Female,A+,Pediatrics,Dr. Suresh Patil,Fever,Observation,403,Referral,Self Pay,122395,Partial,Under Treatment
HP101360,21-08-2026,25-08-2026,Aditya Nayak,75,Male,AB+,Orthopedics,Dr. Kiran Shetty,Asthma,Routine Treatment,310,Transfer from Another Hospital,Corporate Insurance,141596.59,Paid,Discharged
HP101361,17-08-2024,19-08-2024,Meera Nayak,22,Female,B+,Pediatrics,Dr. Kavita Nair,Sinusitis,Medication,303,Direct Admission,Self Pay,69757.34,Paid,Discharged
HP101362,30-12-2022,11-01-2023,Diya Patil,36,Male,B+,Gynecology,Dr. Priya Desai,Fever,Physiotherapy,205,Day Care,Self Pay,82803.25,Paid,Discharged
HP101363,06-08-2026,12-08-2026,Sneha Shetty,23,Female,A-,ENT,Dr. Suresh Patil,Fever,Surgery,105,Maternity / Obstetric,Corporate Insurance,122418.79,Partial,Discharged
HP101364,12-04-2021,23-04-2021,Rahul Patil,63,Other,B+,Gynecology,Dr. Meena Shah,Hypertension,Surgery,214,Surgical Admission,Private Insurance,45251.85,Paid,Discharged
HP101365,16-11-2024,01-12-2024,Aditya Sharma,26,Female,O+,Emergency,Dr. Neha Shah,Heart Disease,Medication,319,Observation,Corporate Insurance,76300.92,Partial,Discharged
HP101366,18-02-2023,27-02-2023,Kiran Desai,60,Female,O-,Oncology,Dr. Kiran Shetty,Asthma,Physiotherapy,512,ICU Admission,Private Insurance,21094.14,Paid,Discharged
HP101367,02-08-2021,13-08-2021,Rohan Shetty,5,Other,AB+,Oncology,Dr. Asha Nair,Stroke,IV Therapy,116,Post-Operative Admission,Corporate Insurance,106776.62,Pending,Discharged
HP101368,17-01-2024,26-01-2024,Aarav Nayak,54,Female,A+,Oncology,Dr. Neha Shah,Cancer,Emergency Care,517,Readmission,Private Insurance,119963.97,Paid,Discharged
HP101369,26-04-2025,10-05-2025,Sneha Gupta,38,Male,A-,Oncology,Dr. Sameer Khan,Heart Disease,Radiation Therapy,406,Trauma / Accident,Government Insurance,14701.32,Paid,Discharged
HP101370,23-08-2025,31-08-2025,Neha Desai,62,Male,AB+,General Medicine,Dr. Priya Desai,Skin Infection,Observation,319,Elective Admission,Private Insurance,132950.83,Partial,Admitted
HP101371,15-08-2022,30-08-2022,Neha Gupta,25,Male,O-,Neurology,Dr. Suresh Patil,Skin Infection,Medication,520,Emergency,Corporate Insurance,59305.32,Paid,Discharged
HP101372,26-08-2024,29-08-2024,Kiran Gupta,12,Male,O-,Emergency,Dr. Suresh Patil,Infection,Routine Treatment,210,Scheduled / Planned,Government Insurance,138719.96,Paid,Discharged
HP101373,15-01-2024,18-01-2024,Aditya Patil,22,Female,AB-,Orthopedics,Dr. Meena Shah,Sinusitis,Physiotherapy,103,OPD,Private Insurance,135525.02,Paid,Under Treatment
HP101374,10-11-2026,12-11-2026,Rahul Desai,9,Female,B+,Dermatology,Dr. Sameer Khan,Asthma,Radiation Therapy,310,Referral,Government Insurance,119680.46,Paid,Admitted
HP101375,15-12-2022,20-12-2022,Ananya Gupta,84,Male,O+,General Medicine,Dr. Kavita Nair,Fever,Observation,102,Transfer from Another Hospital,Government Insurance,125371.69,Paid,Discharged
HP101376,25-07-2023,08-08-2023,Arjun Kulkarni,29,Female,B-,Cardiology,Dr. Meena Shah,Heart Disease,Physiotherapy,503,Direct Admission,Self Pay,46959.14,Paid,Discharged
HP101377,06-05-2026,18-05-2026,Ananya Nayak,44,Male,AB-,ENT,Dr. Meena Shah,Sinusitis,Physiotherapy,506,Day Care,Corporate Insurance,58256.57,Paid,Discharged
HP101378,30-08-2021,13-09-2021,Meera Gupta,27,Other,B-,General Medicine,Dr. Manish Gupta,Infection,Observation,413,Maternity / Obstetric,Self Pay,39808.9,Pending,Admitted
HP101379,06-08-2026,10-08-2026,Kavya Sharma,55,Female,AB+,Gynecology,Dr. Asha Nair,Cancer,Observation,515,Surgical Admission,Corporate Insurance,56403.18,Paid,Discharged
HP101380,02-01-2021,09-01-2021,Rahul Kulkarni,81,Female,A+,Dermatology,Dr. Kavita Nair,Pregnancy Care,Chemotherapy,213,Observation,Private Insurance,86476.25,Pending,Discharged
HP101381,04-11-2025,08-11-2025,Kavya Gupta,5,Female,B-,ENT,Dr. Manish Gupta,Diabetes,Surgery,301,ICU Admission,Self Pay,130284.42,Paid,Discharged
HP101382,04-05-2026,13-05-2026,Arjun Nayak,52,Male,O+,Oncology,Dr. Kavita Nair,Fever,Radiation Therapy,411,Post-Operative Admission,Government Insurance,84341.59,Partial,Discharged
HP101383,04-12-2026,16-12-2026,Vivaan Shetty,13,Female,AB+,Neurology,Dr. Sneha Rao,Stroke,Surgery,103,Readmission,Self Pay,106019.49,Pending,Under Treatment
HP101384,07-07-2023,19-07-2023,Aisha Shetty,42,Male,A-,Emergency,Dr. Kavita Nair,Fracture,Medication,507,Trauma / Accident,Self Pay,24689.65,Partial,Discharged
HP101385,31-03-2021,02-04-2021,Kavya Sharma,15,Male,B+,Oncology,Dr. Neha Shah,Arthritis,Radiation Therapy,320,Elective Admission,Government Insurance,141237.36,Paid,Discharged
HP101386,06-09-2025,17-09-2025,Arjun Verma,79,Female,A+,Orthopedics,Dr. Neha Shah,Cancer,Observation,218,Emergency,Corporate Insurance,89560.68,Partial,Admitted
HP101387,10-12-2026,24-12-2026,Isha Joshi,18,Male,O-,Cardiology,Dr. Manish Gupta,Pregnancy Care,Emergency Care,518,Scheduled / Planned,Private Insurance,117492.39,Paid,Discharged
HP101388,23-05-2021,29-05-2021,Kavya Kulkarni,50,Female,O+,Neurology,Dr. Raj Malhotra,Fracture,Medication,307,OPD,Private Insurance,149792.06,Paid,Admitted
HP101389,16-04-2021,01-05-2021,Aisha Kulkarni,2,Female,O+,ENT,Dr. Priya Desai,Chest Pain,Physiotherapy,109,Referral,Government Insurance,129660.21,Paid,Discharged
HP101390,06-06-2023,13-06-2023,Aarav Gupta,13,Male,A+,Oncology,Dr. Sneha Rao,Pregnancy Care,Chemotherapy,201,Transfer from Another Hospital,Corporate Insurance,78133.47,Pending,Discharged
HP101391,04-03-2022,08-03-2022,Meera Kulkarni,68,Female,A-,Gynecology,Dr. Raj Malhotra,Asthma,Chemotherapy,317,Direct Admission,Corporate Insurance,130865.9,Paid,Discharged
HP101392,21-08-2024,03-09-2024,Isha Kulkarni,47,Male,A+,Cardiology,Dr. Kavita Nair,Migraine,Radiation Therapy,115,Day Care,Self Pay,100544.2,Partial,Discharged
HP101393,11-03-2026,17-03-2026,Kavya Patil,75,Female,AB+,Emergency,Dr. Anil Rao,Cancer,Surgery,220,Maternity / Obstetric,Private Insurance,110852.63,Paid,Discharged
HP101394,18-06-2026,25-06-2026,Isha Desai,50,Female,A+,Dermatology,Dr. Sameer Khan,Diabetes,Chemotherapy,305,Surgical Admission,Corporate Insurance,97407.75,Pending,Under Treatment
HP101395,13-11-2021,17-11-2021,Aditya Kulkarni,12,Male,A+,Oncology,Dr. Neha Shah,Cancer,Observation,206,Observation,Government Insurance,46706.9,Partial,Discharged
HP101396,10-06-2026,25-06-2026,Vikram Joshi,13,Male,A+,Orthopedics,Dr. Sneha Rao,Sinusitis,Emergency Care,417,ICU Admission,Private Insurance,53499.2,Partial,Referred
HP101397,27-09-2022,05-10-2022,Arjun Kulkarni,9,Male,O-,Dermatology,Dr. Kiran Shetty,Asthma,Observation,417,Post-Operative Admission,Government Insurance,85959.15,Pending,Under Treatment
HP101398,10-04-2026,19-04-2026,Priya Sharma,59,Female,AB+,Gynecology,Dr. Sneha Rao,Migraine,Routine Treatment,208,Readmission,Corporate Insurance,131741.04,Paid,Discharged
HP101399,19-08-2026,20-08-2026,Vikram Sharma,45,Male,AB-,Orthopedics,Dr. Neha Shah,Migraine,Medication,318,Trauma / Accident,Self Pay,70618.72,Paid,Under Treatment
HP101400,10-12-2024,17-12-2024,Kiran Desai,70,Male,B+,ENT,Dr. Manish Gupta,Chest Pain,Medication,209,Elective Admission,Private Insurance,83382.28,Paid,Discharged
HP101401,07-07-2022,16-07-2022,Priya Reddy,43,Female,B-,Cardiology,Dr. Priya Desai,Infection,IV Therapy,110,Emergency,Corporate Insurance,58519,Partial,Discharged
HP101402,17-12-2022,01-01-2023,Pooja Sharma,74,Female,AB-,Pediatrics,Dr. Asha Nair,Fever,IV Therapy,118,Scheduled / Planned,Corporate Insurance,7629.64,Paid,Discharged
HP101403,11-07-2024,23-07-2024,Isha Gupta,23,Female,A+,ENT,Dr. Suresh Patil,Heart Disease,Radiation Therapy,103,OPD,Government Insurance,98313.22,Paid,Under Treatment
HP101404,10-09-2025,20-09-2025,Isha Patil,79,Female,A-,Orthopedics,Dr. Asha Nair,Heart Disease,Chemotherapy,215,Referral,Private Insurance,87060.68,Paid,Referred
HP101405,27-02-2026,04-03-2026,Ananya Sharma,45,Female,O+,Oncology,Dr. Manish Gupta,Chest Pain,Physiotherapy,210,Transfer from Another Hospital,Corporate Insurance,146847.17,Paid,Under Treatment
HP101406,13-01-2024,25-01-2024,Rahul Nayak,23,Female,A-,Gynecology,Dr. Kiran Shetty,Pregnancy Care,Radiation Therapy,419,Direct Admission,Self Pay,78655.18,Paid,Discharged
HP101407,03-09-2024,05-09-2024,Kavya Patil,34,Male,AB+,Oncology,Dr. Anil Rao,Heart Disease,Observation,110,Day Care,Private Insurance,82567.43,Paid,Discharged
HP101408,21-04-2021,01-05-2021,Rohan Reddy,16,Female,B+,Neurology,Dr. Raj Malhotra,Hypertension,Physiotherapy,506,Maternity / Obstetric,Government Insurance,45927.99,Paid,Discharged
HP101409,08-09-2021,14-09-2021,Arjun Shetty,63,Male,A+,Emergency,Dr. Kavita Nair,Fracture,Surgery,111,Surgical Admission,Self Pay,19441.87,Partial,Discharged
HP101410,17-08-2026,29-08-2026,Arjun Verma,51,Male,AB+,Neurology,Dr. Sameer Khan,Fracture,Routine Treatment,407,Observation,Corporate Insurance,107598.05,Paid,Discharged
HP101411,04-04-2022,16-04-2022,Priya Gupta,32,Female,B-,Pediatrics,Dr. Neha Shah,Infection,Chemotherapy,314,ICU Admission,Corporate Insurance,122220.27,Paid,Discharged
HP101412,13-01-2024,20-01-2024,Aisha Desai,38,Male,B+,Orthopedics,Dr. Asha Nair,Infection,IV Therapy,409,Post-Operative Admission,Corporate Insurance,131106.28,Paid,Under Treatment
HP101413,27-07-2021,29-07-2021,Vikram Desai,56,Female,B+,Oncology,Dr. Asha Nair,Skin Infection,Routine Treatment,416,Readmission,Corporate Insurance,63619.4,Pending,Referred
HP101414,19-06-2023,21-06-2023,Vikram Verma,69,Male,AB+,Emergency,Dr. Meena Shah,Asthma,Physiotherapy,314,Trauma / Accident,Government Insurance,107016.92,Paid,Discharged
HP101415,22-01-2021,01-02-2021,Rahul Joshi,17,Male,AB-,Emergency,Dr. Sneha Rao,Pregnancy Care,Emergency Care,304,Elective Admission,Self Pay,43090.35,Paid,Discharged
HP101416,14-02-2022,01-03-2022,Sneha Kulkarni,39,Female,O+,Dermatology,Dr. Manish Gupta,Hypertension,Radiation Therapy,506,Emergency,Private Insurance,41654.72,Pending,Discharged
HP101417,14-06-2023,28-06-2023,Sneha Desai,41,Female,A-,Oncology,Dr. Raj Malhotra,Stroke,Routine Treatment,304,Scheduled / Planned,Corporate Insurance,149380.16,Paid,Under Treatment
HP101418,30-05-2022,11-06-2022,Rahul Kulkarni,48,Female,AB-,Pediatrics,Dr. Priya Desai,Chest Pain,Observation,208,OPD,Self Pay,128168.7,Pending,Admitted
HP101419,20-03-2023,30-03-2023,Aisha Shetty,82,Female,B+,Emergency,Dr. Kavita Nair,Heart Disease,Medication,102,Referral,Self Pay,42150.91,Paid,Admitted
HP101420,24-05-2023,25-05-2023,Priya Desai,28,Male,A-,Dermatology,Dr. Priya Desai,Fracture,Radiation Therapy,403,Transfer from Another Hospital,Self Pay,67842.9,Paid,Referred
HP101421,14-01-2021,18-01-2021,Ananya Kulkarni,77,Female,B+,Neurology,Dr. Kavita Nair,Stroke,Physiotherapy,208,Direct Admission,Self Pay,86920.42,Paid,Discharged
HP101422,29-08-2023,05-09-2023,Vikram Reddy,50,Male,O-,Oncology,Dr. Raj Malhotra,Infection,Emergency Care,408,Day Care,Government Insurance,6880.91,Paid,Discharged
HP101423,05-11-2026,19-11-2026,Arjun Verma,1,Female,O+,Cardiology,Dr. Meena Shah,Skin Infection,Observation,317,Maternity / Obstetric,Self Pay,144094.67,Paid,Discharged
HP101424,10-04-2025,19-04-2025,Pooja Gupta,50,Male,B+,Oncology,Dr. Kavita Nair,Cancer,Emergency Care,303,Surgical Admission,Government Insurance,20771.86,Paid,Under Treatment
HP101425,17-08-2024,01-09-2024,Isha Verma,19,Female,B+,Oncology,Dr. Kiran Shetty,Heart Disease,Physiotherapy,212,Observation,Government Insurance,123499.72,Paid,Discharged
HP101426,20-06-2024,23-06-2024,Kiran Desai,59,Female,B-,General Medicine,Dr. Meena Shah,Arthritis,Chemotherapy,501,ICU Admission,Corporate Insurance,146509.88,Paid,Discharged
HP101427,10-12-2026,22-12-2026,Aisha Joshi,68,Male,A-,Oncology,Dr. Sneha Rao,Fever,Surgery,418,Post-Operative Admission,Private Insurance,107113.22,Partial,Discharged
HP101428,20-01-2023,31-01-2023,Vivaan Kulkarni,67,Female,B-,ENT,Dr. Anil Rao,Asthma,IV Therapy,403,Readmission,Private Insurance,145170.1,Paid,Discharged
HP101429,16-11-2022,23-11-2022,Sneha Kulkarni,41,Male,A-,Gynecology,Dr. Sameer Khan,Fever,Physiotherapy,113,Trauma / Accident,Self Pay,7855.04,Pending,Discharged
HP101430,12-04-2026,19-04-2026,Arjun Reddy,10,Male,O+,Neurology,Dr. Anil Rao,Infection,IV Therapy,117,Elective Admission,Self Pay,56409.52,Paid,Discharged
HP101431,26-11-2022,03-12-2022,Sneha Kulkarni,28,Female,O+,Pediatrics,Dr. Suresh Patil,Diabetes,Physiotherapy,219,Emergency,Private Insurance,74085.54,Pending,Under Treatment
HP101432,03-11-2021,05-11-2021,Diya Sharma,34,Male,O-,Emergency,Dr. Sneha Rao,Arthritis,Routine Treatment,508,Scheduled / Planned,Private Insurance,118526.29,Partial,Discharged
HP101433,13-06-2026,19-06-2026,Meera Verma,39,Male,B-,Gynecology,Dr. Anil Rao,Heart Disease,Radiation Therapy,209,OPD,Government Insurance,99907.13,Paid,Discharged
HP101434,24-10-2022,26-10-2022,Ananya Shetty,83,Female,B-,Gynecology,Dr. Manish Gupta,Stroke,Surgery,405,Referral,Self Pay,111721.32,Paid,Discharged
HP101435,03-07-2022,09-07-2022,Ananya Shetty,56,Female,B-,Dermatology,Dr. Manish Gupta,Diabetes,Radiation Therapy,506,Transfer from Another Hospital,Private Insurance,25975.96,Paid,Under Treatment
HP101436,08-11-2021,21-11-2021,Ananya Patil,52,Male,O+,Pediatrics,Dr. Kavita Nair,Pregnancy Care,Radiation Therapy,517,Direct Admission,Private Insurance,127490.99,Paid,Discharged
HP101437,19-12-2023,29-12-2023,Priya Nayak,3,Female,O+,Orthopedics,Dr. Suresh Patil,Migraine,Physiotherapy,203,Day Care,Government Insurance,124222.75,Paid,Discharged
HP101438,04-10-2025,07-10-2025,Rahul Desai,23,Female,AB+,Orthopedics,Dr. Meena Shah,Infection,IV Therapy,502,Maternity / Obstetric,Corporate Insurance,116492.31,Pending,Discharged
HP101439,25-01-2023,08-02-2023,Kiran Kulkarni,17,Female,B-,Pediatrics,Dr. Sneha Rao,Fracture,Surgery,514,Surgical Admission,Government Insurance,123602.74,Paid,Discharged
HP101440,04-02-2021,06-02-2021,Vikram Patil,71,Female,O-,General Medicine,Dr. Kavita Nair,Pregnancy Care,Emergency Care,408,Observation,Private Insurance,35971.25,Paid,Under Treatment
HP101441,21-03-2022,02-04-2022,Meera Patil,26,Female,AB-,Pediatrics,Dr. Asha Nair,Chest Pain,Surgery,512,ICU Admission,Self Pay,25338.71,Paid,Admitted
HP101442,11-11-2026,26-11-2026,Kiran Patil,18,Female,AB-,Emergency,Dr. Anil Rao,Stroke,Observation,312,Post-Operative Admission,Corporate Insurance,134783.93,Paid,Admitted
HP101443,06-06-2026,20-06-2026,Vikram Shetty,46,Male,B+,Pediatrics,Dr. Kiran Shetty,Chest Pain,Physiotherapy,302,Readmission,Government Insurance,143766.5,Paid,Discharged
HP101444,15-05-2024,21-05-2024,Arjun Sharma,70,Male,A+,General Medicine,Dr. Anil Rao,Pregnancy Care,Medication,405,Trauma / Accident,Corporate Insurance,66518.63,Paid,Discharged
HP101445,19-12-2021,21-12-2021,Rohan Verma,31,Female,B-,General Medicine,Dr. Anil Rao,Chest Pain,Radiation Therapy,518,Elective Admission,Corporate Insurance,69814.97,Partial,Discharged
HP101446,22-06-2023,27-06-2023,Kavya Verma,9,Other,A+,Cardiology,Dr. Kavita Nair,Sinusitis,Radiation Therapy,106,Emergency,Government Insurance,112441.67,Partial,Discharged
HP101447,17-09-2024,19-09-2024,Aisha Joshi,35,Female,A+,Oncology,Dr. Anil Rao,Chest Pain,Medication,317,Scheduled / Planned,Self Pay,76774.87,Paid,Discharged
HP101448,15-10-2025,18-10-2025,Ananya Joshi,81,Male,B+,General Medicine,Dr. Suresh Patil,Stroke,Emergency Care,118,OPD,Private Insurance,50465.54,Pending,Discharged
HP101449,08-06-2021,11-06-2021,Vikram Sharma,60,Female,A+,General Medicine,Dr. Priya Desai,Skin Infection,Medication,215,Referral,Private Insurance,32563.93,Pending,Discharged
HP101450,01-06-2026,07-06-2026,Meera Verma,76,Female,O-,Emergency,Dr. Sneha Rao,Sinusitis,Routine Treatment,420,Transfer from Another Hospital,Self Pay,8284.43,Paid,Discharged
HP101451,15-08-2023,21-08-2023,Ananya Joshi,63,Female,O+,General Medicine,Dr. Asha Nair,Skin Infection,Medication,404,Direct Admission,Corporate Insurance,90216.31,Pending,Discharged
HP101452,03-09-2026,13-09-2026,Kavya Patil,52,Female,A+,Dermatology,Dr. Asha Nair,Arthritis,Physiotherapy,515,Day Care,Self Pay,25612.32,Partial,Discharged
HP101453,08-02-2022,11-02-2022,Kavya Verma,48,Female,O+,Cardiology,Dr. Meena Shah,Diabetes,Routine Treatment,211,Maternity / Obstetric,Corporate Insurance,129460.89,Paid,Admitted
HP101454,31-05-2022,03-06-2022,Rahul Sharma,61,Male,O+,Dermatology,Dr. Manish Gupta,Migraine,Medication,311,Surgical Admission,Government Insurance,147515.95,Paid,Discharged
HP101455,19-10-2024,01-11-2024,Rohan Kulkarni,24,Female,AB-,Neurology,Dr. Kavita Nair,Skin Infection,Surgery,311,Observation,Corporate Insurance,71372.32,Paid,Discharged
HP101456,14-08-2023,26-08-2023,Arjun Sharma,74,Female,O+,ENT,Dr. Sneha Rao,Arthritis,Observation,502,ICU Admission,Private Insurance,21757.65,Paid,Discharged
HP101457,09-09-2025,22-09-2025,Isha Verma,58,Male,A+,Cardiology,Dr. Neha Shah,Pregnancy Care,Chemotherapy,420,Post-Operative Admission,Private Insurance,89537.53,Pending,Discharged
HP101458,31-08-2022,01-09-2022,Arjun Patil,64,Male,A-,Oncology,Dr. Neha Shah,Stroke,Radiation Therapy,402,Readmission,Corporate Insurance,88212.4,Pending,Under Treatment
HP101459,27-06-2024,04-07-2024,Isha Verma,30,Female,O-,Orthopedics,Dr. Sameer Khan,Heart Disease,Medication,208,Trauma / Accident,Private Insurance,24336.29,Paid,Discharged
HP101460,16-03-2025,29-03-2025,Arjun Verma,29,Female,B-,ENT,Dr. Raj Malhotra,Sinusitis,Medication,406,Elective Admission,Self Pay,98804.89,Paid,Discharged
HP101461,12-12-2024,20-12-2024,Diya Kulkarni,10,Male,O-,Oncology,Dr. Manish Gupta,Sinusitis,IV Therapy,212,Emergency,Corporate Insurance,50829.11,Partial,Discharged
HP101462,03-12-2025,05-12-2025,Kiran Gupta,39,Male,O-,ENT,Dr. Sneha Rao,Diabetes,Radiation Therapy,512,Scheduled / Planned,Self Pay,127596.33,Paid,Admitted
HP101463,22-10-2021,26-10-2021,Kavya Joshi,55,Male,B-,Pediatrics,Dr. Kavita Nair,Fever,Medication,509,OPD,Private Insurance,90248.1,Paid,Discharged
HP101464,25-01-2023,04-02-2023,Aisha Verma,28,Male,A+,Pediatrics,Dr. Neha Shah,Chest Pain,Physiotherapy,309,Referral,Self Pay,67777.89,Paid,Referred
HP101465,26-10-2024,02-11-2024,Arjun Nayak,18,Female,B+,ENT,Dr. Sneha Rao,Arthritis,Emergency Care,418,Transfer from Another Hospital,Corporate Insurance,144681.1,Paid,Discharged
HP101466,05-07-2021,13-07-2021,Isha Patil,41,Female,A-,Oncology,Dr. Priya Desai,Heart Disease,Medication,305,Direct Admission,Self Pay,76227.51,Paid,Admitted
HP101467,23-06-2024,24-06-2024,Vikram Gupta,81,Female,B+,Pediatrics,Dr. Neha Shah,Cancer,Physiotherapy,405,Day Care,Self Pay,133657.68,Paid,Discharged
HP101468,29-09-2022,03-10-2022,Rohan Shetty,75,Female,B+,Emergency,Dr. Sneha Rao,Fever,Medication,507,Maternity / Obstetric,Private Insurance,43324.97,Paid,Admitted
HP101469,15-07-2024,21-07-2024,Kiran Verma,65,Male,A+,Cardiology,Dr. Sameer Khan,Cancer,Observation,118,Surgical Admission,Private Insurance,69057.41,Pending,Discharged
HP101470,14-06-2022,17-06-2022,Aditya Gupta,81,Male,AB+,Pediatrics,Dr. Asha Nair,Skin Infection,Routine Treatment,116,Observation,Corporate Insurance,17163.79,Paid,Discharged
HP101471,31-08-2026,05-09-2026,Arjun Gupta,46,Male,A+,Orthopedics,Dr. Sameer Khan,Asthma,IV Therapy,112,ICU Admission,Corporate Insurance,66299.87,Paid,Discharged
HP101472,05-03-2023,15-03-2023,Arjun Gupta,60,Male,AB-,Orthopedics,Dr. Suresh Patil,Sinusitis,Physiotherapy,311,Post-Operative Admission,Private Insurance,134701.46,Paid,Discharged
HP101473,18-11-2026,27-11-2026,Pooja Kulkarni,9,Male,AB+,Neurology,Dr. Kavita Nair,Cancer,Chemotherapy,416,Readmission,Government Insurance,125272.02,Paid,Discharged
HP101474,23-04-2022,04-05-2022,Aisha Gupta,45,Female,O+,Orthopedics,Dr. Anil Rao,Asthma,Emergency Care,308,Trauma / Accident,Private Insurance,146477.38,Paid,Discharged
HP101475,11-06-2025,24-06-2025,Sneha Verma,60,Female,A-,Dermatology,Dr. Asha Nair,Pregnancy Care,Routine Treatment,502,Elective Admission,Government Insurance,113711.41,Paid,Discharged
HP101476,29-07-2023,01-08-2023,Pooja Sharma,28,Female,AB+,ENT,Dr. Priya Desai,Fracture,Observation,519,Emergency,Self Pay,44365.8,Paid,Discharged
HP101477,10-06-2022,15-06-2022,Pooja Patil,3,Female,A+,ENT,Dr. Kavita Nair,Sinusitis,Observation,308,Scheduled / Planned,Corporate Insurance,28320.54,Paid,Discharged
HP101478,02-01-2021,10-01-2021,Neha Shetty,51,Female,A+,ENT,Dr. Raj Malhotra,Stroke,Routine Treatment,201,OPD,Self Pay,31029.89,Paid,Discharged
HP101479,10-01-2022,16-01-2022,Aarav Desai,8,Female,B+,Cardiology,Dr. Suresh Patil,Infection,Surgery,118,Referral,Self Pay,100900.49,Paid,Under Treatment
HP101480,07-07-2022,11-07-2022,Diya Reddy,70,Male,A+,Dermatology,Dr. Kavita Nair,Sinusitis,Surgery,103,Emergency,Private Insurance,60425.83,Partial,Discharged
HP101481,06-03-2025,14-03-2025,Arjun Sharma,59,Other,O+,Neurology,Dr. Sameer Khan,Pregnancy Care,Routine Treatment,111,Scheduled / Planned,Corporate Insurance,65035.38,Partial,Discharged
HP101482,26-01-2026,06-02-2026,Pooja Shetty,61,Male,AB-,Oncology,Dr. Sameer Khan,Asthma,Chemotherapy,416,OPD,Government Insurance,129783.23,Partial,Under Treatment
HP101483,16-01-2022,19-01-2022,Ananya Reddy,58,Male,A+,General Medicine,Dr. Sneha Rao,Pregnancy Care,IV Therapy,509,Referral,Private Insurance,110366.44,Paid,Under Treatment
HP101484,05-07-2025,08-07-2025,Pooja Kulkarni,70,Male,B-,Pediatrics,Dr. Priya Desai,Arthritis,IV Therapy,414,Transfer from Another Hospital,Private Insurance,35344.7,Paid,Discharged
HP101485,14-01-2021,18-01-2021,Neha Gupta,12,Female,B-,Cardiology,Dr. Raj Malhotra,Diabetes,Routine Treatment,104,Direct Admission,Self Pay,29809.69,Paid,Discharged
HP101486,19-05-2022,28-05-2022,Isha Joshi,9,Other,B+,General Medicine,Dr. Manish Gupta,Hypertension,IV Therapy,204,Day Care,Government Insurance,124180.24,Pending,Admitted
HP101487,02-07-2026,07-07-2026,Diya Desai,49,Female,AB+,General Medicine,Dr. Kiran Shetty,Migraine,Routine Treatment,302,Maternity / Obstetric,Private Insurance,143273.26,Partial,Admitted
HP101488,10-05-2021,18-05-2021,Sneha Sharma,83,Female,AB+,Emergency,Dr. Sameer Khan,Skin Infection,Radiation Therapy,203,Surgical Admission,Corporate Insurance,31845.65,Paid,Discharged
HP101489,18-04-2023,24-04-2023,Meera Verma,17,Female,B-,Emergency,Dr. Manish Gupta,Fever,Emergency Care,102,Observation,Government Insurance,143005.4,Pending,Discharged
HP101490,03-08-2026,06-08-2026,Aisha Shetty,54,Female,AB-,Oncology,Dr. Anil Rao,Sinusitis,IV Therapy,105,ICU Admission,Private Insurance,67311.9,Paid,Discharged
HP101491,28-01-2021,12-02-2021,Ananya Reddy,44,Female,A-,Cardiology,Dr. Sneha Rao,Stroke,IV Therapy,404,Post-Operative Admission,Self Pay,136320.57,Pending,Under Treatment
HP101492,15-10-2026,23-10-2026,Sneha Shetty,32,Female,O+,ENT,Dr. Suresh Patil,Infection,IV Therapy,303,Readmission,Private Insurance,113874.29,Pending,Discharged
HP101493,06-06-2024,18-06-2024,Isha Reddy,35,Male,O-,General Medicine,Dr. Anil Rao,Pregnancy Care,Medication,416,Trauma / Accident,Government Insurance,136241.05,Pending,Under Treatment
HP101494,18-09-2021,27-09-2021,Isha Patil,78,Male,O+,General Medicine,Dr. Anil Rao,Heart Disease,IV Therapy,313,Elective Admission,Self Pay,98546.38,Paid,Discharged
HP101495,09-08-2026,17-08-2026,Vikram Shetty,49,Female,O+,Pediatrics,Dr. Priya Desai,Sinusitis,Physiotherapy,318,Emergency,Private Insurance,27766.42,Paid,Discharged
HP101496,12-01-2025,25-01-2025,Rahul Desai,54,Male,AB-,Neurology,Dr. Kavita Nair,Hypertension,Emergency Care,104,Scheduled / Planned,Government Insurance,13753.09,Paid,Discharged
HP101497,18-12-2024,22-12-2024,Rohan Verma,16,Female,B-,Cardiology,Dr. Asha Nair,Pregnancy Care,Routine Treatment,120,OPD,Government Insurance,95931.29,Paid,Discharged
HP101498,05-04-2022,19-04-2022,Aarav Verma,85,Female,O+,Pediatrics,Dr. Meena Shah,Sinusitis,Physiotherapy,306,Referral,Self Pay,13461.58,Pending,Discharged
HP101499,28-10-2021,11-11-2021,Rahul Joshi,12,Female,AB-,Dermatology,Dr. Kavita Nair,Fracture,Medication,514,Transfer from Another Hospital,Self Pay,39218.05,Paid,Discharged
HP101500,22-09-2022,05-10-2022,Kiran Verma,8,Male,A-,Oncology,Dr. Manish Gupta,Infection,Radiation Therapy,314,Direct Admission,Corporate Insurance,34903.41,Paid,Under Treatment
HP101501,27-09-2021,08-10-2021,Rohan Desai,21,Female,AB+,Emergency,Dr. Asha Nair,Diabetes,Routine Treatment,209,Day Care,Corporate Insurance,66930.04,Paid,Referred
HP101502,17-06-2026,23-06-2026,Vikram Shetty,48,Male,B-,Neurology,Dr. Manish Gupta,Sinusitis,Observation,107,Maternity / Obstetric,Private Insurance,91620.15,Pending,Discharged
HP101503,17-06-2025,18-06-2025,Kavya Nayak,8,Female,O-,ENT,Dr. Asha Nair,Sinusitis,IV Therapy,220,Surgical Admission,Corporate Insurance,137118.85,Paid,Under Treatment
HP101504,07-12-2025,11-12-2025,Priya Gupta,28,Female,A+,Dermatology,Dr. Suresh Patil,Asthma,Physiotherapy,308,Observation,Corporate Insurance,140747.84,Pending,Discharged
HP101505,12-05-2023,20-05-2023,Aisha Verma,80,Female,O+,Neurology,Dr. Raj Malhotra,Fracture,Radiation Therapy,210,ICU Admission,Self Pay,147444.19,Paid,Discharged
HP101506,04-07-2024,05-07-2024,Rahul Reddy,10,Female,A-,Pediatrics,Dr. Kavita Nair,Diabetes,Physiotherapy,217,Post-Operative Admission,Private Insurance,115754.4,Paid,Discharged
HP101507,21-12-2026,24-12-2026,Vivaan Shetty,52,Male,A-,Dermatology,Dr. Raj Malhotra,Hypertension,Observation,101,Readmission,Government Insurance,138588.07,Partial,Under Treatment
HP101508,05-12-2025,06-12-2025,Priya Sharma,15,Female,A-,Orthopedics,Dr. Sameer Khan,Asthma,Chemotherapy,304,Trauma / Accident,Self Pay,119640.72,Paid,Under Treatment
HP101509,03-09-2025,12-09-2025,Vivaan Sharma,4,Male,AB+,Neurology,Dr. Meena Shah,Skin Infection,Surgery,309,Elective Admission,Government Insurance,137037.17,Paid,Discharged
HP101510,30-07-2022,01-08-2022,Vikram Patil,79,Male,AB-,Gynecology,Dr. Kavita Nair,Hypertension,Medication,103,Emergency,Corporate Insurance,20105.41,Partial,Discharged
HP101511,27-06-2026,06-07-2026,Rahul Reddy,62,Male,B+,Oncology,Dr. Neha Shah,Chest Pain,Observation,210,Scheduled / Planned,Corporate Insurance,144428.37,Partial,Discharged
HP101512,31-07-2024,13-08-2024,Rohan Nayak,4,Female,O+,Gynecology,Dr. Priya Desai,Chest Pain,Radiation Therapy,115,OPD,Corporate Insurance,39011.65,Pending,Under Treatment
HP101513,11-05-2026,15-05-2026,Pooja Gupta,41,Male,A+,General Medicine,Dr. Kavita Nair,Stroke,Medication,104,Referral,Government Insurance,87428.14,Pending,Discharged
HP101514,14-07-2026,16-07-2026,Kiran Shetty,73,Male,O+,Cardiology,Dr. Anil Rao,Infection,Physiotherapy,208,Transfer from Another Hospital,Private Insurance,79939.99,Paid,Discharged
HP101515,14-07-2025,18-07-2025,Pooja Nayak,55,Female,B-,Pediatrics,Dr. Sneha Rao,Asthma,Observation,117,Direct Admission,Self Pay,86847,Pending,Discharged
HP101516,29-04-2025,11-05-2025,Aisha Patil,28,Female,O-,Cardiology,Dr. Meena Shah,Skin Infection,Observation,412,Day Care,Corporate Insurance,106794.28,Paid,Discharged
HP101517,22-01-2026,02-02-2026,Pooja Joshi,47,Male,AB-,ENT,Dr. Manish Gupta,Hypertension,Physiotherapy,113,Maternity / Obstetric,Corporate Insurance,83241.65,Partial,Discharged
HP101518,22-10-2024,02-11-2024,Pooja Gupta,9,Female,A-,Neurology,Dr. Priya Desai,Pregnancy Care,Physiotherapy,114,Surgical Admission,Private Insurance,104868.46,Paid,Discharged
HP101519,09-10-2025,19-10-2025,Ananya Gupta,2,Female,O-,Emergency,Dr. Kiran Shetty,Hypertension,Chemotherapy,111,Observation,Self Pay,82486.34,Paid,Discharged
HP101520,10-04-2026,16-04-2026,Ananya Joshi,67,Male,O+,Emergency,Dr. Anil Rao,Stroke,Radiation Therapy,108,ICU Admission,Private Insurance,6746.26,Paid,Discharged
HP101521,12-09-2022,27-09-2022,Ananya Kulkarni,48,Female,AB+,Orthopedics,Dr. Sneha Rao,Hypertension,Observation,517,Post-Operative Admission,Private Insurance,95968.15,Paid,Discharged
HP101522,28-06-2024,09-07-2024,Sneha Desai,69,Female,A-,Gynecology,Dr. Kavita Nair,Infection,Radiation Therapy,416,Readmission,Corporate Insurance,85504.19,Paid,Under Treatment
HP101523,15-08-2023,22-08-2023,Rahul Kulkarni,74,Female,AB-,Emergency,Dr. Sameer Khan,Chest Pain,Radiation Therapy,216,Trauma / Accident,Corporate Insurance,89947.41,Partial,Under Treatment
HP101524,24-04-2026,27-04-2026,Pooja Joshi,28,Female,B-,Dermatology,Dr. Raj Malhotra,Skin Infection,Emergency Care,403,Elective Admission,Private Insurance,5226.27,Paid,Referred
HP101525,27-08-2023,30-08-2023,Meera Reddy,79,Female,O-,General Medicine,Dr. Kiran Shetty,Arthritis,Medication,119,Emergency,Government Insurance,72968.29,Paid,Discharged
HP101526,09-08-2024,21-08-2024,Vikram Kulkarni,14,Male,A+,Orthopedics,Dr. Sneha Rao,Skin Infection,Chemotherapy,415,Scheduled / Planned,Corporate Insurance,131871.7,Paid,Discharged
HP101527,10-11-2023,20-11-2023,Vivaan Reddy,46,Female,A-,Neurology,Dr. Raj Malhotra,Migraine,Chemotherapy,213,OPD,Self Pay,53220.54,Pending,Discharged
HP101528,09-10-2021,21-10-2021,Sneha Sharma,13,Male,O+,Oncology,Dr. Asha Nair,Hypertension,IV Therapy,510,Referral,Corporate Insurance,69507.9,Paid,Referred
HP101529,07-12-2026,15-12-2026,Neha Patil,16,Male,O+,Oncology,Dr. Sameer Khan,Arthritis,Emergency Care,519,Transfer from Another Hospital,Government Insurance,22754.41,Paid,Referred
HP101530,25-11-2023,30-11-2023,Pooja Desai,40,Male,O-,Cardiology,Dr. Kavita Nair,Migraine,Routine Treatment,208,Direct Admission,Government Insurance,70283.97,Paid,Under Treatment
HP101531,17-07-2021,21-07-2021,Meera Nayak,72,Female,AB+,Oncology,Dr. Raj Malhotra,Infection,Physiotherapy,117,Day Care,Private Insurance,62387.87,Paid,Discharged
HP101532,19-12-2023,26-12-2023,Aarav Verma,81,Male,O-,Cardiology,Dr. Sneha Rao,Arthritis,Observation,418,Maternity / Obstetric,Private Insurance,133040.89,Paid,Discharged
HP101533,30-03-2024,06-04-2024,Aditya Patil,30,Male,AB+,General Medicine,Dr. Sneha Rao,Diabetes,Routine Treatment,310,Surgical Admission,Government Insurance,10138.87,Paid,Discharged
HP101534,06-10-2023,19-10-2023,Neha Sharma,81,Male,B+,General Medicine,Dr. Neha Shah,Heart Disease,Surgery,211,Observation,Self Pay,142926.35,Paid,Discharged
HP101535,14-05-2024,23-05-2024,Ananya Joshi,65,Female,AB+,Emergency,Dr. Kiran Shetty,Fever,Routine Treatment,503,ICU Admission,Private Insurance,88578.46,Paid,Under Treatment
HP101536,02-11-2023,11-11-2023,Sneha Sharma,58,Male,B+,Oncology,Dr. Sneha Rao,Heart Disease,IV Therapy,218,Post-Operative Admission,Government Insurance,81796.98,Paid,Discharged
HP101537,05-05-2022,10-05-2022,Aarav Shetty,48,Female,A+,Cardiology,Dr. Priya Desai,Chest Pain,Physiotherapy,212,Readmission,Self Pay,133499.31,Paid,Discharged
HP101538,03-10-2021,16-10-2021,Aisha Shetty,49,Male,B-,General Medicine,Dr. Raj Malhotra,Fever,Radiation Therapy,504,Trauma / Accident,Self Pay,32696.37,Paid,Under Treatment
HP101539,24-05-2024,05-06-2024,Neha Gupta,2,Male,B+,Orthopedics,Dr. Kavita Nair,Cancer,Routine Treatment,207,Elective Admission,Government Insurance,35306.95,Partial,Discharged
HP101540,28-06-2024,11-07-2024,Kavya Shetty,14,Female,A-,Emergency,Dr. Asha Nair,Diabetes,Medication,511,Emergency,Government Insurance,131791.75,Pending,Admitted
HP101541,06-05-2021,14-05-2021,Pooja Sharma,17,Female,AB-,Pediatrics,Dr. Priya Desai,Chest Pain,IV Therapy,405,Scheduled / Planned,Self Pay,139769.42,Paid,Discharged
HP101542,05-08-2021,15-08-2021,Sneha Nayak,31,Male,O+,Emergency,Dr. Neha Shah,Asthma,Routine Treatment,408,OPD,Self Pay,126482.64,Paid,Discharged
HP101543,23-04-2024,24-04-2024,Kavya Nayak,10,Male,A-,Oncology,Dr. Asha Nair,Arthritis,Surgery,404,Referral,Government Insurance,10983.42,Pending,Admitted
HP101544,31-05-2024,09-06-2024,Neha Nayak,70,Male,O+,Gynecology,Dr. Asha Nair,Diabetes,Medication,306,Transfer from Another Hospital,Government Insurance,99550.04,Paid,Discharged
HP101545,08-07-2023,16-07-2023,Arjun Reddy,37,Female,B-,Emergency,Dr. Sameer Khan,Stroke,Radiation Therapy,209,Direct Admission,Corporate Insurance,70414.93,Pending,Discharged
HP101546,10-08-2024,16-08-2024,Vivaan Patil,64,Male,O-,Cardiology,Dr. Kiran Shetty,Diabetes,Emergency Care,408,Day Care,Self Pay,122134.59,Partial,Discharged
HP101547,20-07-2025,02-08-2025,Vivaan Verma,30,Female,AB+,General Medicine,Dr. Kiran Shetty,Sinusitis,Surgery,212,Maternity / Obstetric,Private Insurance,27929.41,Paid,Discharged
HP101548,04-11-2021,07-11-2021,Neha Gupta,34,Male,AB-,General Medicine,Dr. Sneha Rao,Chest Pain,Physiotherapy,120,Surgical Admission,Corporate Insurance,138448.24,Partial,Discharged
HP101549,21-09-2024,24-09-2024,Neha Gupta,18,Male,A-,Oncology,Dr. Kiran Shetty,Heart Disease,IV Therapy,304,Observation,Corporate Insurance,53633.11,Paid,Discharged
HP101550,24-05-2026,01-06-2026,Diya Nayak,63,Male,AB-,Oncology,Dr. Sameer Khan,Cancer,Medication,205,ICU Admission,Self Pay,51868.24,Partial,Discharged
HP101551,11-06-2023,16-06-2023,Priya Gupta,49,Female,B+,Gynecology,Dr. Anil Rao,Fracture,Surgery,403,Post-Operative Admission,Self Pay,30871.97,Pending,Discharged
HP101552,10-01-2022,20-01-2022,Diya Shetty,56,Female,B-,Oncology,Dr. Suresh Patil,Migraine,Medication,312,Readmission,Corporate Insurance,6007.8,Pending,Discharged
HP101553,27-07-2026,07-08-2026,Rohan Verma,58,Male,A-,Cardiology,Dr. Sneha Rao,Hypertension,Chemotherapy,219,Trauma / Accident,Self Pay,50347.76,Paid,Under Treatment
HP101554,26-09-2024,10-10-2024,Kavya Patil,27,Female,AB+,Oncology,Dr. Kiran Shetty,Cancer,Chemotherapy,411,Elective Admission,Self Pay,26506.99,Pending,Discharged
HP101555,09-05-2021,16-05-2021,Meera Reddy,55,Male,AB-,Pediatrics,Dr. Neha Shah,Infection,IV Therapy,520,Emergency,Private Insurance,112030.24,Paid,Admitted
HP101556,12-10-2023,17-10-2023,Diya Patil,85,Female,AB+,Orthopedics,Dr. Manish Gupta,Skin Infection,Emergency Care,120,Scheduled / Planned,Government Insurance,114712.48,Paid,Discharged
HP101557,05-12-2025,13-12-2025,Rahul Desai,19,Female,AB-,Cardiology,Dr. Kavita Nair,Stroke,Physiotherapy,305,OPD,Corporate Insurance,125050.21,Paid,Discharged
HP101558,13-10-2024,23-10-2024,Kavya Patil,23,Male,A-,Gynecology,Dr. Asha Nair,Asthma,Surgery,209,Referral,Self Pay,5789.04,Paid,Discharged
HP101559,01-06-2022,11-06-2022,Kiran Patil,47,Female,B-,Orthopedics,Dr. Anil Rao,Sinusitis,Routine Treatment,113,Transfer from Another Hospital,Government Insurance,55965.1,Paid,Admitted
HP101560,27-02-2025,03-03-2025,Isha Desai,79,Female,A+,General Medicine,Dr. Kavita Nair,Cancer,Surgery,508,Direct Admission,Government Insurance,5842.12,Pending,Under Treatment
HP101561,27-03-2021,29-03-2021,Aisha Gupta,66,Male,A-,Emergency,Dr. Kavita Nair,Hypertension,Medication,518,Day Care,Government Insurance,78618.68,Paid,Discharged
HP101562,13-04-2024,16-04-2024,Priya Patil,51,Female,AB+,Neurology,Dr. Meena Shah,Diabetes,Routine Treatment,109,Maternity / Obstetric,Self Pay,136806.12,Paid,Discharged
HP101563,17-02-2024,25-02-2024,Neha Shetty,84,Male,A+,Cardiology,Dr. Sameer Khan,Chest Pain,Radiation Therapy,207,Surgical Admission,Corporate Insurance,64144.09,Paid,Discharged
HP101564,17-06-2026,02-07-2026,Ananya Desai,28,Female,O-,Oncology,Dr. Sameer Khan,Heart Disease,Radiation Therapy,506,Observation,Corporate Insurance,131681.19,Partial,Discharged
HP101565,02-12-2026,13-12-2026,Kiran Joshi,57,Male,B-,Gynecology,Dr. Raj Malhotra,Diabetes,Chemotherapy,518,ICU Admission,Self Pay,142398.93,Paid,Discharged
HP101566,30-10-2021,12-11-2021,Vivaan Kulkarni,58,Female,AB+,Cardiology,Dr. Raj Malhotra,Arthritis,Routine Treatment,310,Post-Operative Admission,Self Pay,39490.64,Paid,Discharged
HP101567,11-08-2022,18-08-2022,Vivaan Desai,15,Male,B-,Cardiology,Dr. Neha Shah,Infection,Physiotherapy,301,Readmission,Corporate Insurance,6472.48,Paid,Discharged
HP101568,14-09-2023,27-09-2023,Arjun Nayak,16,Male,AB-,Dermatology,Dr. Sneha Rao,Pregnancy Care,Radiation Therapy,117,Trauma / Accident,Corporate Insurance,112237.53,Paid,Discharged
HP101569,07-02-2026,09-02-2026,Kiran Reddy,47,Male,A-,Neurology,Dr. Meena Shah,Pregnancy Care,Medication,316,Elective Admission,Corporate Insurance,88956.49,Paid,Discharged
HP101570,11-12-2021,17-12-2021,Kiran Sharma,63,Male,B-,General Medicine,Dr. Neha Shah,Migraine,Medication,110,Emergency,Private Insurance,55336.6,Paid,Discharged
HP101571,25-03-2023,03-04-2023,Pooja Kulkarni,12,Female,AB+,General Medicine,Dr. Asha Nair,Chest Pain,Emergency Care,305,Scheduled / Planned,Government Insurance,58302.55,Paid,Discharged
HP101572,11-06-2026,26-06-2026,Neha Shetty,43,Male,A-,Neurology,Dr. Priya Desai,Skin Infection,Radiation Therapy,307,OPD,Private Insurance,16741.7,Pending,Discharged
HP101573,03-08-2024,07-08-2024,Aditya Sharma,84,Female,O+,Gynecology,Dr. Priya Desai,Asthma,Radiation Therapy,218,Referral,Private Insurance,131304.77,Paid,Discharged
HP101574,23-06-2026,02-07-2026,Diya Reddy,29,Male,AB+,Oncology,Dr. Manish Gupta,Stroke,Medication,106,Transfer from Another Hospital,Self Pay,40099.36,Paid,Discharged
HP101575,05-08-2025,07-08-2025,Meera Sharma,49,Female,AB+,Neurology,Dr. Meena Shah,Arthritis,Medication,506,Direct Admission,Government Insurance,19080.15,Paid,Under Treatment
HP101576,20-08-2024,22-08-2024,Isha Nayak,3,Female,O+,ENT,Dr. Raj Malhotra,Infection,Routine Treatment,506,Day Care,Government Insurance,118032.45,Paid,Discharged
HP101577,29-12-2023,07-01-2024,Aisha Verma,69,Other,O+,General Medicine,Dr. Priya Desai,Migraine,Routine Treatment,211,Maternity / Obstetric,Corporate Insurance,75335.81,Pending,Discharged
HP101578,07-10-2023,19-10-2023,Rohan Nayak,60,Other,A+,Cardiology,Dr. Manish Gupta,Chest Pain,Chemotherapy,109,Surgical Admission,Self Pay,115620.05,Paid,Discharged
HP101579,05-12-2022,12-12-2022,Kiran Shetty,66,Female,B+,Dermatology,Dr. Raj Malhotra,Diabetes,Medication,215,Observation,Self Pay,135771.85,Partial,Discharged
HP101580,29-07-2022,05-08-2022,Arjun Patil,26,Female,B-,Gynecology,Dr. Sameer Khan,Cancer,Surgery,303,ICU Admission,Corporate Insurance,60408.41,Paid,Discharged
HP101581,28-05-2025,29-05-2025,Rohan Kulkarni,71,Male,B-,Gynecology,Dr. Sameer Khan,Asthma,Radiation Therapy,509,Post-Operative Admission,Corporate Insurance,12898.33,Paid,Discharged
HP101582,18-01-2024,31-01-2024,Isha Verma,74,Female,A+,Orthopedics,Dr. Sneha Rao,Pregnancy Care,Radiation Therapy,405,Readmission,Private Insurance,41719.72,Paid,Under Treatment
HP101583,19-11-2022,30-11-2022,Rahul Sharma,69,Female,O-,Oncology,Dr. Suresh Patil,Fracture,IV Therapy,519,Trauma / Accident,Corporate Insurance,12405.15,Paid,Discharged
HP101584,04-05-2022,10-05-2022,Sneha Joshi,47,Male,AB-,Dermatology,Dr. Kavita Nair,Hypertension,Surgery,308,Elective Admission,Corporate Insurance,26627.44,Pending,Discharged
HP101585,09-09-2024,22-09-2024,Pooja Verma,76,Female,O-,Gynecology,Dr. Asha Nair,Fever,Physiotherapy,301,Emergency,Self Pay,128097.32,Partial,Admitted
HP101586,09-05-2022,16-05-2022,Priya Reddy,42,Male,B-,Oncology,Dr. Sameer Khan,Stroke,IV Therapy,420,Scheduled / Planned,Private Insurance,141505.93,Paid,Admitted
HP101587,26-07-2025,06-08-2025,Arjun Sharma,31,Female,O+,Oncology,Dr. Sameer Khan,Arthritis,Physiotherapy,313,OPD,Government Insurance,103152.39,Partial,Under Treatment
HP101588,26-06-2025,10-07-2025,Vikram Patil,22,Male,O-,Emergency,Dr. Meena Shah,Fracture,Medication,317,Referral,Private Insurance,111114.22,Paid,Referred
HP101589,19-01-2021,25-01-2021,Priya Nayak,17,Female,A+,Orthopedics,Dr. Raj Malhotra,Cancer,Emergency Care,220,Transfer from Another Hospital,Self Pay,111065.42,Paid,Discharged
HP101590,28-09-2023,04-10-2023,Rahul Desai,84,Female,B-,Orthopedics,Dr. Kiran Shetty,Skin Infection,IV Therapy,306,Direct Admission,Government Insurance,22886.58,Pending,Discharged
HP101591,01-05-2023,03-05-2023,Isha Gupta,20,Female,B-,General Medicine,Dr. Manish Gupta,Skin Infection,Physiotherapy,407,Day Care,Private Insurance,11831.32,Paid,Under Treatment
HP101592,20-10-2024,26-10-2024,Vikram Shetty,8,Female,AB+,Orthopedics,Dr. Kavita Nair,Heart Disease,Routine Treatment,108,Maternity / Obstetric,Corporate Insurance,106267.9,Paid,Under Treatment
HP101593,16-09-2024,20-09-2024,Vikram Nayak,49,Female,A+,General Medicine,Dr. Manish Gupta,Sinusitis,Radiation Therapy,314,Surgical Admission,Private Insurance,10425.42,Partial,Discharged
HP101594,29-09-2024,08-10-2024,Vivaan Verma,38,Male,O+,Gynecology,Dr. Kiran Shetty,Fever,Chemotherapy,401,Observation,Government Insurance,122704.45,Paid,Discharged
HP101595,02-04-2023,17-04-2023,Kavya Shetty,53,Male,AB-,Cardiology,Dr. Priya Desai,Fracture,Surgery,505,ICU Admission,Private Insurance,90715,Pending,Discharged
HP101596,31-03-2022,12-04-2022,Sneha Reddy,28,Male,B-,Neurology,Dr. Suresh Patil,Fever,IV Therapy,111,Post-Operative Admission,Private Insurance,21459,Pending,Discharged
HP101597,13-06-2025,14-06-2025,Meera Patil,77,Male,AB-,Oncology,Dr. Suresh Patil,Fever,IV Therapy,115,Readmission,Private Insurance,100597.48,Paid,Under Treatment
HP101598,12-12-2022,25-12-2022,Kavya Sharma,29,Male,B+,Gynecology,Dr. Sneha Rao,Diabetes,Emergency Care,310,Trauma / Accident,Corporate Insurance,92914.52,Paid,Under Treatment
HP101599,31-12-2026,08-01-2027,Priya Desai,72,Female,A+,Gynecology,Dr. Asha Nair,Infection,Emergency Care,113,Elective Admission,Self Pay,59564.88,Pending,Under Treatment
HP101600,06-07-2023,11-07-2023,Aarav Joshi,11,Female,A+,Cardiology,Dr. Priya Desai,Stroke,Physiotherapy,506,Emergency,Self Pay,123569.42,Paid,Discharged
HP101601,05-02-2025,06-02-2025,Kavya Nayak,47,Female,A+,Gynecology,Dr. Raj Malhotra,Cancer,Observation,402,Scheduled / Planned,Self Pay,49168.21,Paid,Under Treatment
HP101602,11-12-2024,15-12-2024,Rahul Sharma,45,Male,O+,Emergency,Dr. Kavita Nair,Skin Infection,Medication,516,OPD,Private Insurance,59796.91,Partial,Discharged
HP101603,01-11-2021,02-11-2021,Sneha Sharma,18,Male,O-,ENT,Dr. Anil Rao,Infection,Medication,512,Referral,Government Insurance,106010.33,Partial,Discharged
HP101604,06-01-2023,12-01-2023,Aditya Gupta,50,Female,O+,Oncology,Dr. Sameer Khan,Skin Infection,IV Therapy,203,Transfer from Another Hospital,Private Insurance,114044.53,Pending,Discharged
HP101605,18-05-2026,20-05-2026,Vikram Nayak,49,Male,AB+,Pediatrics,Dr. Suresh Patil,Fracture,Observation,211,Direct Admission,Private Insurance,44666.36,Paid,Discharged
HP101606,20-11-2026,05-12-2026,Aditya Shetty,22,Male,O-,General Medicine,Dr. Manish Gupta,Heart Disease,Chemotherapy,513,Day Care,Self Pay,7434,Paid,Discharged
HP101607,03-07-2026,08-07-2026,Arjun Verma,45,Male,A+,Gynecology,Dr. Kiran Shetty,Asthma,Chemotherapy,215,Maternity / Obstetric,Self Pay,30564.05,Paid,Discharged
HP101608,20-08-2023,27-08-2023,Pooja Joshi,61,Male,AB+,Pediatrics,Dr. Asha Nair,Infection,Observation,403,Surgical Admission,Corporate Insurance,43163.5,Paid,Discharged
HP101609,24-10-2023,26-10-2023,Rohan Shetty,21,Male,O+,Gynecology,Dr. Raj Malhotra,Pregnancy Care,Surgery,515,Observation,Private Insurance,136226.05,Partial,Under Treatment
HP101610,03-11-2026,09-11-2026,Rohan Joshi,71,Male,B+,Oncology,Dr. Kiran Shetty,Asthma,Observation,315,ICU Admission,Corporate Insurance,134573.53,Pending,Under Treatment
HP101611,13-01-2025,19-01-2025,Arjun Patil,61,Male,A-,Orthopedics,Dr. Kavita Nair,Infection,Radiation Therapy,212,Post-Operative Admission,Corporate Insurance,100801.16,Paid,Admitted
HP101612,02-05-2026,07-05-2026,Kavya Reddy,76,Female,AB+,Dermatology,Dr. Kavita Nair,Cancer,Surgery,305,Readmission,Corporate Insurance,107851.36,Partial,Admitted
HP101613,23-03-2024,28-03-2024,Vivaan Kulkarni,36,Male,B-,ENT,Dr. Priya Desai,Stroke,IV Therapy,104,Trauma / Accident,Self Pay,95081.67,Partial,Admitted
HP101614,27-10-2022,10-11-2022,Meera Desai,24,Male,A+,Pediatrics,Dr. Neha Shah,Arthritis,Chemotherapy,207,Elective Admission,Corporate Insurance,117981.84,Paid,Under Treatment
HP101615,12-01-2021,15-01-2021,Aisha Shetty,32,Female,O-,Pediatrics,Dr. Kiran Shetty,Fever,Emergency Care,502,Emergency,Private Insurance,55924.04,Paid,Under Treatment
HP101616,02-03-2024,17-03-2024,Aisha Nayak,59,Female,A-,General Medicine,Dr. Raj Malhotra,Heart Disease,Routine Treatment,209,Scheduled / Planned,Corporate Insurance,84272.38,Paid,Discharged
HP101617,31-10-2021,10-11-2021,Neha Reddy,75,Male,AB+,Oncology,Dr. Kavita Nair,Fever,Surgery,417,OPD,Self Pay,102245.55,Paid,Discharged
HP101618,30-10-2025,14-11-2025,Kavya Joshi,82,Female,O-,Pediatrics,Dr. Priya Desai,Diabetes,Observation,115,Referral,Private Insurance,72922.21,Paid,Discharged
HP101619,12-02-2021,22-02-2021,Vivaan Kulkarni,5,Male,O-,Oncology,Dr. Priya Desai,Skin Infection,Chemotherapy,102,Transfer from Another Hospital,Private Insurance,117036.99,Pending,Discharged
HP101620,02-08-2023,13-08-2023,Neha Shetty,16,Male,AB-,ENT,Dr. Sneha Rao,Heart Disease,Radiation Therapy,111,Direct Admission,Government Insurance,140225.19,Paid,Discharged
HP101621,11-09-2024,23-09-2024,Kavya Desai,11,Other,O+,Pediatrics,Dr. Anil Rao,Heart Disease,IV Therapy,301,Day Care,Self Pay,101251.05,Partial,Under Treatment
HP101622,10-06-2023,12-06-2023,Rahul Joshi,35,Female,AB-,Emergency,Dr. Neha Shah,Infection,IV Therapy,309,Maternity / Obstetric,Government Insurance,15827.26,Pending,Under Treatment
HP101623,02-10-2023,09-10-2023,Kiran Joshi,75,Male,B-,Cardiology,Dr. Meena Shah,Chest Pain,Observation,402,Surgical Admission,Self Pay,93484.29,Paid,Discharged
HP101624,21-01-2021,22-01-2021,Vivaan Shetty,42,Female,A-,Dermatology,Dr. Kavita Nair,Chest Pain,Routine Treatment,517,Observation,Self Pay,105965.74,Paid,Discharged
HP101625,11-02-2022,17-02-2022,Aditya Sharma,81,Female,B+,Pediatrics,Dr. Raj Malhotra,Migraine,Observation,201,ICU Admission,Self Pay,46071.45,Paid,Discharged
HP101626,12-10-2023,18-10-2023,Vivaan Gupta,10,Male,AB+,General Medicine,Dr. Raj Malhotra,Infection,Physiotherapy,410,Post-Operative Admission,Government Insurance,51656.33,Pending,Discharged
HP101627,02-12-2021,05-12-2021,Pooja Verma,82,Male,AB-,Orthopedics,Dr. Sameer Khan,Chest Pain,Routine Treatment,315,Readmission,Corporate Insurance,91330.67,Partial,Discharged
HP101628,13-01-2026,15-01-2026,Neha Nayak,8,Male,AB-,Oncology,Dr. Suresh Patil,Sinusitis,Chemotherapy,101,Trauma / Accident,Self Pay,107531.45,Paid,Discharged
HP101629,22-02-2024,05-03-2024,Neha Reddy,26,Female,AB+,Dermatology,Dr. Sneha Rao,Diabetes,Routine Treatment,511,Elective Admission,Private Insurance,131357.36,Pending,Discharged
HP101630,02-01-2026,04-01-2026,Isha Reddy,3,Male,AB-,Neurology,Dr. Manish Gupta,Skin Infection,Observation,305,Emergency,Private Insurance,115565.69,Paid,Discharged
HP101631,16-12-2022,30-12-2022,Isha Sharma,59,Female,B+,Pediatrics,Dr. Sneha Rao,Cancer,Physiotherapy,311,Scheduled / Planned,Self Pay,24425.76,Paid,Discharged
HP101632,20-02-2021,05-03-2021,Aisha Joshi,3,Male,O-,Neurology,Dr. Sneha Rao,Heart Disease,Radiation Therapy,406,OPD,Self Pay,55473.26,Partial,Under Treatment
HP101633,20-11-2021,29-11-2021,Meera Nayak,38,Male,AB-,Dermatology,Dr. Raj Malhotra,Pregnancy Care,Observation,207,Referral,Self Pay,26571.01,Paid,Discharged
HP101634,28-02-2023,11-03-2023,Kiran Joshi,2,Female,AB+,Gynecology,Dr. Neha Shah,Chest Pain,Physiotherapy,504,Transfer from Another Hospital,Corporate Insurance,114756.48,Pending,Discharged
HP101635,21-05-2021,26-05-2021,Sneha Verma,17,Female,A+,Oncology,Dr. Priya Desai,Hypertension,Observation,408,Direct Admission,Self Pay,43635.06,Pending,Discharged
HP101636,15-04-2022,22-04-2022,Isha Joshi,73,Male,AB-,Dermatology,Dr. Sameer Khan,Infection,Surgery,411,Day Care,Corporate Insurance,22908.59,Pending,Under Treatment
HP101637,26-02-2023,10-03-2023,Aarav Gupta,36,Male,AB+,Emergency,Dr. Manish Gupta,Asthma,Observation,503,Maternity / Obstetric,Corporate Insurance,18953.35,Partial,Discharged
HP101638,31-12-2025,05-01-2026,Meera Sharma,73,Female,O-,Neurology,Dr. Sameer Khan,Stroke,Chemotherapy,304,Surgical Admission,Self Pay,21601.89,Paid,Discharged
HP101639,19-09-2024,26-09-2024,Meera Joshi,2,Male,O-,Emergency,Dr. Kiran Shetty,Hypertension,Physiotherapy,105,Observation,Self Pay,40832.2,Paid,Discharged
HP101640,01-04-2026,14-04-2026,Meera Patil,85,Male,A+,Dermatology,Dr. Sameer Khan,Hypertension,Medication,520,ICU Admission,Corporate Insurance,118441.46,Pending,Referred
HP101641,22-08-2023,26-08-2023,Vivaan Nayak,34,Female,AB-,Neurology,Dr. Asha Nair,Infection,Radiation Therapy,407,Post-Operative Admission,Government Insurance,39470.54,Paid,Discharged
HP101642,08-01-2022,16-01-2022,Kavya Shetty,27,Female,AB-,Oncology,Dr. Anil Rao,Migraine,Emergency Care,220,Readmission,Corporate Insurance,45797.86,Paid,Admitted
HP101643,20-08-2025,02-09-2025,Neha Joshi,37,Male,AB+,Neurology,Dr. Kavita Nair,Cancer,Physiotherapy,307,Trauma / Accident,Private Insurance,132700.59,Pending,Discharged
HP101644,25-03-2024,05-04-2024,Ananya Kulkarni,71,Female,B-,General Medicine,Dr. Sneha Rao,Fever,Radiation Therapy,409,Elective Admission,Self Pay,69135.68,Paid,Under Treatment
HP101645,30-07-2025,13-08-2025,Aditya Patil,22,Female,B-,Neurology,Dr. Manish Gupta,Heart Disease,Emergency Care,320,Emergency,Government Insurance,78780.04,Pending,Discharged
HP101646,16-04-2021,26-04-2021,Aarav Sharma,68,Male,A-,Cardiology,Dr. Neha Shah,Skin Infection,Medication,102,Scheduled / Planned,Government Insurance,5394.73,Paid,Discharged
HP101647,14-12-2024,27-12-2024,Kavya Kulkarni,14,Female,B-,Gynecology,Dr. Manish Gupta,Stroke,Routine Treatment,516,OPD,Self Pay,16905.6,Paid,Discharged
HP101648,09-08-2025,20-08-2025,Neha Verma,23,Male,B+,Oncology,Dr. Raj Malhotra,Skin Infection,Routine Treatment,318,Referral,Government Insurance,112386.48,Pending,Discharged
HP101649,02-01-2021,12-01-2021,Isha Patil,44,Male,O-,Pediatrics,Dr. Manish Gupta,Chest Pain,Routine Treatment,111,Transfer from Another Hospital,Private Insurance,53352.15,Pending,Discharged
HP101650,08-11-2026,15-11-2026,Kiran Sharma,65,Male,A-,Orthopedics,Dr. Sameer Khan,Chest Pain,Emergency Care,408,Direct Admission,Self Pay,26683.05,Paid,Discharged
HP101651,16-12-2021,26-12-2021,Aisha Reddy,79,Male,O-,Cardiology,Dr. Manish Gupta,Chest Pain,Emergency Care,213,Day Care,Corporate Insurance,67176.9,Paid,Admitted
HP101652,10-07-2024,25-07-2024,Vikram Patil,78,Female,B-,Emergency,Dr. Priya Desai,Heart Disease,Observation,508,Maternity / Obstetric,Self Pay,11539.17,Paid,Discharged
HP101653,29-11-2023,04-12-2023,Aarav Shetty,61,Male,A+,ENT,Dr. Asha Nair,Cancer,Radiation Therapy,218,Surgical Admission,Private Insurance,107859.56,Paid,Under Treatment
HP101654,21-03-2022,01-04-2022,Priya Nayak,85,Female,O+,Gynecology,Dr. Sameer Khan,Infection,Routine Treatment,217,Observation,Government Insurance,16627.89,Paid,Discharged
HP101655,10-08-2023,16-08-2023,Vivaan Nayak,55,Male,AB+,Gynecology,Dr. Raj Malhotra,Fracture,Chemotherapy,515,ICU Admission,Self Pay,12956.83,Paid,Discharged
HP101656,05-02-2021,10-02-2021,Rahul Verma,71,Male,O-,General Medicine,Dr. Priya Desai,Arthritis,Chemotherapy,516,Post-Operative Admission,Private Insurance,65856.64,Paid,Discharged
HP101657,13-01-2024,20-01-2024,Kiran Patil,85,Female,B-,Neurology,Dr. Neha Shah,Pregnancy Care,Surgery,105,Readmission,Corporate Insurance,90125.79,Paid,Discharged
HP101658,15-01-2025,27-01-2025,Ananya Shetty,50,Female,A+,General Medicine,Dr. Neha Shah,Cancer,Surgery,315,Trauma / Accident,Private Insurance,115765.16,Paid,Admitted
HP101659,04-12-2025,06-12-2025,Arjun Verma,12,Female,O+,Neurology,Dr. Priya Desai,Arthritis,Surgery,308,Elective Admission,Self Pay,15289.37,Paid,Discharged
HP101660,20-01-2026,25-01-2026,Arjun Joshi,79,Female,A-,Dermatology,Dr. Suresh Patil,Chest Pain,Observation,304,Emergency,Private Insurance,53548.86,Paid,Admitted
HP101661,09-11-2024,24-11-2024,Isha Nayak,15,Male,AB+,Emergency,Dr. Anil Rao,Chest Pain,Routine Treatment,314,Scheduled / Planned,Corporate Insurance,43942.05,Paid,Discharged
HP101662,10-04-2024,20-04-2024,Kiran Gupta,17,Female,O-,Neurology,Dr. Raj Malhotra,Asthma,IV Therapy,406,OPD,Self Pay,112844.97,Pending,Under Treatment
HP101663,31-10-2024,15-11-2024,Kavya Reddy,34,Male,B-,Emergency,Dr. Raj Malhotra,Sinusitis,Surgery,412,Referral,Government Insurance,58566.77,Paid,Discharged
HP101664,05-09-2025,08-09-2025,Vikram Shetty,35,Female,A-,Emergency,Dr. Manish Gupta,Migraine,Observation,218,Transfer from Another Hospital,Self Pay,96038.81,Partial,Discharged
HP101665,17-10-2024,26-10-2024,Rohan Joshi,39,Female,O-,ENT,Dr. Kavita Nair,Sinusitis,Chemotherapy,401,Direct Admission,Corporate Insurance,75959.85,Partial,Under Treatment
HP101666,29-12-2026,11-01-2027,Isha Patil,78,Male,B-,Cardiology,Dr. Suresh Patil,Arthritis,IV Therapy,501,Day Care,Corporate Insurance,87600.47,Partial,Referred
HP101667,24-07-2024,30-07-2024,Arjun Desai,55,Male,A-,Pediatrics,Dr. Sameer Khan,Infection,Radiation Therapy,417,Maternity / Obstetric,Self Pay,58015.99,Paid,Under Treatment
HP101668,28-05-2024,10-06-2024,Aisha Shetty,59,Female,O-,Oncology,Dr. Asha Nair,Chest Pain,Medication,201,Surgical Admission,Corporate Insurance,39692.64,Paid,Discharged
HP101669,05-06-2022,15-06-2022,Neha Desai,5,Female,B-,General Medicine,Dr. Sameer Khan,Pregnancy Care,IV Therapy,211,Observation,Private Insurance,13662.31,Partial,Discharged
HP101670,12-12-2025,15-12-2025,Rahul Joshi,30,Male,O+,Dermatology,Dr. Neha Shah,Chest Pain,Observation,517,ICU Admission,Private Insurance,30153.04,Paid,Admitted
HP101671,10-01-2021,17-01-2021,Vikram Desai,4,Female,A+,ENT,Dr. Manish Gupta,Arthritis,Physiotherapy,206,Post-Operative Admission,Government Insurance,30027.07,Paid,Under Treatment
HP101672,11-09-2023,15-09-2023,Pooja Reddy,15,Female,B+,Oncology,Dr. Sneha Rao,Chest Pain,Chemotherapy,413,Readmission,Self Pay,140551.99,Pending,Discharged
HP101673,15-07-2025,29-07-2025,Pooja Kulkarni,35,Male,O+,ENT,Dr. Kiran Shetty,Heart Disease,Medication,311,Trauma / Accident,Government Insurance,140920.21,Paid,Discharged
HP101674,19-07-2025,22-07-2025,Meera Verma,74,Male,O-,Neurology,Dr. Priya Desai,Fever,Emergency Care,514,Elective Admission,Private Insurance,42091.19,Pending,Discharged
HP101675,21-12-2022,29-12-2022,Aditya Joshi,55,Female,A+,Orthopedics,Dr. Raj Malhotra,Infection,Radiation Therapy,102,Emergency,Government Insurance,20318.06,Paid,Discharged
HP101676,09-12-2023,22-12-2023,Kiran Patil,66,Male,AB+,Oncology,Dr. Neha Shah,Infection,Surgery,303,Scheduled / Planned,Corporate Insurance,45849.14,Paid,Discharged
HP101677,09-05-2023,13-05-2023,Sneha Kulkarni,60,Male,B-,Oncology,Dr. Kiran Shetty,Sinusitis,Emergency Care,309,OPD,Self Pay,120484.87,Paid,Discharged
HP101678,09-08-2024,20-08-2024,Pooja Reddy,24,Female,B+,Dermatology,Dr. Anil Rao,Pregnancy Care,Medication,310,Referral,Self Pay,131261.09,Paid,Admitted
HP101679,23-05-2025,24-05-2025,Meera Joshi,22,Female,O+,General Medicine,Dr. Neha Shah,Chest Pain,Emergency Care,506,Transfer from Another Hospital,Self Pay,77659.75,Partial,Discharged
HP101680,19-02-2021,25-02-2021,Neha Sharma,44,Female,B+,Gynecology,Dr. Raj Malhotra,Infection,Emergency Care,101,Direct Admission,Private Insurance,83317.26,Pending,Under Treatment
HP101681,26-05-2021,05-06-2021,Vivaan Nayak,32,Male,AB+,ENT,Dr. Neha Shah,Fracture,IV Therapy,519,Day Care,Corporate Insurance,71512.02,Partial,Admitted
HP101682,04-07-2023,15-07-2023,Vivaan Kulkarni,83,Female,O-,ENT,Dr. Kiran Shetty,Heart Disease,Chemotherapy,306,Maternity / Obstetric,Private Insurance,31506.81,Partial,Discharged
HP101683,02-01-2025,13-01-2025,Ananya Verma,51,Female,AB+,Dermatology,Dr. Anil Rao,Infection,IV Therapy,215,Surgical Admission,Corporate Insurance,12217.2,Paid,Discharged
HP101684,04-08-2022,05-08-2022,Kavya Reddy,85,Male,B+,Neurology,Dr. Asha Nair,Fever,Radiation Therapy,410,Observation,Corporate Insurance,95102.56,Paid,Under Treatment
HP101685,04-05-2025,09-05-2025,Neha Kulkarni,3,Female,AB+,Neurology,Dr. Priya Desai,Hypertension,Surgery,313,ICU Admission,Self Pay,120815.83,Pending,Discharged
HP101686,28-04-2022,05-05-2022,Neha Patil,70,Female,AB+,Orthopedics,Dr. Neha Shah,Cancer,Emergency Care,318,Post-Operative Admission,Private Insurance,113655.36,Paid,Discharged
HP101687,03-06-2024,18-06-2024,Kiran Gupta,32,Female,O-,General Medicine,Dr. Kavita Nair,Hypertension,IV Therapy,405,Readmission,Government Insurance,135542.84,Paid,Discharged
HP101688,04-11-2022,10-11-2022,Priya Nayak,2,Female,B-,Cardiology,Dr. Manish Gupta,Migraine,Surgery,514,Trauma / Accident,Government Insurance,122978.95,Pending,Discharged
HP101689,23-09-2022,07-10-2022,Rahul Nayak,59,Male,A+,Pediatrics,Dr. Suresh Patil,Sinusitis,Chemotherapy,214,Elective Admission,Self Pay,46698.54,Partial,Discharged
HP101690,24-10-2022,26-10-2022,Vivaan Kulkarni,73,Female,AB-,Dermatology,Dr. Priya Desai,Stroke,Observation,303,Emergency,Private Insurance,21937.99,Partial,Discharged
HP101691,15-09-2023,26-09-2023,Pooja Shetty,77,Female,O-,Oncology,Dr. Manish Gupta,Heart Disease,Emergency Care,107,Scheduled / Planned,Corporate Insurance,67456.41,Paid,Admitted
HP101692,27-03-2025,31-03-2025,Diya Sharma,14,Female,A-,Pediatrics,Dr. Neha Shah,Asthma,IV Therapy,407,OPD,Self Pay,55504.65,Paid,Referred
HP101693,12-10-2022,23-10-2022,Kiran Reddy,51,Other,O-,Dermatology,Dr. Priya Desai,Fever,Observation,115,Referral,Government Insurance,110644.49,Paid,Under Treatment
HP101694,27-08-2023,11-09-2023,Vikram Shetty,11,Male,B+,Pediatrics,Dr. Neha Shah,Stroke,Surgery,515,Transfer from Another Hospital,Government Insurance,14856.16,Paid,Under Treatment
HP101695,06-01-2024,08-01-2024,Arjun Kulkarni,78,Male,A-,Oncology,Dr. Meena Shah,Diabetes,Chemotherapy,203,Direct Admission,Corporate Insurance,141736.47,Paid,Discharged
HP101696,17-03-2022,28-03-2022,Neha Joshi,80,Male,B+,ENT,Dr. Kavita Nair,Asthma,IV Therapy,117,Day Care,Private Insurance,143789.38,Paid,Discharged
HP101697,10-07-2023,11-07-2023,Ananya Patil,10,Female,B+,Dermatology,Dr. Raj Malhotra,Arthritis,Physiotherapy,114,Maternity / Obstetric,Government Insurance,17809.99,Pending,Discharged
HP101698,09-02-2023,24-02-2023,Pooja Sharma,84,Male,A+,Cardiology,Dr. Kavita Nair,Arthritis,Emergency Care,320,Surgical Admission,Private Insurance,67924.73,Paid,Discharged
HP101699,05-09-2024,08-09-2024,Arjun Patil,80,Female,O+,Cardiology,Dr. Anil Rao,Diabetes,Radiation Therapy,404,Observation,Private Insurance,135376.15,Partial,Discharged
HP101700,01-01-2026,04-01-2026,Vikram Joshi,58,Male,O+,Pediatrics,Dr. Meena Shah,Pregnancy Care,Surgery,101,ICU Admission,Government Insurance,32155.79,Paid,Discharged
HP101701,20-09-2021,05-10-2021,Pooja Desai,34,Male,B+,Neurology,Dr. Kavita Nair,Asthma,Observation,515,Post-Operative Admission,Government Insurance,105371.02,Paid,Admitted
HP101702,27-04-2025,09-05-2025,Priya Joshi,80,Male,B+,Emergency,Dr. Kiran Shetty,Diabetes,Physiotherapy,216,Readmission,Self Pay,108126.05,Pending,Discharged
HP101703,26-09-2023,03-10-2023,Aisha Kulkarni,78,Female,A+,Neurology,Dr. Kavita Nair,Chest Pain,Chemotherapy,307,Trauma / Accident,Private Insurance,38871.58,Partial,Referred
HP101704,01-12-2022,02-12-2022,Priya Kulkarni,53,Female,AB+,Emergency,Dr. Suresh Patil,Asthma,Radiation Therapy,409,Elective Admission,Self Pay,5894.12,Partial,Under Treatment
HP101705,23-05-2025,01-06-2025,Vikram Joshi,28,Female,O+,Oncology,Dr. Neha Shah,Hypertension,Radiation Therapy,110,Emergency,Private Insurance,101347.99,Paid,Discharged
HP101706,26-05-2024,06-06-2024,Diya Desai,18,Female,AB-,Neurology,Dr. Anil Rao,Asthma,Observation,508,Scheduled / Planned,Government Insurance,94502.2,Partial,Discharged
HP101707,31-01-2024,06-02-2024,Ananya Nayak,26,Male,O-,General Medicine,Dr. Asha Nair,Cancer,Surgery,305,OPD,Private Insurance,99207.81,Pending,Discharged
HP101708,05-04-2024,09-04-2024,Priya Shetty,7,Male,A-,Orthopedics,Dr. Raj Malhotra,Fever,Emergency Care,506,Referral,Self Pay,27684.31,Paid,Discharged
HP101709,03-10-2023,06-10-2023,Neha Nayak,45,Other,B+,Gynecology,Dr. Neha Shah,Stroke,Physiotherapy,411,Transfer from Another Hospital,Private Insurance,92541.47,Paid,Discharged
HP101710,05-02-2021,20-02-2021,Meera Reddy,45,Female,A+,General Medicine,Dr. Sameer Khan,Hypertension,Radiation Therapy,412,Direct Admission,Government Insurance,83542.82,Paid,Under Treatment
HP101711,14-01-2023,17-01-2023,Neha Nayak,71,Male,B+,Emergency,Dr. Asha Nair,Chest Pain,Physiotherapy,119,Day Care,Self Pay,70620.51,Paid,Under Treatment
HP101712,31-10-2025,02-11-2025,Kiran Patil,35,Female,O+,Emergency,Dr. Asha Nair,Skin Infection,Surgery,504,Maternity / Obstetric,Private Insurance,117653.8,Paid,Discharged
HP101713,19-12-2021,21-12-2021,Kavya Shetty,52,Male,A+,Oncology,Dr. Neha Shah,Fever,Routine Treatment,219,Surgical Admission,Private Insurance,61303.23,Paid,Discharged
HP101714,07-04-2026,21-04-2026,Rahul Desai,21,Male,A-,Emergency,Dr. Kavita Nair,Asthma,Routine Treatment,219,Observation,Private Insurance,56223.74,Paid,Discharged
HP101715,14-03-2021,26-03-2021,Aarav Patil,28,Male,B-,Orthopedics,Dr. Manish Gupta,Arthritis,Routine Treatment,111,ICU Admission,Private Insurance,83445.81,Paid,Discharged
HP101716,08-10-2024,21-10-2024,Neha Shetty,44,Female,O+,Orthopedics,Dr. Suresh Patil,Diabetes,Physiotherapy,509,Post-Operative Admission,Corporate Insurance,141907.88,Paid,Under Treatment
HP101717,30-03-2026,09-04-2026,Diya Kulkarni,80,Male,AB+,General Medicine,Dr. Manish Gupta,Cancer,Surgery,519,Readmission,Private Insurance,54917.32,Paid,Discharged
HP101718,30-12-2023,04-01-2024,Rohan Nayak,56,Male,O-,Emergency,Dr. Sneha Rao,Hypertension,Observation,511,Trauma / Accident,Government Insurance,69572.85,Paid,Discharged
HP101719,09-12-2022,18-12-2022,Kavya Nayak,10,Male,O-,Gynecology,Dr. Meena Shah,Asthma,Surgery,103,Elective Admission,Government Insurance,43616.82,Paid,Discharged
HP101720,10-12-2025,12-12-2025,Vivaan Verma,23,Male,B-,Emergency,Dr. Sneha Rao,Skin Infection,Radiation Therapy,513,Emergency,Self Pay,103543.81,Paid,Discharged
HP101721,14-08-2023,16-08-2023,Meera Patil,48,Female,A+,ENT,Dr. Manish Gupta,Infection,Medication,502,Scheduled / Planned,Private Insurance,57792.35,Paid,Referred
HP101722,09-06-2021,21-06-2021,Kavya Sharma,52,Male,B+,Dermatology,Dr. Raj Malhotra,Skin Infection,Surgery,218,OPD,Corporate Insurance,105441.03,Pending,Admitted
HP101723,02-10-2025,08-10-2025,Sneha Joshi,15,Male,AB+,Pediatrics,Dr. Priya Desai,Hypertension,Emergency Care,406,Referral,Corporate Insurance,26127.98,Paid,Under Treatment
HP101724,05-05-2025,18-05-2025,Rohan Nayak,55,Female,O+,Emergency,Dr. Priya Desai,Fever,Routine Treatment,310,Transfer from Another Hospital,Government Insurance,43245.83,Partial,Admitted
HP101725,08-03-2021,23-03-2021,Neha Kulkarni,43,Male,A-,General Medicine,Dr. Priya Desai,Arthritis,IV Therapy,508,Direct Admission,Corporate Insurance,34914.49,Paid,Discharged
HP101726,27-02-2021,09-03-2021,Rahul Kulkarni,50,Male,O-,General Medicine,Dr. Kiran Shetty,Arthritis,IV Therapy,502,Day Care,Government Insurance,117723.39,Paid,Discharged
HP101727,08-12-2021,10-12-2021,Aisha Nayak,6,Male,O+,ENT,Dr. Meena Shah,Infection,Physiotherapy,208,Maternity / Obstetric,Private Insurance,17987.33,Pending,Admitted
HP101728,28-02-2024,11-03-2024,Aarav Verma,33,Female,AB-,General Medicine,Dr. Neha Shah,Fever,Radiation Therapy,220,Surgical Admission,Self Pay,41532.17,Pending,Discharged
HP101729,10-04-2024,14-04-2024,Kiran Gupta,62,Female,AB+,Dermatology,Dr. Asha Nair,Asthma,Emergency Care,415,Observation,Private Insurance,78571.59,Paid,Discharged
HP101730,17-05-2024,23-05-2024,Sneha Joshi,55,Male,O-,General Medicine,Dr. Sneha Rao,Infection,Surgery,409,ICU Admission,Corporate Insurance,17734.62,Partial,Discharged
HP101731,03-02-2025,08-02-2025,Rahul Verma,39,Female,B+,Cardiology,Dr. Sameer Khan,Hypertension,IV Therapy,406,Post-Operative Admission,Self Pay,6603.01,Paid,Discharged
HP101732,27-12-2025,28-12-2025,Ananya Joshi,12,Female,O-,Oncology,Dr. Manish Gupta,Infection,Observation,113,Readmission,Self Pay,105215.65,Paid,Under Treatment
HP101733,26-04-2021,11-05-2021,Diya Desai,31,Female,O-,Emergency,Dr. Manish Gupta,Stroke,Routine Treatment,514,Trauma / Accident,Government Insurance,93968.97,Paid,Discharged
HP101734,24-10-2022,30-10-2022,Kavya Verma,74,Male,B-,General Medicine,Dr. Neha Shah,Migraine,Observation,207,Elective Admission,Self Pay,6220.16,Paid,Under Treatment
HP101735,05-01-2025,06-01-2025,Vivaan Patil,53,Male,A+,Orthopedics,Dr. Kavita Nair,Asthma,Radiation Therapy,312,Emergency,Government Insurance,12037.66,Pending,Under Treatment
HP101736,12-02-2026,15-02-2026,Aarav Nayak,34,Female,B-,Orthopedics,Dr. Meena Shah,Stroke,Medication,316,Scheduled / Planned,Corporate Insurance,36808.76,Paid,Discharged
HP101737,14-10-2023,24-10-2023,Sneha Gupta,41,Female,O+,Emergency,Dr. Kavita Nair,Diabetes,IV Therapy,310,OPD,Government Insurance,136395.94,Paid,Discharged
HP101738,07-11-2021,12-11-2021,Vivaan Verma,10,Female,AB+,ENT,Dr. Manish Gupta,Pregnancy Care,Routine Treatment,304,Referral,Private Insurance,99645.41,Paid,Under Treatment
HP101739,27-07-2021,10-08-2021,Vivaan Shetty,52,Male,AB-,Oncology,Dr. Kiran Shetty,Chest Pain,Physiotherapy,120,Transfer from Another Hospital,Corporate Insurance,121725.04,Paid,Discharged
HP101740,25-09-2022,05-10-2022,Isha Shetty,75,Male,B+,Dermatology,Dr. Sameer Khan,Infection,Emergency Care,209,Direct Admission,Private Insurance,115124.33,Pending,Discharged
HP101741,04-10-2026,17-10-2026,Priya Sharma,57,Female,A+,Dermatology,Dr. Raj Malhotra,Hypertension,Emergency Care,208,Day Care,Corporate Insurance,147538.63,Paid,Discharged
HP101742,19-10-2022,24-10-2022,Arjun Shetty,78,Female,B+,General Medicine,Dr. Meena Shah,Pregnancy Care,Emergency Care,413,Maternity / Obstetric,Self Pay,142772.78,Partial,Discharged
HP101743,24-11-2024,07-12-2024,Pooja Sharma,3,Male,B+,Orthopedics,Dr. Meena Shah,Asthma,Observation,306,Surgical Admission,Corporate Insurance,14759.41,Paid,Discharged
HP101744,16-04-2026,26-04-2026,Kavya Sharma,57,Male,AB-,General Medicine,Dr. Asha Nair,Infection,Chemotherapy,302,Observation,Private Insurance,8289.81,Paid,Admitted
HP101745,07-08-2025,13-08-2025,Priya Reddy,33,Male,AB+,Gynecology,Dr. Suresh Patil,Stroke,Physiotherapy,106,ICU Admission,Corporate Insurance,77074.95,Paid,Under Treatment
HP101746,25-08-2021,09-09-2021,Aditya Desai,7,Female,B-,General Medicine,Dr. Manish Gupta,Cancer,Emergency Care,502,Post-Operative Admission,Private Insurance,44400.18,Pending,Discharged
HP101747,14-12-2021,26-12-2021,Ananya Gupta,4,Female,B+,General Medicine,Dr. Priya Desai,Fever,IV Therapy,514,Readmission,Self Pay,78162.14,Paid,Under Treatment
HP101748,22-09-2022,02-10-2022,Sneha Gupta,39,Female,O+,Neurology,Dr. Asha Nair,Migraine,Physiotherapy,215,Trauma / Accident,Private Insurance,18147.63,Pending,Discharged
HP101749,21-03-2025,29-03-2025,Rohan Gupta,48,Female,O+,Dermatology,Dr. Sneha Rao,Chest Pain,Surgery,107,Elective Admission,Government Insurance,136785.07,Pending,Discharged
HP101750,27-06-2026,02-07-2026,Rohan Verma,74,Male,B+,Gynecology,Dr. Sneha Rao,Arthritis,Medication,411,Emergency,Corporate Insurance,117244.47,Paid,Discharged
HP101751,25-06-2024,09-07-2024,Meera Gupta,79,Female,B+,Neurology,Dr. Manish Gupta,Fracture,Radiation Therapy,517,Scheduled / Planned,Private Insurance,85056.9,Partial,Under Treatment
HP101752,30-12-2021,14-01-2022,Aarav Reddy,16,Other,A+,Pediatrics,Dr. Sneha Rao,Pregnancy Care,Medication,512,OPD,Private Insurance,72435.29,Paid,Discharged
HP101753,13-10-2021,24-10-2021,Pooja Gupta,38,Female,B+,Gynecology,Dr. Manish Gupta,Heart Disease,IV Therapy,401,Referral,Private Insurance,72931.64,Paid,Discharged
HP101754,29-05-2021,30-05-2021,Neha Shetty,4,Female,O+,Pediatrics,Dr. Sameer Khan,Diabetes,IV Therapy,202,Transfer from Another Hospital,Government Insurance,94387.84,Paid,Under Treatment
HP101755,13-01-2024,18-01-2024,Meera Gupta,4,Male,B+,General Medicine,Dr. Sameer Khan,Fever,Medication,513,Direct Admission,Self Pay,84074.45,Partial,Discharged
HP101756,01-04-2022,04-04-2022,Kavya Sharma,27,Female,O-,Emergency,Dr. Sneha Rao,Chest Pain,Routine Treatment,112,Day Care,Government Insurance,74924.51,Paid,Discharged
HP101757,02-11-2025,06-11-2025,Vikram Desai,17,Female,O-,Orthopedics,Dr. Asha Nair,Asthma,IV Therapy,110,Maternity / Obstetric,Self Pay,103492.23,Pending,Under Treatment
HP101758,11-03-2023,26-03-2023,Rahul Shetty,70,Female,AB+,Neurology,Dr. Anil Rao,Migraine,Routine Treatment,405,Surgical Admission,Government Insurance,115922.24,Pending,Discharged
HP101759,30-03-2024,14-04-2024,Isha Reddy,54,Male,O+,Emergency,Dr. Raj Malhotra,Cancer,Emergency Care,207,Observation,Private Insurance,98228.29,Paid,Discharged
HP101760,10-10-2023,23-10-2023,Priya Reddy,8,Female,B+,ENT,Dr. Anil Rao,Cancer,Chemotherapy,318,ICU Admission,Government Insurance,61751.16,Paid,Admitted
HP101761,04-03-2025,12-03-2025,Priya Reddy,53,Male,AB-,Emergency,Dr. Asha Nair,Fever,Chemotherapy,404,Post-Operative Admission,Corporate Insurance,65076.98,Paid,Discharged
HP101762,26-04-2022,03-05-2022,Vivaan Desai,5,Male,O-,Oncology,Dr. Meena Shah,Hypertension,Surgery,108,Readmission,Self Pay,19287.11,Paid,Under Treatment
HP101763,14-08-2025,25-08-2025,Aditya Shetty,69,Male,AB-,Orthopedics,Dr. Sneha Rao,Skin Infection,IV Therapy,303,Trauma / Accident,Private Insurance,65109.08,Partial,Under Treatment
HP101764,02-12-2026,07-12-2026,Arjun Sharma,47,Female,O+,Cardiology,Dr. Priya Desai,Stroke,Surgery,412,Elective Admission,Self Pay,118939.88,Paid,Discharged
HP101765,21-05-2025,23-05-2025,Rahul Shetty,74,Male,B+,Cardiology,Dr. Sameer Khan,Hypertension,Observation,520,Emergency,Private Insurance,14638.22,Partial,Discharged
HP101766,07-12-2021,13-12-2021,Neha Nayak,40,Male,AB-,Orthopedics,Dr. Anil Rao,Sinusitis,Physiotherapy,212,Scheduled / Planned,Private Insurance,30450.31,Paid,Under Treatment
HP101767,04-07-2026,15-07-2026,Aditya Reddy,7,Female,AB+,General Medicine,Dr. Manish Gupta,Diabetes,Emergency Care,215,OPD,Corporate Insurance,127179.41,Partial,Discharged
HP101768,10-02-2026,16-02-2026,Vivaan Verma,12,Female,A+,Neurology,Dr. Priya Desai,Migraine,IV Therapy,315,Referral,Government Insurance,87352.39,Paid,Discharged
HP101769,15-04-2023,25-04-2023,Aisha Kulkarni,25,Female,AB-,ENT,Dr. Neha Shah,Fever,Medication,116,Transfer from Another Hospital,Corporate Insurance,102323.85,Paid,Discharged
HP101770,18-04-2024,28-04-2024,Sneha Gupta,28,Male,O+,Orthopedics,Dr. Raj Malhotra,Stroke,Surgery,201,Direct Admission,Self Pay,51626.06,Paid,Admitted
HP101771,22-09-2025,06-10-2025,Sneha Patil,43,Female,AB-,General Medicine,Dr. Manish Gupta,Chest Pain,Chemotherapy,417,Day Care,Government Insurance,75875.88,Paid,Discharged
HP101772,17-08-2025,28-08-2025,Ananya Sharma,77,Male,B-,Gynecology,Dr. Sneha Rao,Diabetes,Routine Treatment,105,Maternity / Obstetric,Self Pay,115428.57,Paid,Discharged
HP101773,07-11-2021,13-11-2021,Pooja Sharma,47,Male,AB+,Oncology,Dr. Kavita Nair,Diabetes,Medication,420,Surgical Admission,Government Insurance,132026.29,Pending,Under Treatment
HP101774,19-09-2021,03-10-2021,Vikram Nayak,49,Male,AB-,Gynecology,Dr. Anil Rao,Fever,Observation,405,Observation,Corporate Insurance,146259.95,Paid,Discharged
HP101775,13-12-2024,22-12-2024,Vivaan Nayak,54,Female,A+,Neurology,Dr. Sneha Rao,Stroke,Physiotherapy,409,ICU Admission,Private Insurance,128398.7,Paid,Discharged
HP101776,10-02-2022,21-02-2022,Sneha Desai,18,Male,B-,Gynecology,Dr. Anil Rao,Pregnancy Care,IV Therapy,405,Post-Operative Admission,Self Pay,14785.06,Partial,Discharged
HP101777,31-12-2026,08-01-2027,Aarav Shetty,27,Male,O+,General Medicine,Dr. Sameer Khan,Hypertension,IV Therapy,413,Readmission,Self Pay,54786.74,Paid,Discharged
HP101778,08-12-2021,16-12-2021,Kavya Reddy,72,Male,O+,Pediatrics,Dr. Kavita Nair,Diabetes,Surgery,407,Trauma / Accident,Corporate Insurance,113588.99,Paid,Discharged
HP101779,01-09-2024,02-09-2024,Meera Sharma,6,Female,B+,Dermatology,Dr. Neha Shah,Migraine,IV Therapy,109,Elective Admission,Corporate Insurance,65603.22,Paid,Discharged
HP101780,01-09-2021,06-09-2021,Rahul Gupta,75,Female,AB+,Dermatology,Dr. Suresh Patil,Fever,Observation,505,Emergency,Government Insurance,68273.78,Pending,Discharged
HP101781,05-05-2022,12-05-2022,Kiran Gupta,69,Female,O-,Gynecology,Dr. Sneha Rao,Cancer,Medication,211,Scheduled / Planned,Self Pay,120175.48,Paid,Discharged
HP101782,12-01-2021,18-01-2021,Aarav Verma,71,Male,AB-,Oncology,Dr. Sneha Rao,Sinusitis,Medication,205,OPD,Corporate Insurance,125845.74,Paid,Discharged
HP101783,15-07-2022,20-07-2022,Neha Joshi,22,Male,B+,Gynecology,Dr. Manish Gupta,Skin Infection,Medication,504,Referral,Government Insurance,119754.21,Partial,Admitted
HP101784,11-02-2021,19-02-2021,Aisha Gupta,59,Male,AB+,Gynecology,Dr. Raj Malhotra,Infection,Radiation Therapy,219,Transfer from Another Hospital,Government Insurance,56420.57,Pending,Discharged
HP101785,17-08-2022,20-08-2022,Kavya Nayak,47,Female,O+,General Medicine,Dr. Sameer Khan,Diabetes,Physiotherapy,215,Direct Admission,Self Pay,38061.97,Paid,Under Treatment
HP101786,23-12-2024,29-12-2024,Vivaan Kulkarni,68,Male,B-,Orthopedics,Dr. Asha Nair,Cancer,Routine Treatment,117,Day Care,Government Insurance,57017.69,Paid,Discharged
HP101787,01-01-2026,16-01-2026,Neha Verma,32,Male,AB-,Cardiology,Dr. Anil Rao,Heart Disease,Surgery,202,Maternity / Obstetric,Corporate Insurance,106700.61,Partial,Discharged
HP101788,21-08-2025,26-08-2025,Aisha Reddy,83,Female,O+,Orthopedics,Dr. Kavita Nair,Asthma,Routine Treatment,506,Surgical Admission,Corporate Insurance,57883.62,Pending,Admitted
HP101789,14-05-2021,22-05-2021,Sneha Joshi,1,Male,O-,Orthopedics,Dr. Kiran Shetty,Fracture,Routine Treatment,401,Observation,Corporate Insurance,13030.44,Paid,Discharged
HP101790,06-08-2023,10-08-2023,Rahul Gupta,54,Male,A+,Emergency,Dr. Kavita Nair,Fever,Observation,320,ICU Admission,Self Pay,121109.76,Paid,Discharged
HP101791,14-03-2021,22-03-2021,Ananya Verma,46,Male,O-,Orthopedics,Dr. Meena Shah,Migraine,Observation,215,Post-Operative Admission,Corporate Insurance,14196.95,Partial,Discharged
HP101792,03-02-2022,13-02-2022,Arjun Sharma,41,Male,AB+,ENT,Dr. Priya Desai,Heart Disease,Observation,102,Readmission,Private Insurance,149439.37,Paid,Under Treatment
HP101793,29-11-2024,13-12-2024,Vivaan Nayak,41,Female,O+,ENT,Dr. Anil Rao,Asthma,Medication,103,Trauma / Accident,Government Insurance,129927.24,Paid,Discharged
HP101794,10-05-2021,25-05-2021,Isha Gupta,8,Female,O+,Orthopedics,Dr. Raj Malhotra,Arthritis,IV Therapy,403,Elective Admission,Private Insurance,143668.92,Partial,Referred
HP101795,17-12-2025,19-12-2025,Vikram Patil,32,Male,O-,Oncology,Dr. Neha Shah,Hypertension,Emergency Care,316,Emergency,Government Insurance,125822.16,Paid,Discharged
HP101796,25-06-2026,04-07-2026,Pooja Joshi,30,Male,A+,Oncology,Dr. Manish Gupta,Fracture,Observation,414,Scheduled / Planned,Self Pay,19655.06,Partial,Referred
HP101797,23-09-2021,06-10-2021,Aarav Shetty,46,Female,O-,Gynecology,Dr. Kiran Shetty,Infection,Radiation Therapy,302,OPD,Corporate Insurance,65719.5,Paid,Discharged
HP101798,10-04-2025,19-04-2025,Isha Nayak,52,Female,O-,ENT,Dr. Priya Desai,Infection,Physiotherapy,411,Referral,Government Insurance,136650.55,Paid,Discharged
HP101799,09-06-2026,24-06-2026,Aditya Desai,61,Male,B+,ENT,Dr. Meena Shah,Stroke,Routine Treatment,303,Emergency,Government Insurance,18177.51,Paid,Discharged
HP101800,04-03-2023,18-03-2023,Rahul Reddy,13,Female,O+,Oncology,Dr. Manish Gupta,Arthritis,Chemotherapy,205,Scheduled / Planned,Corporate Insurance,49260.63,Paid,Discharged
HP101801,05-08-2024,15-08-2024,Vikram Reddy,40,Male,B+,Oncology,Dr. Manish Gupta,Hypertension,Radiation Therapy,413,OPD,Self Pay,72729.31,Partial,Discharged
HP101802,13-06-2021,23-06-2021,Rahul Joshi,61,Female,B-,Emergency,Dr. Neha Shah,Cancer,Chemotherapy,106,Referral,Private Insurance,70237.6,Pending,Discharged
HP101803,05-04-2021,18-04-2021,Kiran Nayak,44,Female,B-,Emergency,Dr. Meena Shah,Stroke,Routine Treatment,420,Transfer from Another Hospital,Self Pay,141865.7,Pending,Discharged
HP101804,11-12-2025,17-12-2025,Kiran Kulkarni,62,Female,A-,ENT,Dr. Manish Gupta,Cancer,Surgery,309,Direct Admission,Corporate Insurance,62292.2,Paid,Discharged
HP101805,08-02-2024,12-02-2024,Vikram Sharma,44,Female,A-,Dermatology,Dr. Sneha Rao,Heart Disease,Observation,507,Day Care,Private Insurance,39649.38,Paid,Discharged
HP101806,02-04-2023,06-04-2023,Aarav Reddy,48,Male,B-,Oncology,Dr. Anil Rao,Migraine,Surgery,102,Maternity / Obstetric,Corporate Insurance,69515.51,Paid,Discharged
HP101807,26-08-2021,08-09-2021,Diya Verma,74,Female,AB-,Orthopedics,Dr. Suresh Patil,Skin Infection,Radiation Therapy,201,Surgical Admission,Private Insurance,62419.09,Paid,Discharged
HP101808,15-05-2026,21-05-2026,Isha Joshi,59,Female,O-,Dermatology,Dr. Sneha Rao,Hypertension,Surgery,410,Observation,Government Insurance,95378.89,Partial,Discharged
HP101809,15-11-2023,20-11-2023,Rahul Desai,57,Female,B+,General Medicine,Dr. Raj Malhotra,Infection,Radiation Therapy,213,ICU Admission,Corporate Insurance,149151.34,Paid,Admitted
HP101810,04-08-2025,10-08-2025,Aarav Reddy,11,Male,A+,Neurology,Dr. Kavita Nair,Arthritis,Emergency Care,501,Post-Operative Admission,Corporate Insurance,84955.5,Pending,Discharged
HP101811,22-08-2023,29-08-2023,Ananya Kulkarni,25,Female,O+,ENT,Dr. Suresh Patil,Cancer,Chemotherapy,501,Readmission,Government Insurance,72022.88,Pending,Discharged
HP101812,21-06-2022,28-06-2022,Priya Kulkarni,61,Female,O-,Neurology,Dr. Raj Malhotra,Fracture,Emergency Care,408,Trauma / Accident,Corporate Insurance,91108.56,Paid,Discharged
HP101813,23-05-2025,01-06-2025,Isha Patil,46,Male,O+,Cardiology,Dr. Priya Desai,Skin Infection,Routine Treatment,405,Elective Admission,Private Insurance,147070.87,Partial,Referred
HP101814,03-06-2026,11-06-2026,Arjun Gupta,54,Male,B-,Pediatrics,Dr. Raj Malhotra,Skin Infection,Observation,318,Emergency,Corporate Insurance,95595.99,Partial,Discharged
HP101815,08-05-2021,21-05-2021,Sneha Patil,34,Male,O-,Oncology,Dr. Asha Nair,Arthritis,Medication,415,Scheduled / Planned,Self Pay,22825.52,Paid,Discharged
HP101816,02-04-2021,08-04-2021,Meera Kulkarni,84,Female,AB-,Emergency,Dr. Sneha Rao,Fever,Routine Treatment,504,OPD,Private Insurance,137339.75,Paid,Discharged
HP101817,27-06-2022,09-07-2022,Diya Reddy,7,Female,O-,Pediatrics,Dr. Anil Rao,Sinusitis,Radiation Therapy,218,Referral,Corporate Insurance,90669.16,Paid,Discharged
HP101818,26-04-2023,02-05-2023,Ananya Desai,62,Female,A+,Neurology,Dr. Meena Shah,Chest Pain,Medication,510,Transfer from Another Hospital,Government Insurance,27925.28,Paid,Under Treatment
HP101819,09-08-2025,24-08-2025,Neha Kulkarni,57,Male,A-,Oncology,Dr. Kavita Nair,Migraine,Emergency Care,520,Direct Admission,Self Pay,38421.33,Paid,Discharged
HP101820,26-01-2026,09-02-2026,Pooja Desai,76,Female,A+,General Medicine,Dr. Suresh Patil,Skin Infection,Observation,207,Day Care,Self Pay,22477.63,Partial,Under Treatment
HP101821,25-01-2022,30-01-2022,Sneha Shetty,5,Female,B-,ENT,Dr. Sameer Khan,Hypertension,Surgery,308,Maternity / Obstetric,Government Insurance,144310.24,Paid,Under Treatment
HP101822,28-02-2026,01-03-2026,Rohan Shetty,76,Male,B+,Dermatology,Dr. Kiran Shetty,Chest Pain,Physiotherapy,106,Surgical Admission,Self Pay,15273.24,Paid,Discharged
HP101823,12-02-2021,21-02-2021,Ananya Desai,35,Male,O-,Pediatrics,Dr. Sameer Khan,Asthma,Routine Treatment,208,Observation,Self Pay,115842,Paid,Discharged
HP101824,11-09-2021,20-09-2021,Aisha Desai,84,Male,B-,General Medicine,Dr. Kavita Nair,Cancer,IV Therapy,217,ICU Admission,Private Insurance,53960.48,Paid,Discharged
HP101825,20-12-2023,29-12-2023,Vikram Joshi,37,Female,O+,Pediatrics,Dr. Kavita Nair,Infection,Chemotherapy,312,Post-Operative Admission,Corporate Insurance,16761.33,Partial,Under Treatment
HP101826,21-03-2025,05-04-2025,Vivaan Gupta,60,Male,O+,Dermatology,Dr. Neha Shah,Hypertension,Surgery,317,Readmission,Private Insurance,67907.85,Pending,Discharged
HP101827,08-05-2026,19-05-2026,Ananya Verma,65,Male,AB+,Pediatrics,Dr. Kavita Nair,Arthritis,Radiation Therapy,220,Trauma / Accident,Government Insurance,5039.12,Paid,Under Treatment
HP101828,04-10-2022,12-10-2022,Vikram Nayak,16,Male,AB-,ENT,Dr. Kavita Nair,Chest Pain,Physiotherapy,319,Elective Admission,Private Insurance,123504.53,Partial,Discharged
HP101829,21-11-2022,04-12-2022,Aarav Reddy,30,Female,AB-,Dermatology,Dr. Kavita Nair,Heart Disease,Medication,419,Emergency,Self Pay,83577.63,Paid,Discharged
HP101830,30-06-2024,10-07-2024,Sneha Verma,73,Male,AB-,Dermatology,Dr. Meena Shah,Infection,Radiation Therapy,120,Scheduled / Planned,Government Insurance,70503.25,Paid,Referred
HP101831,05-05-2026,18-05-2026,Meera Patil,42,Male,AB+,Emergency,Dr. Asha Nair,Fracture,Routine Treatment,104,OPD,Corporate Insurance,125237.99,Partial,Discharged
HP101832,16-12-2023,19-12-2023,Priya Patil,61,Male,AB+,ENT,Dr. Kavita Nair,Fever,Radiation Therapy,103,Referral,Government Insurance,80301.44,Paid,Discharged
HP101833,26-01-2025,27-01-2025,Priya Patil,74,Male,B+,ENT,Dr. Suresh Patil,Fracture,Medication,404,Transfer from Another Hospital,Government Insurance,91318.25,Partial,Discharged
HP101834,02-04-2022,13-04-2022,Vikram Verma,77,Male,AB-,Gynecology,Dr. Asha Nair,Hypertension,Chemotherapy,106,Direct Admission,Self Pay,123148.53,Partial,Under Treatment
HP101835,10-09-2023,22-09-2023,Neha Shetty,48,Female,B-,Dermatology,Dr. Kavita Nair,Arthritis,Chemotherapy,307,Day Care,Private Insurance,109482.75,Paid,Discharged
HP101836,01-11-2026,13-11-2026,Kavya Sharma,62,Female,AB+,ENT,Dr. Suresh Patil,Diabetes,Observation,316,Maternity / Obstetric,Self Pay,100560.69,Paid,Under Treatment
HP101837,28-01-2024,05-02-2024,Arjun Nayak,84,Female,B-,Pediatrics,Dr. Suresh Patil,Diabetes,Radiation Therapy,402,Surgical Admission,Self Pay,107100.45,Pending,Under Treatment
HP101838,29-05-2021,05-06-2021,Arjun Joshi,64,Female,A-,Oncology,Dr. Priya Desai,Fever,IV Therapy,407,Observation,Private Insurance,43130.6,Paid,Discharged
HP101839,14-09-2024,27-09-2024,Kavya Patil,57,Male,AB-,Neurology,Dr. Sneha Rao,Heart Disease,Observation,409,ICU Admission,Private Insurance,22000.94,Paid,Discharged
HP101840,25-03-2024,30-03-2024,Neha Joshi,68,Female,AB+,Dermatology,Dr. Raj Malhotra,Stroke,IV Therapy,111,Post-Operative Admission,Self Pay,95286.74,Paid,Discharged
HP101841,09-07-2021,19-07-2021,Rahul Kulkarni,46,Male,AB+,Oncology,Dr. Kiran Shetty,Hypertension,Surgery,116,Readmission,Corporate Insurance,37482.4,Pending,Discharged
HP101842,02-06-2023,09-06-2023,Kiran Reddy,28,Male,B+,Orthopedics,Dr. Sameer Khan,Skin Infection,Observation,106,Trauma / Accident,Private Insurance,11904.93,Paid,Discharged
HP101843,04-02-2022,14-02-2022,Aditya Joshi,77,Female,B-,Oncology,Dr. Raj Malhotra,Fever,Radiation Therapy,307,Elective Admission,Corporate Insurance,41876.7,Paid,Discharged
HP101844,01-09-2022,05-09-2022,Diya Desai,3,Female,B+,ENT,Dr. Neha Shah,Fracture,Chemotherapy,202,Emergency,Self Pay,109439.09,Partial,Admitted
HP101845,01-12-2025,10-12-2025,Ananya Reddy,37,Female,B+,Gynecology,Dr. Anil Rao,Arthritis,Radiation Therapy,413,Scheduled / Planned,Private Insurance,107721.13,Partial,Under Treatment
HP101846,27-06-2025,08-07-2025,Priya Shetty,48,Female,B-,General Medicine,Dr. Kiran Shetty,Migraine,Chemotherapy,515,OPD,Self Pay,135972.65,Pending,Discharged
HP101847,25-04-2025,05-05-2025,Aisha Joshi,19,Other,A-,Neurology,Dr. Manish Gupta,Sinusitis,Chemotherapy,118,Referral,Private Insurance,102907.99,Paid,Discharged
HP101848,19-11-2026,03-12-2026,Rohan Joshi,83,Female,B-,Dermatology,Dr. Asha Nair,Infection,Chemotherapy,414,Transfer from Another Hospital,Government Insurance,68760.38,Paid,Discharged
HP101849,14-10-2024,16-10-2024,Arjun Verma,17,Female,A-,Cardiology,Dr. Kiran Shetty,Stroke,Surgery,211,Direct Admission,Private Insurance,42772.41,Pending,Admitted
HP101850,04-11-2024,13-11-2024,Isha Patil,82,Female,B+,Dermatology,Dr. Raj Malhotra,Hypertension,Physiotherapy,114,Day Care,Self Pay,114968.05,Paid,Discharged
HP101851,31-03-2023,09-04-2023,Isha Nayak,82,Male,A-,Oncology,Dr. Suresh Patil,Fever,Medication,314,Maternity / Obstetric,Private Insurance,64735.78,Paid,Under Treatment
HP101852,31-03-2023,05-04-2023,Kiran Gupta,40,Male,AB-,Oncology,Dr. Raj Malhotra,Heart Disease,Surgery,507,Surgical Admission,Private Insurance,123245.85,Paid,Admitted
HP101853,24-02-2022,07-03-2022,Priya Joshi,50,Female,A-,Dermatology,Dr. Kiran Shetty,Chest Pain,Emergency Care,519,Observation,Self Pay,128485.67,Paid,Discharged
HP101854,04-05-2021,05-05-2021,Kiran Gupta,73,Male,O-,Oncology,Dr. Anil Rao,Chest Pain,Surgery,209,ICU Admission,Private Insurance,55977.3,Partial,Under Treatment
HP101855,26-02-2022,05-03-2022,Rahul Reddy,29,Male,A-,Orthopedics,Dr. Kiran Shetty,Skin Infection,Medication,217,Post-Operative Admission,Government Insurance,54854.54,Paid,Discharged
HP101856,17-02-2025,27-02-2025,Vivaan Nayak,51,Male,O-,General Medicine,Dr. Suresh Patil,Stroke,Radiation Therapy,504,Readmission,Corporate Insurance,137476.83,Partial,Under Treatment
HP101857,17-05-2025,27-05-2025,Vikram Shetty,42,Male,AB+,General Medicine,Dr. Asha Nair,Pregnancy Care,Routine Treatment,507,Trauma / Accident,Corporate Insurance,62602.65,Paid,Referred
HP101858,07-02-2023,11-02-2023,Isha Verma,29,Female,AB+,General Medicine,Dr. Suresh Patil,Pregnancy Care,Chemotherapy,401,Elective Admission,Government Insurance,107486.77,Paid,Discharged
HP101859,07-08-2026,16-08-2026,Neha Verma,66,Female,O+,Emergency,Dr. Kavita Nair,Cancer,Physiotherapy,108,Emergency,Government Insurance,59783.47,Pending,Discharged
HP101860,10-11-2026,16-11-2026,Aisha Shetty,17,Female,B+,Gynecology,Dr. Neha Shah,Stroke,Medication,416,Scheduled / Planned,Corporate Insurance,111035.76,Paid,Discharged
HP101861,30-03-2025,12-04-2025,Kavya Shetty,31,Female,B-,Oncology,Dr. Anil Rao,Hypertension,Observation,104,OPD,Government Insurance,30171.96,Paid,Discharged
HP101862,31-10-2025,03-11-2025,Diya Gupta,52,Female,A-,Emergency,Dr. Suresh Patil,Arthritis,Physiotherapy,318,Referral,Private Insurance,126203.4,Paid,Discharged
HP101863,07-08-2026,13-08-2026,Vivaan Reddy,39,Female,AB-,General Medicine,Dr. Anil Rao,Hypertension,Physiotherapy,520,Transfer from Another Hospital,Corporate Insurance,147558.13,Paid,Under Treatment
HP101864,25-05-2022,07-06-2022,Rahul Verma,60,Female,AB+,Dermatology,Dr. Priya Desai,Chest Pain,Surgery,315,Direct Admission,Corporate Insurance,116037.02,Partial,Under Treatment
HP101865,21-04-2024,01-05-2024,Kavya Verma,51,Male,B-,Oncology,Dr. Kiran Shetty,Pregnancy Care,Physiotherapy,519,Day Care,Corporate Insurance,57073.07,Paid,Discharged
HP101866,21-01-2022,27-01-2022,Kavya Desai,84,Male,AB-,Emergency,Dr. Neha Shah,Pregnancy Care,IV Therapy,310,Maternity / Obstetric,Government Insurance,85504.56,Partial,Discharged
HP101867,17-05-2025,22-05-2025,Isha Desai,16,Male,A-,Oncology,Dr. Sameer Khan,Diabetes,Observation,114,Surgical Admission,Private Insurance,102092.04,Pending,Referred
HP101868,12-01-2023,14-01-2023,Ananya Nayak,14,Female,B-,Orthopedics,Dr. Meena Shah,Arthritis,Medication,507,Observation,Corporate Insurance,32966.51,Pending,Admitted
HP101869,27-03-2026,06-04-2026,Kiran Nayak,84,Female,O+,Orthopedics,Dr. Kavita Nair,Pregnancy Care,Medication,117,ICU Admission,Government Insurance,46020.81,Paid,Discharged
HP101870,17-12-2024,27-12-2024,Aditya Shetty,42,Female,O-,Gynecology,Dr. Asha Nair,Pregnancy Care,Medication,107,Post-Operative Admission,Corporate Insurance,121256.76,Pending,Under Treatment
HP101871,20-06-2023,22-06-2023,Neha Nayak,51,Female,O-,ENT,Dr. Raj Malhotra,Arthritis,Routine Treatment,102,Readmission,Government Insurance,142066.35,Partial,Discharged
HP101872,14-10-2026,21-10-2026,Aarav Shetty,24,Male,AB-,Cardiology,Dr. Sneha Rao,Arthritis,Routine Treatment,219,Trauma / Accident,Self Pay,44481.07,Paid,Discharged
HP101873,03-07-2026,05-07-2026,Vivaan Patil,82,Male,A+,General Medicine,Dr. Manish Gupta,Fracture,Routine Treatment,115,Elective Admission,Private Insurance,26399.56,Paid,Referred
HP101874,30-08-2021,11-09-2021,Neha Nayak,43,Female,AB-,ENT,Dr. Sneha Rao,Infection,Observation,312,Emergency,Corporate Insurance,147335.16,Pending,Under Treatment
HP101875,14-07-2026,20-07-2026,Meera Reddy,73,Male,AB-,Gynecology,Dr. Meena Shah,Stroke,Observation,202,Scheduled / Planned,Private Insurance,51395.45,Paid,Discharged
HP101876,22-06-2021,27-06-2021,Pooja Joshi,19,Female,A-,Neurology,Dr. Manish Gupta,Pregnancy Care,Chemotherapy,515,OPD,Corporate Insurance,117878.87,Paid,Discharged
HP101877,03-11-2022,07-11-2022,Aarav Kulkarni,84,Female,O-,ENT,Dr. Kiran Shetty,Diabetes,Physiotherapy,207,Referral,Private Insurance,59956.62,Pending,Discharged
HP101878,13-06-2021,20-06-2021,Kiran Shetty,61,Female,B-,Cardiology,Dr. Kavita Nair,Fever,Physiotherapy,117,Transfer from Another Hospital,Self Pay,142616.33,Paid,Discharged
HP101879,10-04-2022,18-04-2022,Priya Desai,63,Male,A-,Cardiology,Dr. Anil Rao,Infection,Observation,107,Direct Admission,Private Insurance,91932.77,Paid,Discharged
HP101880,12-05-2022,16-05-2022,Meera Nayak,26,Female,A-,Dermatology,Dr. Asha Nair,Hypertension,Emergency Care,302,Day Care,Self Pay,65191.56,Partial,Discharged
HP101881,01-12-2022,02-12-2022,Vikram Gupta,35,Female,A+,Oncology,Dr. Kiran Shetty,Chest Pain,Medication,302,Maternity / Obstetric,Corporate Insurance,30858.3,Paid,Discharged
HP101882,04-12-2022,05-12-2022,Sneha Gupta,67,Other,O+,Orthopedics,Dr. Kiran Shetty,Diabetes,Physiotherapy,513,Surgical Admission,Private Insurance,42059.25,Paid,Discharged
HP101883,25-04-2026,26-04-2026,Kavya Gupta,56,Female,AB-,ENT,Dr. Neha Shah,Asthma,IV Therapy,220,Observation,Government Insurance,129260.56,Paid,Under Treatment
HP101884,27-11-2025,08-12-2025,Aisha Gupta,40,Female,B-,Emergency,Dr. Anil Rao,Migraine,Observation,309,ICU Admission,Corporate Insurance,13257.22,Partial,Admitted
HP101885,02-07-2021,03-07-2021,Meera Joshi,29,Male,O+,ENT,Dr. Sameer Khan,Chest Pain,Radiation Therapy,507,Post-Operative Admission,Self Pay,27742.22,Paid,Discharged
HP101886,21-09-2022,26-09-2022,Pooja Desai,6,Female,B+,Cardiology,Dr. Sneha Rao,Asthma,Routine Treatment,113,Readmission,Self Pay,32931.22,Paid,Discharged
HP101887,28-09-2025,02-10-2025,Aditya Gupta,52,Female,AB+,Cardiology,Dr. Anil Rao,Fever,Radiation Therapy,109,Trauma / Accident,Self Pay,15248.56,Paid,Under Treatment
HP101888,30-06-2022,13-07-2022,Vivaan Reddy,1,Male,O+,Gynecology,Dr. Manish Gupta,Infection,Routine Treatment,203,Elective Admission,Corporate Insurance,104417.79,Paid,Discharged
HP101889,07-05-2025,21-05-2025,Vikram Shetty,52,Male,A-,Cardiology,Dr. Anil Rao,Pregnancy Care,Radiation Therapy,405,Emergency,Corporate Insurance,147284.42,Pending,Discharged
HP101890,16-09-2022,25-09-2022,Meera Joshi,24,Male,A-,ENT,Dr. Neha Shah,Arthritis,Medication,212,Scheduled / Planned,Private Insurance,25183.97,Paid,Admitted
HP101891,17-08-2022,01-09-2022,Ananya Shetty,34,Female,O-,Gynecology,Dr. Kiran Shetty,Fracture,Chemotherapy,412,OPD,Government Insurance,120845.23,Pending,Discharged
HP101892,14-01-2023,17-01-2023,Neha Verma,7,Male,A-,Pediatrics,Dr. Kiran Shetty,Skin Infection,Routine Treatment,514,Referral,Self Pay,30593.28,Paid,Discharged
HP101893,04-11-2025,18-11-2025,Ananya Shetty,75,Male,A-,Gynecology,Dr. Priya Desai,Chest Pain,Medication,210,Transfer from Another Hospital,Self Pay,146198.19,Paid,Discharged
HP101894,30-12-2024,06-01-2025,Pooja Nayak,11,Female,AB+,General Medicine,Dr. Anil Rao,Cancer,Medication,518,Direct Admission,Private Insurance,78522.42,Paid,Discharged
HP101895,03-05-2026,14-05-2026,Meera Verma,36,Female,B+,Cardiology,Dr. Sneha Rao,Hypertension,Surgery,317,Day Care,Private Insurance,127889.83,Paid,Discharged
HP101896,31-08-2026,08-09-2026,Neha Shetty,20,Male,A+,Dermatology,Dr. Raj Malhotra,Pregnancy Care,IV Therapy,211,Maternity / Obstetric,Government Insurance,29730.61,Pending,Discharged
HP101897,15-04-2021,21-04-2021,Aarav Sharma,63,Male,B+,Oncology,Dr. Kiran Shetty,Chest Pain,Radiation Therapy,312,Surgical Admission,Self Pay,133362.21,Paid,Discharged
HP101898,17-01-2021,29-01-2021,Rohan Nayak,80,Male,AB+,Emergency,Dr. Kavita Nair,Arthritis,Radiation Therapy,312,Observation,Corporate Insurance,16837.68,Paid,Discharged
HP101899,28-01-2022,10-02-2022,Ananya Reddy,63,Male,B-,General Medicine,Dr. Kavita Nair,Skin Infection,Observation,319,ICU Admission,Corporate Insurance,8319.37,Paid,Admitted
HP101900,01-03-2022,11-03-2022,Kavya Gupta,69,Male,A+,General Medicine,Dr. Asha Nair,Asthma,Chemotherapy,103,Post-Operative Admission,Corporate Insurance,107799.27,Pending,Discharged
HP101901,17-12-2026,30-12-2026,Vikram Reddy,30,Female,A+,Emergency,Dr. Anil Rao,Fracture,Chemotherapy,515,Readmission,Self Pay,20445.56,Partial,Referred
HP101902,26-07-2022,27-07-2022,Rahul Joshi,30,Female,B-,General Medicine,Dr. Asha Nair,Fever,Routine Treatment,517,Trauma / Accident,Corporate Insurance,130541.28,Pending,Discharged
HP101903,08-09-2026,16-09-2026,Priya Desai,84,Female,AB-,Oncology,Dr. Neha Shah,Chest Pain,Routine Treatment,312,Elective Admission,Self Pay,95084.76,Paid,Discharged
HP101904,26-01-2024,10-02-2024,Aisha Kulkarni,22,Male,A-,General Medicine,Dr. Sameer Khan,Stroke,Physiotherapy,105,Emergency,Corporate Insurance,52992.34,Paid,Discharged
HP101905,30-08-2021,09-09-2021,Aditya Desai,61,Female,O-,ENT,Dr. Sneha Rao,Pregnancy Care,Radiation Therapy,505,Scheduled / Planned,Self Pay,45204.85,Paid,Under Treatment
HP101906,28-02-2023,03-03-2023,Rahul Desai,21,Female,O-,General Medicine,Dr. Anil Rao,Hypertension,IV Therapy,303,OPD,Self Pay,16879.57,Paid,Discharged
HP101907,16-12-2022,24-12-2022,Rahul Nayak,37,Male,AB+,Emergency,Dr. Sneha Rao,Asthma,IV Therapy,102,Referral,Corporate Insurance,104573.95,Paid,Under Treatment
HP101908,29-01-2023,10-02-2023,Neha Patil,27,Male,B-,ENT,Dr. Priya Desai,Heart Disease,Radiation Therapy,310,Transfer from Another Hospital,Corporate Insurance,137969,Paid,Discharged
HP101909,15-02-2023,19-02-2023,Pooja Reddy,35,Female,O-,Pediatrics,Dr. Suresh Patil,Pregnancy Care,Emergency Care,211,Direct Admission,Government Insurance,114731.93,Paid,Discharged
HP101910,20-03-2021,28-03-2021,Meera Verma,38,Female,B+,Emergency,Dr. Suresh Patil,Hypertension,Medication,114,Day Care,Self Pay,94812.19,Paid,Discharged
HP101911,06-05-2023,17-05-2023,Aisha Verma,60,Male,B+,ENT,Dr. Anil Rao,Chest Pain,Observation,201,Maternity / Obstetric,Private Insurance,22212.69,Paid,Discharged
HP101912,10-12-2024,11-12-2024,Rohan Reddy,70,Female,AB-,Oncology,Dr. Priya Desai,Infection,Routine Treatment,114,Surgical Admission,Self Pay,125006.25,Paid,Discharged
HP101913,05-11-2026,08-11-2026,Sneha Joshi,32,Female,B-,General Medicine,Dr. Kavita Nair,Skin Infection,IV Therapy,308,Observation,Corporate Insurance,144980.67,Paid,Discharged
HP101914,19-11-2026,25-11-2026,Meera Joshi,80,Female,AB+,General Medicine,Dr. Anil Rao,Asthma,Observation,209,ICU Admission,Self Pay,43108.51,Partial,Referred
HP101915,29-10-2023,13-11-2023,Ananya Sharma,80,Male,AB-,Cardiology,Dr. Manish Gupta,Infection,Medication,315,Post-Operative Admission,Self Pay,65952.68,Partial,Discharged
HP101916,25-04-2023,10-05-2023,Aditya Desai,27,Female,AB-,General Medicine,Dr. Asha Nair,Migraine,Routine Treatment,111,Readmission,Self Pay,7037.41,Paid,Under Treatment
HP101917,28-03-2021,06-04-2021,Ananya Reddy,3,Male,AB-,ENT,Dr. Asha Nair,Arthritis,Radiation Therapy,310,Trauma / Accident,Self Pay,125626.18,Partial,Discharged
HP101918,22-09-2026,24-09-2026,Kavya Shetty,49,Female,O-,Pediatrics,Dr. Manish Gupta,Fracture,Physiotherapy,204,Elective Admission,Government Insurance,8008.11,Paid,Discharged
HP101919,12-02-2022,23-02-2022,Isha Joshi,85,Female,O-,Gynecology,Dr. Sameer Khan,Chest Pain,Routine Treatment,218,Emergency,Private Insurance,75543.71,Paid,Under Treatment
HP101920,27-07-2025,28-07-2025,Kiran Joshi,30,Male,A+,General Medicine,Dr. Kavita Nair,Infection,Medication,120,Scheduled / Planned,Government Insurance,88588.07,Paid,Discharged
HP101921,28-05-2021,12-06-2021,Sneha Shetty,22,Female,A+,Pediatrics,Dr. Sneha Rao,Skin Infection,Observation,409,OPD,Private Insurance,13053.58,Paid,Discharged
HP101922,20-08-2021,30-08-2021,Isha Patil,19,Male,A-,Oncology,Dr. Raj Malhotra,Infection,IV Therapy,206,Referral,Private Insurance,30471.85,Paid,Discharged
HP101923,05-05-2026,08-05-2026,Aarav Patil,31,Female,O-,ENT,Dr. Asha Nair,Sinusitis,Observation,519,Transfer from Another Hospital,Private Insurance,119670.93,Paid,Discharged
HP101924,01-01-2022,05-01-2022,Vikram Kulkarni,20,Male,AB+,Emergency,Dr. Sneha Rao,Pregnancy Care,Observation,415,Direct Admission,Corporate Insurance,41617.38,Paid,Referred
HP101925,02-08-2025,13-08-2025,Rahul Reddy,19,Female,B+,Orthopedics,Dr. Suresh Patil,Migraine,Routine Treatment,511,Day Care,Self Pay,110084.71,Paid,Discharged
HP101926,12-03-2022,17-03-2022,Kavya Verma,2,Male,B+,Oncology,Dr. Suresh Patil,Diabetes,IV Therapy,502,Maternity / Obstetric,Government Insurance,113632.15,Paid,Referred
HP101927,03-02-2022,06-02-2022,Ananya Joshi,40,Female,A-,General Medicine,Dr. Neha Shah,Fracture,Medication,111,Surgical Admission,Private Insurance,64061.16,Paid,Under Treatment
HP101928,19-05-2024,01-06-2024,Ananya Reddy,39,Female,B+,Cardiology,Dr. Priya Desai,Hypertension,Chemotherapy,210,Observation,Corporate Insurance,14243.91,Paid,Discharged
HP101929,15-11-2024,25-11-2024,Pooja Patil,72,Female,AB-,Pediatrics,Dr. Priya Desai,Arthritis,Emergency Care,104,ICU Admission,Private Insurance,6566.96,Pending,Under Treatment
HP101930,17-07-2022,28-07-2022,Isha Reddy,54,Male,O-,General Medicine,Dr. Meena Shah,Arthritis,Routine Treatment,517,Post-Operative Admission,Corporate Insurance,76414.48,Paid,Admitted
HP101931,08-07-2024,10-07-2024,Vivaan Nayak,27,Female,A-,Gynecology,Dr. Sameer Khan,Asthma,Observation,105,Readmission,Corporate Insurance,15360.88,Paid,Under Treatment
HP101932,12-02-2023,14-02-2023,Arjun Desai,79,Male,A-,Gynecology,Dr. Suresh Patil,Fracture,Emergency Care,307,Trauma / Accident,Self Pay,110338.51,Pending,Under Treatment
HP101933,31-07-2026,07-08-2026,Isha Nayak,12,Female,B-,Oncology,Dr. Manish Gupta,Migraine,Chemotherapy,510,Elective Admission,Self Pay,60219.47,Partial,Discharged
HP101934,05-09-2024,14-09-2024,Isha Reddy,78,Female,A+,Gynecology,Dr. Kavita Nair,Hypertension,Observation,307,Emergency,Government Insurance,104077.03,Pending,Under Treatment
HP101935,26-12-2026,05-01-2027,Aarav Shetty,71,Female,AB+,Orthopedics,Dr. Kiran Shetty,Fracture,Routine Treatment,117,Scheduled / Planned,Private Insurance,64183.45,Paid,Discharged
HP101936,23-04-2025,25-04-2025,Vikram Verma,17,Female,AB+,Dermatology,Dr. Raj Malhotra,Fracture,Medication,108,OPD,Private Insurance,96108.72,Paid,Discharged
HP101937,19-09-2023,26-09-2023,Vivaan Sharma,84,Male,A+,Orthopedics,Dr. Neha Shah,Cancer,Medication,514,Referral,Private Insurance,125787.59,Paid,Discharged
HP101938,31-05-2024,07-06-2024,Kavya Desai,10,Female,AB-,Gynecology,Dr. Sameer Khan,Migraine,Physiotherapy,120,Transfer from Another Hospital,Corporate Insurance,133245.68,Pending,Discharged
HP101939,26-12-2021,06-01-2022,Diya Sharma,19,Male,AB+,Oncology,Dr. Manish Gupta,Diabetes,Routine Treatment,111,Direct Admission,Government Insurance,7448.01,Paid,Discharged
HP101940,10-07-2023,17-07-2023,Rahul Kulkarni,82,Female,B+,Cardiology,Dr. Sneha Rao,Diabetes,IV Therapy,308,Day Care,Self Pay,98598.33,Pending,Discharged
HP101941,21-08-2023,24-08-2023,Neha Shetty,30,Female,B+,ENT,Dr. Kavita Nair,Pregnancy Care,Medication,311,Maternity / Obstetric,Self Pay,86799.52,Pending,Discharged
HP101942,02-01-2026,14-01-2026,Rahul Joshi,30,Female,AB+,Dermatology,Dr. Neha Shah,Diabetes,IV Therapy,403,Surgical Admission,Government Insurance,97370.54,Partial,Discharged
HP101943,02-06-2025,09-06-2025,Rohan Kulkarni,25,Female,O+,Emergency,Dr. Neha Shah,Sinusitis,Emergency Care,519,Observation,Self Pay,13423.77,Paid,Discharged
HP101944,29-06-2025,30-06-2025,Ananya Reddy,74,Male,O+,Orthopedics,Dr. Manish Gupta,Asthma,Observation,501,ICU Admission,Private Insurance,15134.95,Pending,Under Treatment
HP101945,05-08-2021,15-08-2021,Kavya Reddy,66,Female,O-,ENT,Dr. Sneha Rao,Stroke,Chemotherapy,508,Post-Operative Admission,Corporate Insurance,77062.11,Pending,Discharged
HP101946,13-01-2022,14-01-2022,Arjun Patil,35,Male,B-,Neurology,Dr. Suresh Patil,Pregnancy Care,Physiotherapy,106,Readmission,Private Insurance,13281.66,Paid,Discharged
HP101947,29-04-2021,04-05-2021,Arjun Nayak,51,Female,AB+,Emergency,Dr. Neha Shah,Diabetes,IV Therapy,310,Trauma / Accident,Government Insurance,117579.56,Paid,Discharged
HP101948,09-07-2021,24-07-2021,Kavya Gupta,71,Female,A-,Cardiology,Dr. Sneha Rao,Infection,Emergency Care,308,Elective Admission,Self Pay,117009.13,Paid,Under Treatment
HP101949,05-01-2022,07-01-2022,Aisha Verma,71,Male,AB-,Oncology,Dr. Neha Shah,Diabetes,Chemotherapy,505,Emergency,Government Insurance,22011.99,Pending,Discharged
HP101950,07-12-2025,16-12-2025,Aarav Patil,27,Male,O-,Dermatology,Dr. Sameer Khan,Stroke,Surgery,216,Scheduled / Planned,Government Insurance,70983.39,Paid,Discharged
HP101951,14-10-2022,29-10-2022,Neha Patil,10,Male,O-,Oncology,Dr. Raj Malhotra,Asthma,IV Therapy,102,OPD,Self Pay,91272.24,Pending,Discharged
HP101952,26-02-2026,05-03-2026,Priya Reddy,43,Other,A-,Cardiology,Dr. Sameer Khan,Heart Disease,Chemotherapy,303,Referral,Government Insurance,129619.63,Pending,Referred
HP101953,20-02-2025,24-02-2025,Neha Shetty,55,Male,A+,Gynecology,Dr. Neha Shah,Hypertension,Chemotherapy,117,Emergency,Private Insurance,148322.34,Pending,Discharged
HP101954,09-02-2023,13-02-2023,Neha Kulkarni,71,Female,AB-,Cardiology,Dr. Anil Rao,Diabetes,Physiotherapy,402,Scheduled / Planned,Government Insurance,7497.1,Partial,Discharged
HP101955,20-02-2023,22-02-2023,Ananya Desai,6,Female,AB-,General Medicine,Dr. Suresh Patil,Heart Disease,Radiation Therapy,219,OPD,Corporate Insurance,74069.17,Paid,Referred
HP101956,13-09-2025,18-09-2025,Rohan Joshi,6,Male,B+,Dermatology,Dr. Meena Shah,Migraine,Medication,417,Referral,Private Insurance,121476.29,Partial,Discharged
HP101957,04-08-2024,08-08-2024,Arjun Joshi,77,Male,AB-,Neurology,Dr. Anil Rao,Infection,Observation,417,Transfer from Another Hospital,Private Insurance,120400.44,Pending,Discharged
HP101958,03-06-2024,15-06-2024,Aisha Verma,48,Female,B-,Orthopedics,Dr. Raj Malhotra,Cancer,Physiotherapy,512,Direct Admission,Government Insurance,83565.9,Partial,Referred
HP101959,07-06-2022,20-06-2022,Aditya Joshi,77,Male,AB+,General Medicine,Dr. Sneha Rao,Arthritis,Observation,311,Day Care,Private Insurance,31427.35,Pending,Discharged
HP101960,06-06-2022,07-06-2022,Isha Shetty,2,Female,A-,Gynecology,Dr. Raj Malhotra,Infection,Routine Treatment,204,Maternity / Obstetric,Government Insurance,86068.97,Paid,Discharged
HP101961,22-02-2023,06-03-2023,Vikram Nayak,83,Male,B+,Emergency,Dr. Kiran Shetty,Asthma,Radiation Therapy,215,Surgical Admission,Corporate Insurance,61775.37,Paid,Discharged
HP101962,25-07-2023,02-08-2023,Pooja Joshi,51,Male,O-,General Medicine,Dr. Kiran Shetty,Cancer,Observation,215,Observation,Government Insurance,64321.9,Paid,Discharged
HP101963,16-08-2025,19-08-2025,Neha Shetty,61,Female,O-,Gynecology,Dr. Sameer Khan,Pregnancy Care,Radiation Therapy,317,ICU Admission,Self Pay,52656.92,Paid,Discharged
HP101964,03-05-2022,17-05-2022,Meera Reddy,19,Male,O+,Dermatology,Dr. Neha Shah,Chest Pain,Medication,211,Post-Operative Admission,Government Insurance,25950.61,Paid,Discharged
HP101965,25-01-2026,31-01-2026,Sneha Patil,2,Female,O-,General Medicine,Dr. Raj Malhotra,Hypertension,Radiation Therapy,404,Readmission,Private Insurance,112044.66,Pending,Discharged
HP101966,26-04-2023,30-04-2023,Isha Desai,51,Female,B+,Gynecology,Dr. Sameer Khan,Diabetes,Surgery,112,Trauma / Accident,Government Insurance,107730.77,Paid,Discharged
HP101967,12-12-2026,21-12-2026,Pooja Desai,26,Male,B-,Orthopedics,Dr. Priya Desai,Fracture,Emergency Care,501,Elective Admission,Government Insurance,83710.66,Paid,Referred
HP101968,27-06-2026,04-07-2026,Vivaan Joshi,70,Male,B-,Pediatrics,Dr. Meena Shah,Pregnancy Care,Emergency Care,508,Emergency,Self Pay,56445.37,Paid,Referred
HP101969,15-10-2025,24-10-2025,Ananya Reddy,20,Male,B-,Oncology,Dr. Asha Nair,Hypertension,Physiotherapy,518,Scheduled / Planned,Self Pay,124289.32,Paid,Discharged
HP101970,17-11-2022,27-11-2022,Ananya Joshi,23,Male,B-,General Medicine,Dr. Kiran Shetty,Asthma,IV Therapy,517,OPD,Private Insurance,28185.57,Paid,Discharged
HP101971,01-12-2026,04-12-2026,Neha Sharma,54,Female,O+,Dermatology,Dr. Suresh Patil,Fracture,Surgery,206,Referral,Corporate Insurance,68012.66,Pending,Under Treatment
HP101972,10-12-2026,11-12-2026,Aisha Sharma,15,Female,A-,Gynecology,Dr. Meena Shah,Chest Pain,Radiation Therapy,504,Transfer from Another Hospital,Corporate Insurance,99759.19,Paid,Discharged
HP101973,17-04-2025,22-04-2025,Vikram Verma,6,Male,B-,Dermatology,Dr. Sneha Rao,Chest Pain,Radiation Therapy,520,Direct Admission,Private Insurance,124117.23,Paid,Discharged
HP101974,30-05-2024,02-06-2024,Pooja Gupta,35,Male,B+,Gynecology,Dr. Raj Malhotra,Asthma,IV Therapy,511,Day Care,Private Insurance,99193.49,Pending,Under Treatment
HP101975,08-02-2021,14-02-2021,Aisha Reddy,75,Male,B+,Neurology,Dr. Suresh Patil,Arthritis,Chemotherapy,417,Maternity / Obstetric,Private Insurance,22067.11,Partial,Discharged
HP101976,19-02-2023,27-02-2023,Ananya Kulkarni,8,Male,O+,Dermatology,Dr. Sameer Khan,Arthritis,Radiation Therapy,118,Surgical Admission,Corporate Insurance,19687.46,Paid,Discharged
HP101977,10-06-2024,21-06-2024,Aisha Desai,57,Female,AB-,ENT,Dr. Neha Shah,Heart Disease,Observation,110,Observation,Corporate Insurance,12312.69,Partial,Under Treatment
HP101978,12-04-2026,25-04-2026,Vivaan Shetty,50,Female,AB+,Dermatology,Dr. Anil Rao,Chest Pain,Surgery,120,ICU Admission,Corporate Insurance,86196.63,Partial,Admitted
HP101979,29-10-2021,02-11-2021,Diya Verma,49,Female,B+,General Medicine,Dr. Meena Shah,Arthritis,IV Therapy,302,Post-Operative Admission,Self Pay,40226.22,Paid,Discharged
HP101980,09-10-2022,14-10-2022,Kiran Desai,21,Male,B+,General Medicine,Dr. Suresh Patil,Cancer,Chemotherapy,305,Readmission,Government Insurance,28131.89,Paid,Under Treatment
HP101981,25-10-2022,30-10-2022,Neha Joshi,36,Female,O+,Pediatrics,Dr. Kavita Nair,Migraine,Observation,304,Trauma / Accident,Self Pay,17321.04,Paid,Under Treatment
HP101982,26-10-2025,30-10-2025,Neha Gupta,71,Male,A-,Emergency,Dr. Anil Rao,Skin Infection,Observation,319,Elective Admission,Self Pay,98059.16,Pending,Discharged
HP101983,13-09-2021,17-09-2021,Isha Gupta,69,Female,O-,Pediatrics,Dr. Sneha Rao,Fracture,Observation,207,Emergency,Self Pay,114245.03,Paid,Discharged
HP101984,21-08-2022,25-08-2022,Diya Sharma,58,Male,AB-,Neurology,Dr. Neha Shah,Fever,Routine Treatment,312,Scheduled / Planned,Government Insurance,129375.95,Pending,Discharged
HP101985,24-10-2022,28-10-2022,Isha Patil,63,Female,B+,Pediatrics,Dr. Anil Rao,Infection,Routine Treatment,505,OPD,Corporate Insurance,91334.86,Partial,Under Treatment
HP101986,23-08-2021,27-08-2021,Pooja Verma,16,Female,A+,Orthopedics,Dr. Asha Nair,Skin Infection,Radiation Therapy,509,Referral,Government Insurance,56364.23,Paid,Discharged
HP101987,30-09-2024,05-10-2024,Kiran Gupta,6,Male,B+,Oncology,Dr. Neha Shah,Sinusitis,Radiation Therapy,402,Transfer from Another Hospital,Self Pay,73210.05,Paid,Discharged
HP101988,09-02-2023,11-02-2023,Ananya Reddy,78,Female,O-,ENT,Dr. Meena Shah,Arthritis,Chemotherapy,502,Direct Admission,Government Insurance,97241.83,Pending,Discharged
HP101989,01-08-2021,03-08-2021,Kiran Verma,52,Female,AB+,Oncology,Dr. Anil Rao,Fracture,Medication,218,Day Care,Corporate Insurance,108385.36,Paid,Discharged
HP101990,08-04-2022,17-04-2022,Meera Joshi,2,Male,AB+,Oncology,Dr. Priya Desai,Heart Disease,Radiation Therapy,211,Maternity / Obstetric,Self Pay,98501.98,Paid,Referred
HP101991,10-10-2021,12-10-2021,Kiran Nayak,77,Male,AB-,Neurology,Dr. Sneha Rao,Diabetes,Observation,201,Surgical Admission,Self Pay,144476.1,Paid,Under Treatment
HP101992,26-01-2025,01-02-2025,Kiran Kulkarni,18,Female,AB-,General Medicine,Dr. Meena Shah,Sinusitis,Medication,210,Observation,Private Insurance,113780.28,Partial,Discharged
HP101993,01-12-2024,03-12-2024,Sneha Shetty,81,Female,B-,Pediatrics,Dr. Suresh Patil,Fever,Medication,512,ICU Admission,Corporate Insurance,113840.06,Pending,Under Treatment
HP101994,29-03-2021,03-04-2021,Vikram Shetty,76,Female,A-,General Medicine,Dr. Suresh Patil,Fever,Physiotherapy,302,Post-Operative Admission,Self Pay,123871.8,Paid,Discharged
HP101995,04-12-2023,08-12-2023,Rahul Verma,35,Female,O-,Pediatrics,Dr. Sneha Rao,Diabetes,Physiotherapy,506,Readmission,Self Pay,71754.87,Paid,Discharged
HP101996,06-04-2022,18-04-2022,Ananya Shetty,39,Female,AB+,Oncology,Dr. Manish Gupta,Stroke,Medication,318,Trauma / Accident,Corporate Insurance,43272.25,Paid,Under Treatment
HP101997,21-09-2025,28-09-2025,Vikram Reddy,1,Female,A+,General Medicine,Dr. Sameer Khan,Arthritis,Radiation Therapy,317,Elective Admission,Self Pay,123354.65,Paid,Discharged
HP101998,08-10-2024,23-10-2024,Meera Sharma,37,Female,A+,Orthopedics,Dr. Anil Rao,Fracture,Observation,501,Emergency,Private Insurance,72306.1,Pending,Under Treatment
HP101999,30-05-2022,06-06-2022,Pooja Reddy,21,Male,B-,Cardiology,Dr. Kiran Shetty,Fever,Observation,304,Scheduled / Planned,Government Insurance,93040.52,Paid,Discharged
HP102000,04-12-2022,17-12-2022,Vivaan Nayak,1,Female,A-,General Medicine,Dr. Asha Nair,Heart Disease,Emergency Care,406,OPD,Private Insurance,67290.76,Paid,Discharged
HP102001,12-07-2025,18-07-2025,Meera Patil,4,Male,A-,Emergency,Dr. Suresh Patil,Skin Infection,Routine Treatment,508,Referral,Government Insurance,62428.47,Partial,Discharged
HP102002,29-08-2026,08-09-2026,Diya Patil,58,Male,AB-,Cardiology,Dr. Manish Gupta,Infection,Routine Treatment,217,Transfer from Another Hospital,Private Insurance,102332.77,Paid,Under Treatment
HP102003,23-01-2021,28-01-2021,Vivaan Shetty,1,Female,B+,Dermatology,Dr. Raj Malhotra,Asthma,Radiation Therapy,408,Direct Admission,Government Insurance,101474.85,Paid,Admitted
HP102004,20-11-2023,21-11-2023,Sneha Shetty,13,Male,A+,Orthopedics,Dr. Neha Shah,Sinusitis,Medication,417,Day Care,Private Insurance,49808.5,Pending,Discharged
HP102005,05-01-2026,17-01-2026,Isha Verma,46,Male,A+,ENT,Dr. Sameer Khan,Asthma,Surgery,314,Maternity / Obstetric,Self Pay,32402.81,Paid,Discharged
HP102006,26-11-2026,11-12-2026,Arjun Gupta,47,Male,O+,Gynecology,Dr. Raj Malhotra,Skin Infection,Physiotherapy,405,Surgical Admission,Government Insurance,24042.03,Paid,Admitted
HP102007,28-07-2024,31-07-2024,Arjun Patil,81,Female,A+,Cardiology,Dr. Sneha Rao,Infection,IV Therapy,511,Observation,Corporate Insurance,21497.9,Paid,Under Treatment
HP102008,09-02-2024,18-02-2024,Aditya Sharma,76,Female,A+,Oncology,Dr. Kiran Shetty,Migraine,IV Therapy,210,ICU Admission,Corporate Insurance,123566.47,Paid,Discharged
HP102009,24-12-2026,08-01-2027,Meera Shetty,7,Female,O+,Pediatrics,Dr. Manish Gupta,Sinusitis,Radiation Therapy,408,Post-Operative Admission,Private Insurance,46491.7,Paid,Discharged
HP102010,28-12-2021,11-01-2022,Pooja Desai,51,Female,AB+,ENT,Dr. Sneha Rao,Chest Pain,Surgery,420,Readmission,Private Insurance,103388.58,Paid,Discharged
HP102011,17-12-2026,18-12-2026,Kiran Patil,3,Male,A-,Orthopedics,Dr. Kiran Shetty,Fever,Surgery,303,Trauma / Accident,Private Insurance,46676.55,Paid,Discharged
HP102012,15-03-2026,20-03-2026,Aditya Sharma,50,Male,B+,General Medicine,Dr. Manish Gupta,Pregnancy Care,Radiation Therapy,410,Elective Admission,Government Insurance,101679.69,Pending,Discharged
HP102013,08-07-2024,10-07-2024,Pooja Nayak,26,Male,AB+,Dermatology,Dr. Asha Nair,Skin Infection,Medication,118,Emergency,Self Pay,147700.43,Paid,Discharged
HP102014,30-05-2022,03-06-2022,Aisha Shetty,31,Male,A-,Gynecology,Dr. Kiran Shetty,Diabetes,Routine Treatment,213,Scheduled / Planned,Corporate Insurance,14563.74,Paid,Discharged
HP102015,25-03-2022,08-04-2022,Ananya Reddy,62,Male,B-,Dermatology,Dr. Asha Nair,Stroke,Surgery,120,OPD,Private Insurance,99794.62,Partial,Under Treatment
HP102016,08-04-2026,22-04-2026,Aisha Patil,26,Male,A+,Emergency,Dr. Kavita Nair,Asthma,IV Therapy,112,Referral,Government Insurance,45974.48,Pending,Under Treatment
HP102017,15-02-2025,26-02-2025,Isha Verma,67,Male,B+,Emergency,Dr. Anil Rao,Sinusitis,Physiotherapy,109,Transfer from Another Hospital,Government Insurance,17019.54,Paid,Discharged
HP102018,01-06-2024,02-06-2024,Arjun Joshi,55,Female,A-,Neurology,Dr. Kavita Nair,Pregnancy Care,IV Therapy,209,Direct Admission,Corporate Insurance,16451.52,Paid,Discharged
HP102019,30-01-2026,02-02-2026,Neha Patil,28,Female,O-,Orthopedics,Dr. Priya Desai,Heart Disease,Radiation Therapy,116,Day Care,Corporate Insurance,58891.29,Pending,Under Treatment
HP102020,24-05-2023,03-06-2023,Isha Gupta,44,Female,B-,General Medicine,Dr. Kiran Shetty,Arthritis,Radiation Therapy,402,Maternity / Obstetric,Self Pay,83388.63,Paid,Discharged
HP102021,29-11-2024,06-12-2024,Aarav Gupta,81,Female,A+,Gynecology,Dr. Sameer Khan,Pregnancy Care,Emergency Care,118,Surgical Admission,Corporate Insurance,98857.63,Paid,Admitted
HP102022,21-10-2025,31-10-2025,Diya Gupta,38,Male,B-,Pediatrics,Dr. Priya Desai,Infection,Routine Treatment,212,Observation,Self Pay,87291.51,Paid,Discharged
HP102023,12-07-2023,27-07-2023,Vivaan Nayak,30,Female,O+,Gynecology,Dr. Priya Desai,Fracture,Chemotherapy,302,ICU Admission,Self Pay,135203.52,Paid,Referred
HP102024,30-11-2026,03-12-2026,Aarav Sharma,66,Male,B-,ENT,Dr. Manish Gupta,Infection,Surgery,116,Post-Operative Admission,Government Insurance,27262.44,Pending,Discharged
HP102025,03-11-2023,07-11-2023,Arjun Shetty,8,Female,AB+,Neurology,Dr. Sneha Rao,Pregnancy Care,Medication,413,Readmission,Government Insurance,125205.95,Pending,Discharged
HP102026,17-11-2024,19-11-2024,Ananya Desai,14,Female,B-,Gynecology,Dr. Manish Gupta,Chest Pain,Radiation Therapy,411,Trauma / Accident,Self Pay,81592.95,Paid,Discharged
HP102027,10-11-2021,13-11-2021,Vivaan Shetty,62,Female,AB+,Emergency,Dr. Sameer Khan,Pregnancy Care,Medication,417,Elective Admission,Private Insurance,129781.74,Paid,Discharged
HP102028,21-06-2026,30-06-2026,Priya Patil,75,Female,O-,Pediatrics,Dr. Anil Rao,Asthma,Radiation Therapy,408,Emergency,Self Pay,66866.18,Paid,Admitted
HP102029,04-11-2023,07-11-2023,Kavya Nayak,63,Female,AB-,Cardiology,Dr. Kiran Shetty,Fever,Routine Treatment,207,Scheduled / Planned,Corporate Insurance,74861.03,Paid,Discharged
HP102030,15-07-2025,26-07-2025,Priya Joshi,79,Female,AB+,ENT,Dr. Anil Rao,Pregnancy Care,Medication,308,OPD,Self Pay,66236.02,Paid,Discharged
HP102031,14-11-2025,19-11-2025,Meera Desai,66,Male,O+,General Medicine,Dr. Sneha Rao,Infection,Chemotherapy,306,Referral,Self Pay,18987.55,Paid,Discharged
HP102032,12-10-2023,14-10-2023,Kavya Joshi,40,Female,O+,ENT,Dr. Manish Gupta,Heart Disease,IV Therapy,419,Transfer from Another Hospital,Self Pay,26025.85,Pending,Discharged
HP102033,30-12-2023,03-01-2024,Aarav Gupta,13,Male,B-,General Medicine,Dr. Kavita Nair,Skin Infection,Radiation Therapy,304,Direct Admission,Private Insurance,80041.8,Paid,Discharged
HP102034,30-01-2024,11-02-2024,Vikram Nayak,17,Female,A-,ENT,Dr. Priya Desai,Infection,Observation,317,Day Care,Private Insurance,82315.3,Paid,Under Treatment
HP102035,29-11-2022,12-12-2022,Vikram Kulkarni,15,Male,B-,Emergency,Dr. Priya Desai,Skin Infection,Surgery,220,Maternity / Obstetric,Self Pay,72830.73,Paid,Discharged
HP102036,20-12-2026,27-12-2026,Rahul Shetty,33,Male,B-,Pediatrics,Dr. Neha Shah,Chest Pain,Chemotherapy,410,Surgical Admission,Corporate Insurance,6862.53,Partial,Under Treatment
HP102037,05-11-2024,19-11-2024,Pooja Verma,16,Female,A-,Pediatrics,Dr. Meena Shah,Cancer,Chemotherapy,108,Observation,Government Insurance,78308.72,Pending,Discharged
HP102038,01-03-2024,08-03-2024,Diya Gupta,13,Male,A+,Neurology,Dr. Kavita Nair,Heart Disease,Radiation Therapy,208,ICU Admission,Corporate Insurance,24390.08,Paid,Discharged
HP102039,10-11-2023,22-11-2023,Diya Joshi,23,Female,B+,Emergency,Dr. Kavita Nair,Fracture,Routine Treatment,312,Post-Operative Admission,Government Insurance,87124.15,Paid,Under Treatment
HP102040,14-04-2026,17-04-2026,Pooja Sharma,36,Male,AB-,General Medicine,Dr. Sneha Rao,Infection,Emergency Care,315,Readmission,Corporate Insurance,46799.65,Pending,Discharged
HP102041,11-10-2023,16-10-2023,Meera Gupta,43,Female,O-,Orthopedics,Dr. Anil Rao,Cancer,Physiotherapy,406,Trauma / Accident,Private Insurance,148767.25,Paid,Discharged
HP102042,15-08-2021,16-08-2021,Isha Kulkarni,50,Female,A+,Neurology,Dr. Suresh Patil,Diabetes,IV Therapy,407,Elective Admission,Corporate Insurance,57091.04,Paid,Discharged
HP102043,03-01-2026,13-01-2026,Meera Nayak,74,Female,B-,Orthopedics,Dr. Sameer Khan,Cancer,Physiotherapy,302,Emergency,Self Pay,124017,Paid,Discharged
HP102044,01-02-2025,11-02-2025,Ananya Nayak,81,Male,A+,General Medicine,Dr. Kavita Nair,Asthma,Routine Treatment,502,Scheduled / Planned,Government Insurance,40611.22,Paid,Discharged
HP102045,02-04-2023,12-04-2023,Kavya Sharma,13,Male,B+,Emergency,Dr. Meena Shah,Fever,IV Therapy,115,OPD,Corporate Insurance,32475.3,Paid,Discharged
HP102046,17-07-2026,28-07-2026,Kiran Sharma,30,Female,O+,Gynecology,Dr. Suresh Patil,Cancer,Chemotherapy,210,Referral,Corporate Insurance,37057.74,Partial,Discharged
HP102047,21-05-2023,22-05-2023,Aarav Desai,57,Male,A+,Oncology,Dr. Neha Shah,Cancer,Chemotherapy,205,Transfer from Another Hospital,Corporate Insurance,53301.97,Paid,Admitted
HP102048,17-09-2026,22-09-2026,Rahul Gupta,30,Male,B+,Pediatrics,Dr. Asha Nair,Arthritis,Chemotherapy,415,Direct Admission,Private Insurance,128085.71,Paid,Discharged
HP102049,01-12-2025,14-12-2025,Vivaan Verma,71,Female,O-,Emergency,Dr. Neha Shah,Asthma,Observation,116,Day Care,Private Insurance,115774.23,Partial,Discharged
HP102050,07-07-2021,17-07-2021,Pooja Reddy,10,Male,A+,ENT,Dr. Sneha Rao,Pregnancy Care,Observation,119,Maternity / Obstetric,Corporate Insurance,68137.04,Pending,Under Treatment
HP102051,17-12-2023,26-12-2023,Rohan Desai,66,Male,O-,Gynecology,Dr. Kiran Shetty,Infection,Physiotherapy,212,Surgical Admission,Private Insurance,32272.94,Pending,Discharged
HP102052,30-07-2023,31-07-2023,Sneha Kulkarni,83,Male,AB+,Orthopedics,Dr. Sneha Rao,Skin Infection,Observation,403,Observation,Corporate Insurance,12062.52,Paid,Referred
HP102053,10-06-2022,11-06-2022,Pooja Reddy,39,Male,B-,Dermatology,Dr. Meena Shah,Diabetes,Routine Treatment,519,ICU Admission,Private Insurance,94688.55,Paid,Discharged
HP102054,02-12-2021,06-12-2021,Neha Joshi,37,Female,B+,Oncology,Dr. Manish Gupta,Cancer,IV Therapy,305,Post-Operative Admission,Corporate Insurance,107479.07,Pending,Under Treatment
HP102055,15-12-2023,19-12-2023,Kavya Gupta,3,Male,AB-,Gynecology,Dr. Raj Malhotra,Asthma,Emergency Care,314,Readmission,Self Pay,92890.13,Partial,Discharged
HP102056,11-06-2021,13-06-2021,Isha Patil,34,Female,B-,ENT,Dr. Sameer Khan,Sinusitis,Observation,418,Trauma / Accident,Private Insurance,77681.87,Paid,Discharged
HP102057,17-08-2022,26-08-2022,Aditya Verma,38,Male,AB+,Gynecology,Dr. Kiran Shetty,Cancer,Medication,520,Elective Admission,Corporate Insurance,146065.08,Paid,Under Treatment
HP102058,23-04-2026,07-05-2026,Priya Verma,14,Male,O+,Oncology,Dr. Asha Nair,Infection,Chemotherapy,118,Emergency,Government Insurance,8576.22,Paid,Referred
HP102059,01-03-2021,10-03-2021,Diya Gupta,64,Female,A+,General Medicine,Dr. Sameer Khan,Sinusitis,Chemotherapy,411,Scheduled / Planned,Self Pay,148319.2,Paid,Admitted
HP102060,17-03-2026,30-03-2026,Isha Verma,39,Male,B-,Oncology,Dr. Meena Shah,Hypertension,Emergency Care,318,OPD,Private Insurance,45065.61,Paid,Discharged
HP102061,10-02-2022,23-02-2022,Diya Reddy,54,Female,A+,Dermatology,Dr. Sneha Rao,Infection,Observation,503,Referral,Corporate Insurance,60555.99,Pending,Discharged
HP102062,26-10-2022,28-10-2022,Ananya Desai,2,Female,A+,Dermatology,Dr. Manish Gupta,Stroke,Radiation Therapy,409,Transfer from Another Hospital,Government Insurance,114117.42,Paid,Discharged
HP102063,07-02-2024,21-02-2024,Vikram Sharma,43,Male,B-,ENT,Dr. Priya Desai,Migraine,Radiation Therapy,515,Direct Admission,Government Insurance,37931.66,Paid,Under Treatment
HP102064,05-01-2024,14-01-2024,Diya Sharma,53,Female,B+,Neurology,Dr. Manish Gupta,Infection,Medication,209,Day Care,Government Insurance,107928.19,Pending,Admitted
HP102065,26-06-2022,11-07-2022,Kiran Desai,3,Male,B+,Gynecology,Dr. Kiran Shetty,Stroke,Routine Treatment,505,Maternity / Obstetric,Self Pay,53219.89,Paid,Discharged
HP102066,30-08-2024,05-09-2024,Meera Reddy,41,Male,B-,Orthopedics,Dr. Kavita Nair,Hypertension,Radiation Therapy,201,Surgical Admission,Self Pay,141380.93,Paid,Discharged
HP102067,25-09-2023,03-10-2023,Rahul Gupta,8,Male,B+,ENT,Dr. Sameer Khan,Fracture,Surgery,503,Observation,Government Insurance,29897.56,Partial,Discharged
HP102068,15-02-2024,25-02-2024,Neha Shetty,75,Female,A-,General Medicine,Dr. Kavita Nair,Chest Pain,Routine Treatment,503,ICU Admission,Self Pay,140108.67,Pending,Discharged
HP102069,18-05-2023,31-05-2023,Vivaan Kulkarni,63,Male,A+,General Medicine,Dr. Raj Malhotra,Stroke,Observation,217,Post-Operative Admission,Corporate Insurance,119705.64,Paid,Admitted
HP102070,29-08-2026,13-09-2026,Sneha Reddy,65,Female,B-,Neurology,Dr. Priya Desai,Cancer,Emergency Care,318,Readmission,Private Insurance,29684.27,Pending,Under Treatment
HP102071,08-03-2022,21-03-2022,Aditya Patil,79,Female,AB-,Gynecology,Dr. Raj Malhotra,Migraine,Surgery,502,Trauma / Accident,Private Insurance,61206.36,Paid,Admitted
HP102072,10-01-2023,14-01-2023,Rohan Gupta,4,Male,AB+,Gynecology,Dr. Neha Shah,Infection,Observation,418,Elective Admission,Private Insurance,20122.97,Paid,Under Treatment
HP102073,05-10-2024,07-10-2024,Aditya Kulkarni,68,Male,O-,Cardiology,Dr. Kavita Nair,Diabetes,Surgery,317,Emergency,Self Pay,91959.48,Paid,Discharged
HP102074,02-07-2021,04-07-2021,Rohan Reddy,10,Female,O+,ENT,Dr. Kavita Nair,Asthma,Routine Treatment,303,Scheduled / Planned,Corporate Insurance,144276.53,Pending,Discharged
HP102075,01-12-2026,10-12-2026,Priya Kulkarni,75,Female,B-,Orthopedics,Dr. Meena Shah,Skin Infection,Routine Treatment,104,OPD,Corporate Insurance,16488.48,Paid,Discharged
HP102076,21-04-2024,22-04-2024,Kavya Desai,50,Male,B-,Cardiology,Dr. Meena Shah,Fracture,IV Therapy,308,Referral,Self Pay,42426.45,Pending,Discharged
HP102077,15-03-2024,27-03-2024,Vikram Joshi,23,Female,A+,Oncology,Dr. Sneha Rao,Infection,Physiotherapy,105,Transfer from Another Hospital,Self Pay,114526.73,Pending,Discharged
HP102078,11-04-2023,18-04-2023,Diya Patil,61,Male,AB+,Cardiology,Dr. Suresh Patil,Fever,Physiotherapy,312,Direct Admission,Corporate Insurance,71455.76,Paid,Discharged
HP102079,10-07-2025,21-07-2025,Arjun Patil,47,Female,A+,Cardiology,Dr. Raj Malhotra,Arthritis,Medication,515,Day Care,Corporate Insurance,54148.57,Pending,Under Treatment
HP102080,11-02-2024,25-02-2024,Arjun Joshi,3,Female,AB-,Pediatrics,Dr. Priya Desai,Stroke,Radiation Therapy,407,Maternity / Obstetric,Government Insurance,92172.63,Paid,Under Treatment
HP102081,21-04-2022,24-04-2022,Ananya Gupta,17,Female,O+,Pediatrics,Dr. Priya Desai,Asthma,Physiotherapy,310,Surgical Admission,Private Insurance,47625.8,Paid,Discharged
HP102082,19-08-2024,22-08-2024,Rahul Verma,22,Female,O-,Cardiology,Dr. Anil Rao,Heart Disease,Observation,111,Observation,Government Insurance,52684.31,Paid,Discharged
HP102083,29-08-2023,31-08-2023,Arjun Verma,16,Female,O-,Pediatrics,Dr. Raj Malhotra,Cancer,Surgery,114,ICU Admission,Corporate Insurance,121886.17,Pending,Discharged
HP102084,17-10-2023,31-10-2023,Kavya Verma,80,Female,B+,Dermatology,Dr. Manish Gupta,Cancer,Radiation Therapy,212,Post-Operative Admission,Government Insurance,61779.66,Partial,Admitted
HP102085,16-02-2024,26-02-2024,Rahul Desai,3,Female,B-,Pediatrics,Dr. Suresh Patil,Infection,Physiotherapy,311,Readmission,Private Insurance,106580.81,Paid,Under Treatment
HP102086,11-01-2026,17-01-2026,Isha Desai,52,Male,A+,Emergency,Dr. Sameer Khan,Arthritis,Surgery,215,Trauma / Accident,Self Pay,26860.6,Paid,Discharged
HP102087,10-06-2021,23-06-2021,Neha Kulkarni,33,Female,O-,General Medicine,Dr. Sameer Khan,Skin Infection,Medication,416,Elective Admission,Government Insurance,62829.06,Paid,Discharged
HP102088,17-07-2021,27-07-2021,Rohan Desai,42,Male,O+,Emergency,Dr. Sneha Rao,Arthritis,Surgery,114,Emergency,Government Insurance,85028.5,Paid,Discharged
HP102089,07-07-2024,09-07-2024,Aisha Verma,2,Male,AB-,ENT,Dr. Kavita Nair,Diabetes,Surgery,215,Scheduled / Planned,Self Pay,43758.09,Pending,Discharged
HP102090,22-10-2022,01-11-2022,Neha Shetty,39,Male,AB-,Cardiology,Dr. Manish Gupta,Arthritis,Observation,408,OPD,Self Pay,66132.21,Pending,Discharged
HP102091,11-11-2025,26-11-2025,Isha Reddy,46,Male,O+,General Medicine,Dr. Asha Nair,Asthma,Medication,503,Referral,Private Insurance,115174.45,Paid,Discharged
HP102092,07-12-2023,11-12-2023,Neha Joshi,48,Male,O-,Dermatology,Dr. Raj Malhotra,Cancer,Medication,404,Transfer from Another Hospital,Corporate Insurance,28418.18,Pending,Discharged
HP102093,04-07-2026,14-07-2026,Vikram Patil,27,Female,O-,Cardiology,Dr. Priya Desai,Diabetes,Emergency Care,402,Direct Admission,Government Insurance,77608.92,Paid,Discharged
HP102094,03-02-2022,12-02-2022,Vikram Sharma,15,Male,A-,ENT,Dr. Priya Desai,Arthritis,IV Therapy,508,Day Care,Private Insurance,42958.37,Paid,Discharged
HP102095,30-09-2025,09-10-2025,Meera Kulkarni,7,Female,B-,Neurology,Dr. Neha Shah,Migraine,Medication,101,Maternity / Obstetric,Government Insurance,64484.55,Paid,Discharged
HP102096,02-05-2025,08-05-2025,Rohan Reddy,57,Male,AB-,ENT,Dr. Kavita Nair,Stroke,Emergency Care,109,Surgical Admission,Private Insurance,59431.2,Pending,Discharged
HP102097,27-10-2026,09-11-2026,Pooja Shetty,42,Male,O+,General Medicine,Dr. Sneha Rao,Pregnancy Care,Radiation Therapy,316,Observation,Private Insurance,100024.36,Partial,Discharged
HP102098,12-12-2026,16-12-2026,Kiran Patil,9,Male,B+,ENT,Dr. Kiran Shetty,Arthritis,IV Therapy,504,ICU Admission,Self Pay,116239.35,Paid,Discharged
HP102099,16-03-2021,23-03-2021,Aisha Patil,6,Male,O-,Cardiology,Dr. Anil Rao,Fever,Physiotherapy,307,Post-Operative Admission,Corporate Insurance,77461.96,Pending,Admitted
HP102100,25-12-2026,08-01-2027,Neha Patil,57,Female,A+,Pediatrics,Dr. Sameer Khan,Fracture,Physiotherapy,210,Readmission,Government Insurance,29154.89,Paid,Under Treatment
HP102101,25-08-2022,26-08-2022,Ananya Desai,76,Female,A+,Emergency,Dr. Anil Rao,Hypertension,Surgery,111,Trauma / Accident,Corporate Insurance,130950.58,Paid,Discharged
HP102102,17-04-2023,29-04-2023,Priya Nayak,30,Male,A-,Dermatology,Dr. Meena Shah,Sinusitis,Routine Treatment,310,Elective Admission,Private Insurance,31999.29,Paid,Discharged
HP102103,09-03-2025,13-03-2025,Rohan Desai,55,Male,B+,Orthopedics,Dr. Kavita Nair,Migraine,Routine Treatment,413,Emergency,Self Pay,88875.34,Pending,Discharged
HP102104,15-05-2022,20-05-2022,Meera Reddy,84,Female,AB-,General Medicine,Dr. Manish Gupta,Cancer,Chemotherapy,107,Scheduled / Planned,Corporate Insurance,81458.8,Paid,Discharged
HP102105,16-05-2025,24-05-2025,Arjun Kulkarni,84,Male,O+,Oncology,Dr. Priya Desai,Chest Pain,Medication,101,OPD,Self Pay,46565.79,Paid,Discharged
HP102106,18-05-2021,30-05-2021,Vivaan Nayak,54,Male,A-,Dermatology,Dr. Kavita Nair,Stroke,Medication,218,Referral,Self Pay,143177.27,Partial,Discharged
HP102107,29-09-2026,01-10-2026,Meera Verma,27,Female,AB-,Gynecology,Dr. Priya Desai,Chest Pain,Observation,514,Transfer from Another Hospital,Government Insurance,103116.36,Partial,Discharged
HP102108,30-11-2025,12-12-2025,Meera Gupta,84,Male,AB-,General Medicine,Dr. Meena Shah,Infection,Surgery,106,Direct Admission,Private Insurance,73147.26,Pending,Discharged
HP102109,31-08-2023,05-09-2023,Aisha Kulkarni,59,Female,B-,Orthopedics,Dr. Neha Shah,Stroke,Physiotherapy,306,Day Care,Government Insurance,69305.52,Pending,Discharged
HP102110,01-07-2025,07-07-2025,Aisha Nayak,7,Female,AB+,Neurology,Dr. Sameer Khan,Infection,Surgery,418,Maternity / Obstetric,Government Insurance,18405.96,Pending,Discharged
HP102111,01-03-2026,06-03-2026,Pooja Patil,40,Male,O+,Oncology,Dr. Raj Malhotra,Cancer,Medication,116,Surgical Admission,Corporate Insurance,118198.73,Partial,Discharged
HP102112,22-07-2026,06-08-2026,Aisha Sharma,72,Male,AB-,Emergency,Dr. Sneha Rao,Asthma,Physiotherapy,102,Observation,Self Pay,17128.31,Paid,Discharged
HP102113,16-03-2026,29-03-2026,Kiran Patil,2,Female,A+,Orthopedics,Dr. Anil Rao,Sinusitis,Chemotherapy,513,ICU Admission,Government Insurance,34104.51,Partial,Discharged
HP102114,20-12-2024,29-12-2024,Diya Desai,14,Male,AB-,Dermatology,Dr. Asha Nair,Skin Infection,Routine Treatment,301,Post-Operative Admission,Government Insurance,28851.76,Partial,Admitted
HP102115,01-07-2022,11-07-2022,Aditya Kulkarni,10,Female,A-,Cardiology,Dr. Kavita Nair,Arthritis,Routine Treatment,516,Readmission,Private Insurance,14882.59,Pending,Discharged
HP102116,11-07-2023,12-07-2023,Kavya Kulkarni,50,Female,O+,ENT,Dr. Sameer Khan,Fracture,Radiation Therapy,516,Trauma / Accident,Corporate Insurance,125289.78,Paid,Discharged
HP102117,04-08-2022,18-08-2022,Rahul Joshi,18,Male,O-,Cardiology,Dr. Manish Gupta,Heart Disease,Emergency Care,412,Elective Admission,Corporate Insurance,136412.73,Paid,Discharged
HP102118,04-10-2024,07-10-2024,Kavya Kulkarni,18,Female,AB-,Neurology,Dr. Suresh Patil,Fracture,Medication,114,Emergency,Self Pay,95700.05,Partial,Discharged
HP102119,11-05-2026,25-05-2026,Aisha Kulkarni,16,Male,O+,Cardiology,Dr. Sneha Rao,Asthma,Radiation Therapy,219,Scheduled / Planned,Self Pay,132274.49,Paid,Under Treatment
HP102120,27-06-2026,29-06-2026,Rahul Joshi,52,Male,O-,General Medicine,Dr. Raj Malhotra,Cancer,Radiation Therapy,413,OPD,Corporate Insurance,102884.17,Paid,Discharged
HP102121,28-09-2026,10-10-2026,Aditya Kulkarni,69,Female,O-,Neurology,Dr. Neha Shah,Migraine,Routine Treatment,219,Referral,Corporate Insurance,104325.82,Paid,Under Treatment
HP102122,05-12-2022,18-12-2022,Arjun Sharma,52,Female,A+,Cardiology,Dr. Neha Shah,Skin Infection,Emergency Care,414,Transfer from Another Hospital,Private Insurance,133973.33,Partial,Discharged
HP102123,14-06-2025,17-06-2025,Vivaan Gupta,31,Female,A+,Cardiology,Dr. Asha Nair,Heart Disease,Physiotherapy,218,Direct Admission,Government Insurance,18329.65,Paid,Discharged
HP102124,30-09-2022,10-10-2022,Kavya Patil,84,Male,A-,Neurology,Dr. Anil Rao,Arthritis,Emergency Care,319,Day Care,Private Insurance,12936.08,Paid,Discharged
HP102125,07-10-2023,16-10-2023,Pooja Sharma,23,Female,A+,Gynecology,Dr. Manish Gupta,Infection,Radiation Therapy,419,Maternity / Obstetric,Private Insurance,12770.78,Paid,Discharged
HP102126,03-10-2022,16-10-2022,Ananya Sharma,42,Male,B+,Neurology,Dr. Manish Gupta,Arthritis,Chemotherapy,203,Surgical Admission,Corporate Insurance,65596.21,Paid,Discharged
HP102127,05-02-2026,19-02-2026,Diya Patil,81,Female,B+,Neurology,Dr. Meena Shah,Pregnancy Care,Radiation Therapy,403,Observation,Corporate Insurance,142227.13,Paid,Discharged
HP102128,20-04-2024,29-04-2024,Kiran Verma,62,Female,AB+,ENT,Dr. Meena Shah,Pregnancy Care,Physiotherapy,511,ICU Admission,Government Insurance,131140.2,Paid,Discharged
HP102129,17-11-2022,27-11-2022,Neha Verma,77,Female,O+,Pediatrics,Dr. Raj Malhotra,Fracture,Radiation Therapy,519,Post-Operative Admission,Self Pay,118384.71,Paid,Under Treatment
HP102130,26-01-2026,28-01-2026,Diya Shetty,50,Female,B+,ENT,Dr. Meena Shah,Hypertension,IV Therapy,317,Readmission,Corporate Insurance,63567.71,Pending,Under Treatment
HP102131,07-07-2021,21-07-2021,Arjun Reddy,77,Female,A-,ENT,Dr. Anil Rao,Heart Disease,Chemotherapy,220,Trauma / Accident,Private Insurance,124506.46,Paid,Discharged
HP102132,08-06-2025,11-06-2025,Arjun Desai,81,Other,AB-,Neurology,Dr. Sameer Khan,Fracture,Observation,409,Elective Admission,Government Insurance,36681.07,Partial,Discharged
HP102133,15-08-2025,29-08-2025,Ananya Shetty,15,Female,B+,Dermatology,Dr. Suresh Patil,Arthritis,Physiotherapy,310,Emergency,Self Pay,89876.01,Pending,Discharged
HP102134,12-09-2023,16-09-2023,Vikram Desai,44,Female,AB+,Emergency,Dr. Priya Desai,Stroke,Emergency Care,509,Scheduled / Planned,Private Insurance,113158.81,Paid,Referred
HP102135,02-07-2022,11-07-2022,Rohan Shetty,42,Female,O+,ENT,Dr. Sneha Rao,Chest Pain,Routine Treatment,404,OPD,Private Insurance,18403.95,Paid,Admitted
HP102136,02-12-2024,05-12-2024,Priya Nayak,45,Female,B-,Emergency,Dr. Kiran Shetty,Cancer,Observation,411,Referral,Self Pay,131749.68,Paid,Under Treatment
HP102137,26-05-2023,08-06-2023,Aisha Kulkarni,35,Female,B-,ENT,Dr. Sneha Rao,Cancer,Routine Treatment,515,Transfer from Another Hospital,Private Insurance,110461.25,Paid,Discharged
HP102138,10-09-2022,17-09-2022,Sneha Patil,22,Male,O-,General Medicine,Dr. Meena Shah,Infection,Physiotherapy,414,Direct Admission,Private Insurance,82325.43,Paid,Discharged
HP102139,27-09-2024,09-10-2024,Diya Shetty,74,Male,A-,Oncology,Dr. Sneha Rao,Heart Disease,Emergency Care,411,Day Care,Government Insurance,14049.21,Paid,Discharged
HP102140,28-05-2024,31-05-2024,Aisha Patil,75,Female,AB+,Dermatology,Dr. Meena Shah,Heart Disease,IV Therapy,219,Maternity / Obstetric,Private Insurance,105705.22,Paid,Discharged
HP102141,22-06-2023,29-06-2023,Aisha Joshi,38,Male,B+,Emergency,Dr. Meena Shah,Diabetes,Routine Treatment,312,Surgical Admission,Private Insurance,69851.34,Paid,Under Treatment
HP102142,12-06-2021,19-06-2021,Meera Patil,70,Female,AB+,Emergency,Dr. Manish Gupta,Fracture,Emergency Care,507,Observation,Government Insurance,111818.2,Paid,Discharged
HP102143,29-05-2026,07-06-2026,Aditya Shetty,64,Male,A+,General Medicine,Dr. Priya Desai,Hypertension,Surgery,402,ICU Admission,Government Insurance,10273.71,Paid,Discharged
HP102144,27-09-2021,29-09-2021,Diya Sharma,7,Male,AB+,Dermatology,Dr. Priya Desai,Stroke,Observation,106,Post-Operative Admission,Self Pay,88340.13,Paid,Under Treatment
HP102145,24-09-2022,07-10-2022,Rahul Kulkarni,44,Female,O-,Gynecology,Dr. Asha Nair,Fever,IV Therapy,119,Readmission,Self Pay,69817.94,Pending,Discharged
HP102146,25-06-2023,01-07-2023,Arjun Joshi,76,Female,B+,Orthopedics,Dr. Suresh Patil,Stroke,Routine Treatment,106,Trauma / Accident,Self Pay,67323.22,Paid,Discharged
HP102147,08-07-2026,17-07-2026,Aditya Nayak,7,Male,A-,Oncology,Dr. Suresh Patil,Diabetes,Medication,504,Elective Admission,Government Insurance,80047.95,Paid,Discharged
HP102148,30-06-2025,12-07-2025,Vikram Shetty,66,Female,A+,Gynecology,Dr. Kiran Shetty,Stroke,Routine Treatment,214,Emergency,Private Insurance,22931.98,Paid,Discharged
HP102149,24-07-2021,08-08-2021,Vivaan Desai,60,Female,AB+,ENT,Dr. Anil Rao,Fracture,Medication,402,Scheduled / Planned,Private Insurance,140640.49,Partial,Under Treatment
HP102150,05-08-2022,17-08-2022,Rahul Gupta,1,Male,B-,Neurology,Dr. Kavita Nair,Fracture,Medication,113,OPD,Private Insurance,107181.81,Paid,Referred
HP102151,29-04-2025,14-05-2025,Arjun Gupta,62,Male,O-,Orthopedics,Dr. Anil Rao,Sinusitis,Observation,514,Referral,Private Insurance,17303.15,Paid,Under Treatment
HP102152,21-04-2023,23-04-2023,Isha Verma,18,Male,B+,ENT,Dr. Kiran Shetty,Heart Disease,Emergency Care,502,Transfer from Another Hospital,Government Insurance,16521.64,Paid,Discharged
HP102153,11-01-2026,13-01-2026,Priya Shetty,7,Male,A-,General Medicine,Dr. Suresh Patil,Arthritis,Surgery,506,Direct Admission,Corporate Insurance,35545.97,Paid,Discharged
HP102154,05-06-2024,18-06-2024,Aisha Sharma,54,Male,AB-,General Medicine,Dr. Asha Nair,Chest Pain,Medication,201,Day Care,Self Pay,39759.76,Partial,Discharged
HP102155,16-09-2025,30-09-2025,Vivaan Kulkarni,67,Male,O-,Neurology,Dr. Anil Rao,Stroke,Observation,114,Maternity / Obstetric,Corporate Insurance,76361.79,Pending,Discharged
HP102156,01-07-2025,06-07-2025,Priya Patil,10,Male,B+,Oncology,Dr. Raj Malhotra,Fever,Radiation Therapy,105,Surgical Admission,Self Pay,82786.03,Paid,Discharged
HP102157,25-05-2023,04-06-2023,Aditya Gupta,61,Female,AB+,Cardiology,Dr. Anil Rao,Chest Pain,Emergency Care,215,Observation,Self Pay,26142.13,Paid,Discharged
HP102158,04-01-2025,14-01-2025,Neha Verma,59,Female,O+,Dermatology,Dr. Priya Desai,Asthma,IV Therapy,103,ICU Admission,Government Insurance,146162.13,Paid,Under Treatment
HP102159,21-11-2022,03-12-2022,Priya Kulkarni,59,Female,A-,General Medicine,Dr. Kiran Shetty,Pregnancy Care,Medication,104,Post-Operative Admission,Self Pay,124591.5,Partial,Discharged
HP102160,04-07-2026,14-07-2026,Aarav Desai,69,Male,B-,Gynecology,Dr. Anil Rao,Chest Pain,Physiotherapy,319,Readmission,Government Insurance,96855.72,Paid,Discharged
HP102161,23-11-2024,01-12-2024,Diya Gupta,63,Female,A+,ENT,Dr. Kiran Shetty,Asthma,Chemotherapy,202,Trauma / Accident,Corporate Insurance,45296.3,Partial,Discharged
HP102162,25-06-2026,06-07-2026,Isha Patil,8,Female,AB+,Dermatology,Dr. Manish Gupta,Heart Disease,Physiotherapy,309,Elective Admission,Private Insurance,136999.29,Paid,Under Treatment
HP102163,03-11-2022,18-11-2022,Arjun Patil,78,Female,A-,Dermatology,Dr. Raj Malhotra,Arthritis,IV Therapy,213,Emergency,Corporate Insurance,50710.36,Paid,Discharged
HP102164,17-03-2024,26-03-2024,Aisha Kulkarni,55,Female,A+,Gynecology,Dr. Suresh Patil,Hypertension,Emergency Care,304,Scheduled / Planned,Corporate Insurance,51289.4,Paid,Discharged
HP102165,04-02-2025,06-02-2025,Rohan Joshi,6,Female,O+,General Medicine,Dr. Suresh Patil,Skin Infection,Routine Treatment,416,OPD,Government Insurance,56174.27,Paid,Discharged
HP102166,02-08-2023,07-08-2023,Vivaan Gupta,1,Female,A-,General Medicine,Dr. Meena Shah,Infection,Physiotherapy,416,Referral,Government Insurance,11950.59,Paid,Discharged
HP102167,20-12-2024,03-01-2025,Aisha Reddy,56,Female,AB-,Emergency,Dr. Raj Malhotra,Fracture,Emergency Care,116,Transfer from Another Hospital,Self Pay,13968.83,Paid,Referred
HP102168,15-06-2023,22-06-2023,Diya Reddy,75,Male,AB+,Pediatrics,Dr. Neha Shah,Hypertension,Surgery,209,Direct Admission,Private Insurance,73991.47,Paid,Discharged
HP102169,30-12-2026,14-01-2027,Meera Reddy,10,Male,A-,Emergency,Dr. Anil Rao,Diabetes,Routine Treatment,312,Day Care,Corporate Insurance,132854.24,Paid,Under Treatment
HP102170,29-08-2024,04-09-2024,Priya Kulkarni,23,Male,B-,Emergency,Dr. Anil Rao,Skin Infection,Routine Treatment,514,Maternity / Obstetric,Corporate Insurance,141644.34,Paid,Under Treatment
HP102171,14-06-2021,20-06-2021,Meera Nayak,16,Male,O+,General Medicine,Dr. Manish Gupta,Fracture,Chemotherapy,403,Surgical Admission,Government Insurance,117479.13,Partial,Discharged
HP102172,31-08-2026,07-09-2026,Arjun Gupta,16,Male,A-,Neurology,Dr. Meena Shah,Hypertension,Routine Treatment,516,Observation,Government Insurance,63641.16,Paid,Discharged
HP102173,11-01-2024,14-01-2024,Isha Joshi,56,Female,O-,Neurology,Dr. Asha Nair,Cancer,Observation,203,ICU Admission,Government Insurance,50021.27,Paid,Discharged
HP102174,20-10-2025,02-11-2025,Arjun Gupta,6,Male,AB+,Emergency,Dr. Priya Desai,Infection,Medication,115,Post-Operative Admission,Corporate Insurance,36277.16,Paid,Discharged
HP102175,23-04-2026,26-04-2026,Arjun Reddy,30,Female,A-,Emergency,Dr. Kavita Nair,Hypertension,Medication,203,Readmission,Government Insurance,83075.26,Pending,Discharged
HP102176,06-01-2022,16-01-2022,Ananya Desai,63,Female,O-,Orthopedics,Dr. Sneha Rao,Stroke,Surgery,506,Trauma / Accident,Self Pay,74956.77,Paid,Under Treatment
HP102177,24-02-2026,05-03-2026,Sneha Gupta,1,Male,A+,Pediatrics,Dr. Priya Desai,Arthritis,Physiotherapy,318,Elective Admission,Self Pay,72700.03,Paid,Discharged
HP102178,03-05-2023,17-05-2023,Vikram Nayak,51,Female,O-,Pediatrics,Dr. Neha Shah,Skin Infection,Surgery,207,Emergency,Self Pay,50852.33,Paid,Under Treatment
HP102179,19-01-2022,27-01-2022,Arjun Gupta,46,Male,A+,Neurology,Dr. Priya Desai,Fever,Observation,403,Scheduled / Planned,Private Insurance,89379.4,Paid,Discharged
HP102180,16-04-2026,21-04-2026,Rohan Reddy,21,Other,O+,Neurology,Dr. Meena Shah,Pregnancy Care,Radiation Therapy,504,OPD,Self Pay,93150.11,Paid,Discharged
HP102181,01-03-2022,07-03-2022,Rohan Kulkarni,38,Female,AB-,Oncology,Dr. Raj Malhotra,Sinusitis,Physiotherapy,106,Referral,Government Insurance,131903.22,Paid,Discharged
HP102182,21-09-2022,02-10-2022,Vikram Verma,69,Male,B+,Cardiology,Dr. Neha Shah,Hypertension,Observation,309,Transfer from Another Hospital,Government Insurance,115403.47,Paid,Under Treatment
HP102183,14-06-2023,26-06-2023,Neha Joshi,63,Female,O+,Neurology,Dr. Sneha Rao,Infection,Surgery,119,Direct Admission,Corporate Insurance,52833.93,Pending,Discharged
HP102184,21-08-2022,31-08-2022,Ananya Shetty,50,Female,AB-,Dermatology,Dr. Priya Desai,Infection,Medication,104,Day Care,Private Insurance,60032.85,Pending,Discharged
HP102185,16-08-2022,17-08-2022,Vikram Kulkarni,12,Male,O+,Cardiology,Dr. Suresh Patil,Chest Pain,Radiation Therapy,113,Maternity / Obstetric,Private Insurance,39727.49,Paid,Discharged
HP102186,15-08-2025,25-08-2025,Neha Desai,69,Female,B+,Cardiology,Dr. Raj Malhotra,Chest Pain,Chemotherapy,401,Surgical Admission,Government Insurance,29773.57,Paid,Discharged
HP102187,27-07-2022,08-08-2022,Kiran Reddy,73,Female,B-,Emergency,Dr. Kavita Nair,Skin Infection,Surgery,305,Observation,Corporate Insurance,20789.28,Paid,Discharged
HP102188,07-09-2026,08-09-2026,Meera Gupta,44,Male,A+,Neurology,Dr. Anil Rao,Sinusitis,Radiation Therapy,117,ICU Admission,Self Pay,9947.47,Paid,Discharged
HP102189,22-09-2026,26-09-2026,Priya Gupta,52,Female,B+,General Medicine,Dr. Suresh Patil,Fracture,Physiotherapy,215,Post-Operative Admission,Self Pay,65563.85,Pending,Discharged
HP102190,01-09-2025,03-09-2025,Priya Shetty,9,Male,A-,Orthopedics,Dr. Sneha Rao,Migraine,Chemotherapy,416,Readmission,Corporate Insurance,144072.67,Paid,Discharged
HP102191,26-06-2021,07-07-2021,Aditya Kulkarni,65,Male,B-,General Medicine,Dr. Meena Shah,Fever,Medication,203,Trauma / Accident,Corporate Insurance,83011.69,Paid,Discharged
HP102192,13-06-2022,20-06-2022,Aisha Verma,10,Male,AB+,Dermatology,Dr. Sameer Khan,Infection,Physiotherapy,404,Elective Admission,Government Insurance,112612.75,Partial,Under Treatment
HP102193,22-06-2025,24-06-2025,Priya Joshi,46,Female,B+,Oncology,Dr. Manish Gupta,Stroke,Routine Treatment,120,Emergency,Private Insurance,62669.73,Paid,Discharged
HP102194,24-08-2023,03-09-2023,Aisha Verma,58,Female,O+,Neurology,Dr. Asha Nair,Heart Disease,Observation,117,Scheduled / Planned,Corporate Insurance,60738.78,Paid,Discharged
HP102195,26-02-2025,28-02-2025,Neha Shetty,37,Male,AB-,Neurology,Dr. Manish Gupta,Cancer,Medication,201,OPD,Government Insurance,23154.35,Paid,Discharged
HP102196,17-07-2021,22-07-2021,Diya Desai,52,Male,B+,Emergency,Dr. Kiran Shetty,Chest Pain,Emergency Care,202,Referral,Private Insurance,48478.45,Paid,Under Treatment
HP102197,03-05-2023,07-05-2023,Diya Shetty,81,Male,AB-,Gynecology,Dr. Priya Desai,Arthritis,Medication,420,Transfer from Another Hospital,Self Pay,139657.43,Pending,Discharged
HP102198,18-03-2025,26-03-2025,Aisha Shetty,13,Female,O+,Dermatology,Dr. Kiran Shetty,Arthritis,Medication,518,Direct Admission,Corporate Insurance,76079.22,Paid,Under Treatment
HP102199,01-09-2026,05-09-2026,Arjun Joshi,6,Male,O+,Pediatrics,Dr. Raj Malhotra,Pregnancy Care,Surgery,114,Day Care,Self Pay,34629.69,Paid,Discharged
HP102200,17-12-2023,31-12-2023,Meera Kulkarni,58,Female,AB-,Pediatrics,Dr. Meena Shah,Stroke,Physiotherapy,514,Maternity / Obstetric,Government Insurance,101244.29,Paid,Discharged
HP102201,08-04-2021,20-04-2021,Vivaan Joshi,48,Female,A+,General Medicine,Dr. Asha Nair,Migraine,Surgery,219,Surgical Admission,Self Pay,63789.95,Paid,Discharged
HP102202,19-03-2026,25-03-2026,Aarav Verma,32,Female,B-,ENT,Dr. Kavita Nair,Fracture,Radiation Therapy,108,Observation,Government Insurance,124963.43,Partial,Discharged
HP102203,11-03-2022,16-03-2022,Aarav Reddy,11,Male,AB-,Dermatology,Dr. Sneha Rao,Chest Pain,Emergency Care,409,ICU Admission,Government Insurance,18459.99,Paid,Discharged
HP102204,29-09-2022,10-10-2022,Kiran Kulkarni,81,Male,A+,Oncology,Dr. Sneha Rao,Heart Disease,Medication,311,Post-Operative Admission,Private Insurance,80662.09,Partial,Under Treatment
HP102205,11-08-2022,25-08-2022,Sneha Sharma,5,Male,A+,Neurology,Dr. Kiran Shetty,Fever,Emergency Care,118,Readmission,Government Insurance,121175.76,Pending,Discharged
HP102206,10-12-2021,12-12-2021,Kiran Kulkarni,6,Female,AB-,Neurology,Dr. Neha Shah,Fracture,Medication,405,Trauma / Accident,Government Insurance,128798.54,Pending,Discharged
HP102207,10-08-2024,21-08-2024,Kavya Gupta,74,Female,B-,Gynecology,Dr. Kiran Shetty,Cancer,Routine Treatment,512,Elective Admission,Self Pay,62470.14,Paid,Discharged
HP102208,03-06-2026,18-06-2026,Sneha Reddy,21,Female,A-,Cardiology,Dr. Asha Nair,Arthritis,Physiotherapy,115,Emergency,Private Insurance,112450.95,Paid,Under Treatment
HP102209,25-07-2022,07-08-2022,Kavya Reddy,42,Male,O+,Dermatology,Dr. Manish Gupta,Migraine,Medication,119,Scheduled / Planned,Private Insurance,145027.93,Paid,Discharged
HP102210,03-09-2022,15-09-2022,Sneha Joshi,81,Female,B+,ENT,Dr. Asha Nair,Skin Infection,Medication,512,OPD,Private Insurance,95179.54,Partial,Discharged
HP102211,24-09-2025,08-10-2025,Sneha Reddy,27,Male,A+,Oncology,Dr. Sneha Rao,Heart Disease,Surgery,107,Referral,Self Pay,122680.55,Pending,Discharged
HP102212,29-01-2026,06-02-2026,Diya Joshi,3,Male,B+,ENT,Dr. Kiran Shetty,Chest Pain,Emergency Care,301,Transfer from Another Hospital,Private Insurance,88193.68,Pending,Discharged
HP102213,18-08-2023,20-08-2023,Ananya Patil,60,Female,B-,Orthopedics,Dr. Suresh Patil,Diabetes,Medication,107,Direct Admission,Self Pay,119580.83,Paid,Discharged
HP102214,11-09-2026,20-09-2026,Kiran Verma,66,Male,A-,Dermatology,Dr. Neha Shah,Arthritis,Chemotherapy,211,Day Care,Private Insurance,141401.29,Partial,Discharged
HP102215,16-06-2022,01-07-2022,Sneha Desai,49,Female,O-,Cardiology,Dr. Manish Gupta,Migraine,Observation,508,Maternity / Obstetric,Government Insurance,108161.98,Pending,Referred
HP102216,23-03-2024,01-04-2024,Aarav Reddy,34,Female,AB+,Orthopedics,Dr. Sameer Khan,Migraine,Chemotherapy,206,Surgical Admission,Corporate Insurance,27392.16,Pending,Discharged
HP102217,28-12-2023,31-12-2023,Neha Nayak,37,Female,O+,Gynecology,Dr. Sneha Rao,Fracture,Observation,407,Observation,Private Insurance,16878.41,Paid,Referred
HP102218,17-03-2026,21-03-2026,Aarav Patil,42,Male,O+,Emergency,Dr. Manish Gupta,Asthma,Observation,405,ICU Admission,Self Pay,122752.55,Partial,Discharged
HP102219,03-06-2023,11-06-2023,Kavya Sharma,65,Male,A-,Pediatrics,Dr. Sameer Khan,Sinusitis,Observation,305,Post-Operative Admission,Corporate Insurance,42463.12,Paid,Under Treatment
HP102220,06-08-2025,15-08-2025,Rohan Patil,60,Male,O-,Pediatrics,Dr. Raj Malhotra,Fracture,Radiation Therapy,211,Readmission,Self Pay,131913.44,Paid,Discharged
HP102221,28-10-2026,31-10-2026,Pooja Gupta,1,Male,B-,Emergency,Dr. Manish Gupta,Diabetes,Surgery,411,Trauma / Accident,Government Insurance,33442.59,Paid,Discharged
HP102222,16-10-2025,21-10-2025,Diya Joshi,59,Female,A-,Emergency,Dr. Priya Desai,Migraine,Radiation Therapy,319,Elective Admission,Government Insurance,137101.77,Paid,Admitted
HP102223,21-02-2023,04-03-2023,Aarav Shetty,4,Female,O+,Gynecology,Dr. Raj Malhotra,Fever,Medication,302,Emergency,Self Pay,121756.24,Paid,Discharged
HP102224,07-10-2026,22-10-2026,Vikram Desai,14,Male,AB+,Pediatrics,Dr. Priya Desai,Fracture,Chemotherapy,207,Scheduled / Planned,Corporate Insurance,132783.12,Paid,Discharged
HP102225,31-05-2023,08-06-2023,Vivaan Nayak,18,Female,A+,Oncology,Dr. Asha Nair,Fever,Chemotherapy,402,OPD,Corporate Insurance,38742.57,Pending,Discharged
HP102226,23-03-2022,26-03-2022,Meera Shetty,34,Female,A-,Neurology,Dr. Neha Shah,Chest Pain,Emergency Care,301,Referral,Private Insurance,132387.38,Partial,Discharged
HP102227,15-10-2026,22-10-2026,Meera Reddy,1,Male,AB-,ENT,Dr. Meena Shah,Heart Disease,Observation,308,Transfer from Another Hospital,Government Insurance,90196.17,Partial,Discharged
HP102228,19-11-2025,30-11-2025,Neha Desai,53,Male,AB-,ENT,Dr. Priya Desai,Infection,IV Therapy,510,Direct Admission,Corporate Insurance,17181.19,Paid,Discharged
HP102229,01-07-2024,09-07-2024,Neha Patil,22,Male,B-,Dermatology,Dr. Raj Malhotra,Diabetes,Medication,106,Day Care,Government Insurance,140000.88,Paid,Under Treatment
HP102230,15-06-2026,25-06-2026,Aisha Verma,80,Female,O+,ENT,Dr. Sneha Rao,Sinusitis,Surgery,414,Maternity / Obstetric,Corporate Insurance,33223.06,Pending,Discharged
HP102231,04-12-2023,15-12-2023,Rahul Patil,61,Female,O+,Orthopedics,Dr. Sameer Khan,Cancer,Chemotherapy,506,Surgical Admission,Corporate Insurance,35957.32,Paid,Under Treatment
HP102232,27-04-2025,11-05-2025,Meera Desai,22,Female,A-,Orthopedics,Dr. Kavita Nair,Heart Disease,Surgery,503,Observation,Private Insurance,107084.49,Partial,Discharged
HP102233,09-10-2023,12-10-2023,Arjun Kulkarni,50,Male,AB+,Neurology,Dr. Suresh Patil,Asthma,Radiation Therapy,110,ICU Admission,Self Pay,89544.32,Pending,Discharged
HP102234,13-02-2023,15-02-2023,Vivaan Gupta,16,Female,B-,Cardiology,Dr. Kiran Shetty,Migraine,Chemotherapy,107,Post-Operative Admission,Government Insurance,135933.76,Pending,Under Treatment
HP102235,20-12-2025,30-12-2025,Vivaan Joshi,28,Male,A-,Orthopedics,Dr. Priya Desai,Infection,Radiation Therapy,406,Readmission,Government Insurance,49508.36,Paid,Discharged
HP102236,16-04-2024,29-04-2024,Vivaan Joshi,70,Other,B-,Orthopedics,Dr. Sameer Khan,Asthma,Observation,507,Trauma / Accident,Self Pay,11049.61,Partial,Discharged
HP102237,21-12-2024,28-12-2024,Ananya Shetty,42,Female,AB-,Dermatology,Dr. Asha Nair,Sinusitis,Medication,305,Elective Admission,Private Insurance,149274.91,Paid,Discharged
HP102238,03-11-2021,15-11-2021,Kavya Kulkarni,66,Male,O-,Oncology,Dr. Meena Shah,Sinusitis,Chemotherapy,406,Emergency,Private Insurance,50347.86,Partial,Discharged
HP102239,18-02-2023,27-02-2023,Kavya Nayak,71,Female,AB+,Emergency,Dr. Kavita Nair,Pregnancy Care,Medication,504,Scheduled / Planned,Government Insurance,28479.38,Partial,Discharged
HP102240,08-01-2021,09-01-2021,Ananya Shetty,81,Female,A+,Cardiology,Dr. Sameer Khan,Chest Pain,Chemotherapy,114,OPD,Self Pay,147735.26,Paid,Under Treatment
HP102241,21-04-2022,24-04-2022,Arjun Desai,35,Female,AB+,ENT,Dr. Kavita Nair,Cancer,Routine Treatment,510,Referral,Private Insurance,86619.59,Partial,Discharged
HP102242,13-08-2024,18-08-2024,Vikram Kulkarni,20,Male,A+,Cardiology,Dr. Priya Desai,Sinusitis,IV Therapy,202,Transfer from Another Hospital,Self Pay,26584.42,Paid,Under Treatment
HP102243,30-04-2022,03-05-2022,Vivaan Kulkarni,2,Male,O+,Orthopedics,Dr. Kavita Nair,Fever,Surgery,413,Direct Admission,Corporate Insurance,126194.12,Pending,Admitted
HP102244,24-06-2023,25-06-2023,Vikram Sharma,7,Female,B+,General Medicine,Dr. Sameer Khan,Diabetes,Medication,107,Day Care,Government Insurance,142085.75,Paid,Under Treatment
HP102245,13-07-2022,28-07-2022,Kavya Shetty,49,Female,O-,ENT,Dr. Suresh Patil,Fever,Radiation Therapy,211,Maternity / Obstetric,Private Insurance,132785.6,Paid,Discharged
HP102246,22-05-2026,29-05-2026,Ananya Kulkarni,83,Male,AB-,Cardiology,Dr. Suresh Patil,Cancer,Observation,206,Surgical Admission,Corporate Insurance,33799.8,Pending,Discharged
HP102247,02-02-2024,09-02-2024,Neha Kulkarni,76,Female,O+,Neurology,Dr. Asha Nair,Asthma,Radiation Therapy,405,Observation,Self Pay,12639.75,Partial,Discharged
HP102248,18-05-2024,28-05-2024,Isha Nayak,9,Male,AB-,Pediatrics,Dr. Kavita Nair,Fracture,Surgery,406,ICU Admission,Self Pay,58838.45,Paid,Under Treatment
HP102249,13-04-2022,25-04-2022,Rohan Kulkarni,27,Female,O-,Gynecology,Dr. Manish Gupta,Asthma,Physiotherapy,105,Post-Operative Admission,Government Insurance,56452.53,Paid,Discharged
HP102250,28-04-2023,06-05-2023,Arjun Joshi,78,Male,AB-,Pediatrics,Dr. Priya Desai,Cancer,Physiotherapy,519,Readmission,Corporate Insurance,63858.27,Paid,Under Treatment
HP102251,16-09-2021,21-09-2021,Rahul Shetty,2,Male,AB+,Orthopedics,Dr. Sneha Rao,Fracture,Observation,505,Trauma / Accident,Private Insurance,120852.19,Partial,Discharged
HP102252,10-10-2021,20-10-2021,Rahul Kulkarni,85,Female,A+,Oncology,Dr. Asha Nair,Cancer,Routine Treatment,205,Elective Admission,Government Insurance,6398.75,Paid,Discharged
HP102253,08-07-2025,20-07-2025,Neha Kulkarni,68,Male,B+,Dermatology,Dr. Neha Shah,Chest Pain,Routine Treatment,412,Emergency,Corporate Insurance,102847.95,Partial,Discharged
HP102254,14-03-2026,19-03-2026,Priya Kulkarni,60,Female,O-,Cardiology,Dr. Kiran Shetty,Stroke,IV Therapy,407,Scheduled / Planned,Government Insurance,147847.33,Partial,Discharged
HP102255,09-02-2021,14-02-2021,Diya Patil,85,Female,B+,Neurology,Dr. Asha Nair,Infection,Chemotherapy,309,OPD,Corporate Insurance,62877.21,Partial,Admitted
HP102256,12-10-2023,13-10-2023,Aarav Gupta,49,Male,B+,Emergency,Dr. Kavita Nair,Skin Infection,Routine Treatment,416,Referral,Private Insurance,75333.33,Pending,Discharged
HP102257,05-09-2022,15-09-2022,Aarav Joshi,2,Male,O+,General Medicine,Dr. Kavita Nair,Hypertension,Medication,102,Transfer from Another Hospital,Self Pay,96056.39,Paid,Discharged
HP102258,31-03-2026,05-04-2026,Aditya Desai,17,Female,B-,ENT,Dr. Kiran Shetty,Stroke,Surgery,401,Direct Admission,Self Pay,46409.67,Paid,Discharged
HP102259,19-11-2022,25-11-2022,Sneha Verma,83,Male,AB+,Emergency,Dr. Sameer Khan,Sinusitis,Emergency Care,504,Day Care,Self Pay,109184.98,Pending,Under Treatment
HP102260,05-09-2022,20-09-2022,Sneha Nayak,20,Female,AB+,Dermatology,Dr. Suresh Patil,Asthma,Physiotherapy,406,Maternity / Obstetric,Private Insurance,34434.56,Partial,Under Treatment
HP102261,17-11-2025,30-11-2025,Sneha Verma,76,Female,O+,Cardiology,Dr. Raj Malhotra,Infection,Chemotherapy,308,Surgical Admission,Corporate Insurance,14394.84,Pending,Admitted
HP102262,16-12-2025,28-12-2025,Pooja Desai,32,Female,AB-,Pediatrics,Dr. Meena Shah,Diabetes,IV Therapy,217,Observation,Government Insurance,121192.68,Paid,Admitted
HP102263,28-03-2025,29-03-2025,Arjun Desai,51,Female,AB+,Gynecology,Dr. Meena Shah,Migraine,Radiation Therapy,412,ICU Admission,Self Pay,30595.2,Paid,Discharged
HP102264,15-04-2026,26-04-2026,Neha Kulkarni,42,Male,AB+,ENT,Dr. Neha Shah,Pregnancy Care,Medication,512,Post-Operative Admission,Self Pay,111066.57,Paid,Discharged
HP102265,27-02-2024,05-03-2024,Priya Desai,63,Female,B-,Oncology,Dr. Asha Nair,Diabetes,Routine Treatment,209,Readmission,Private Insurance,131339.61,Paid,Discharged
HP102266,29-07-2022,30-07-2022,Rahul Verma,61,Other,AB+,ENT,Dr. Priya Desai,Skin Infection,Emergency Care,505,Trauma / Accident,Private Insurance,11637.33,Paid,Discharged
HP102267,26-03-2026,06-04-2026,Aarav Gupta,62,Male,A+,Emergency,Dr. Neha Shah,Chest Pain,IV Therapy,317,Elective Admission,Corporate Insurance,107470.89,Paid,Discharged
HP102268,10-10-2023,12-10-2023,Isha Reddy,3,Female,O+,Emergency,Dr. Suresh Patil,Cancer,Radiation Therapy,512,Emergency,Corporate Insurance,98704.16,Paid,Discharged
HP102269,01-11-2022,03-11-2022,Aarav Reddy,76,Female,B+,General Medicine,Dr. Manish Gupta,Sinusitis,Observation,102,Scheduled / Planned,Corporate Insurance,95462.52,Partial,Discharged
HP102270,26-09-2021,01-10-2021,Vivaan Nayak,26,Male,B-,Gynecology,Dr. Kiran Shetty,Skin Infection,Routine Treatment,502,OPD,Government Insurance,47826.95,Paid,Discharged
HP102271,07-07-2024,21-07-2024,Priya Kulkarni,48,Male,B-,Orthopedics,Dr. Anil Rao,Infection,IV Therapy,516,Referral,Corporate Insurance,11616.29,Paid,Discharged
HP102272,13-07-2023,23-07-2023,Diya Reddy,8,Female,AB-,Cardiology,Dr. Asha Nair,Chest Pain,Medication,411,Emergency,Corporate Insurance,19280.48,Paid,Referred
HP102273,31-01-2024,13-02-2024,Rahul Joshi,5,Male,AB+,Gynecology,Dr. Raj Malhotra,Cancer,Radiation Therapy,410,Scheduled / Planned,Government Insurance,44572.62,Partial,Discharged
HP102274,10-03-2025,17-03-2025,Vivaan Gupta,11,Male,B+,Cardiology,Dr. Neha Shah,Infection,Routine Treatment,110,OPD,Self Pay,63897.33,Partial,Discharged
HP102275,25-10-2025,26-10-2025,Diya Shetty,42,Male,O+,Emergency,Dr. Sameer Khan,Skin Infection,IV Therapy,305,Referral,Self Pay,138124.02,Paid,Discharged
HP102276,14-05-2025,24-05-2025,Rahul Shetty,41,Male,A+,Gynecology,Dr. Anil Rao,Hypertension,IV Therapy,509,Transfer from Another Hospital,Private Insurance,104190.94,Paid,Discharged
HP102277,04-09-2021,05-09-2021,Meera Desai,19,Male,O-,Cardiology,Dr. Raj Malhotra,Cancer,Emergency Care,513,Direct Admission,Government Insurance,8787.15,Paid,Discharged
HP102278,10-04-2025,11-04-2025,Meera Patil,48,Female,O+,Orthopedics,Dr. Anil Rao,Fever,Routine Treatment,306,Day Care,Corporate Insurance,138358.55,Paid,Discharged
HP102279,19-12-2026,25-12-2026,Ananya Kulkarni,53,Male,O-,Cardiology,Dr. Anil Rao,Cancer,IV Therapy,309,Maternity / Obstetric,Self Pay,109450.75,Paid,Discharged
HP102280,24-04-2026,26-04-2026,Kiran Verma,55,Other,B+,Neurology,Dr. Priya Desai,Skin Infection,Surgery,504,Surgical Admission,Private Insurance,76423.15,Pending,Under Treatment
HP102281,19-07-2023,20-07-2023,Pooja Joshi,61,Male,O+,Gynecology,Dr. Kavita Nair,Diabetes,Physiotherapy,202,Observation,Government Insurance,72137.22,Paid,Under Treatment
HP102282,15-08-2021,21-08-2021,Priya Patil,32,Male,A-,Dermatology,Dr. Kiran Shetty,Hypertension,Physiotherapy,519,ICU Admission,Government Insurance,140311.56,Pending,Discharged
HP102283,22-09-2021,06-10-2021,Pooja Desai,46,Male,B+,Cardiology,Dr. Kavita Nair,Hypertension,Routine Treatment,106,Post-Operative Admission,Government Insurance,84751.18,Pending,Discharged
HP102284,27-10-2024,29-10-2024,Priya Patil,36,Male,A+,Oncology,Dr. Suresh Patil,Fracture,Radiation Therapy,308,Readmission,Corporate Insurance,77902.57,Paid,Discharged
HP102285,28-12-2024,03-01-2025,Kavya Joshi,18,Male,A+,Pediatrics,Dr. Raj Malhotra,Sinusitis,Emergency Care,103,Trauma / Accident,Corporate Insurance,117320.55,Paid,Discharged
HP102286,08-10-2022,18-10-2022,Meera Joshi,74,Female,A+,Gynecology,Dr. Manish Gupta,Hypertension,IV Therapy,219,Elective Admission,Corporate Insurance,91001.78,Pending,Discharged
HP102287,19-11-2024,27-11-2024,Pooja Shetty,18,Female,B-,General Medicine,Dr. Meena Shah,Diabetes,Surgery,118,Emergency,Private Insurance,41084.81,Partial,Discharged
HP102288,13-01-2025,15-01-2025,Neha Kulkarni,12,Male,O+,Gynecology,Dr. Kiran Shetty,Hypertension,Routine Treatment,204,Scheduled / Planned,Government Insurance,149837.47,Pending,Under Treatment
HP102289,19-10-2024,30-10-2024,Diya Nayak,72,Male,B-,Pediatrics,Dr. Asha Nair,Stroke,Radiation Therapy,518,OPD,Private Insurance,45713.04,Paid,Under Treatment
HP102290,15-03-2026,24-03-2026,Rahul Reddy,46,Male,A-,Dermatology,Dr. Sameer Khan,Pregnancy Care,IV Therapy,310,Referral,Private Insurance,104053.34,Partial,Discharged
HP102291,03-06-2024,11-06-2024,Isha Sharma,55,Female,B+,General Medicine,Dr. Sneha Rao,Pregnancy Care,Emergency Care,210,Transfer from Another Hospital,Private Insurance,76011.71,Paid,Discharged
HP102292,09-09-2023,21-09-2023,Pooja Gupta,38,Female,AB+,Cardiology,Dr. Kiran Shetty,Infection,Routine Treatment,414,Direct Admission,Corporate Insurance,22665.91,Paid,Discharged
HP102293,29-02-2024,10-03-2024,Neha Sharma,78,Male,AB-,Neurology,Dr. Kavita Nair,Sinusitis,Medication,108,Day Care,Government Insurance,144051.94,Paid,Discharged
HP102294,11-08-2022,12-08-2022,Sneha Gupta,2,Male,A-,Gynecology,Dr. Meena Shah,Fracture,Observation,209,Maternity / Obstetric,Self Pay,53680.85,Paid,Discharged
HP102295,21-04-2022,28-04-2022,Isha Gupta,9,Female,O+,Oncology,Dr. Manish Gupta,Asthma,IV Therapy,508,Surgical Admission,Corporate Insurance,100267.46,Paid,Under Treatment
HP102296,27-12-2025,10-01-2026,Diya Joshi,5,Male,AB+,Neurology,Dr. Neha Shah,Sinusitis,Routine Treatment,405,Observation,Corporate Insurance,111967.52,Paid,Under Treatment
HP102297,13-09-2023,26-09-2023,Priya Reddy,19,Female,O-,Pediatrics,Dr. Asha Nair,Migraine,IV Therapy,320,ICU Admission,Self Pay,62233.8,Paid,Discharged
HP102298,26-05-2024,05-06-2024,Pooja Verma,71,Male,O+,General Medicine,Dr. Kavita Nair,Heart Disease,IV Therapy,204,Post-Operative Admission,Private Insurance,42806.95,Paid,Discharged
HP102299,09-07-2021,15-07-2021,Neha Kulkarni,39,Female,AB+,Dermatology,Dr. Sameer Khan,Skin Infection,Physiotherapy,320,Readmission,Private Insurance,13540.93,Paid,Discharged
HP102300,11-12-2024,25-12-2024,Ananya Joshi,42,Female,A-,General Medicine,Dr. Suresh Patil,Migraine,Radiation Therapy,314,Trauma / Accident,Corporate Insurance,142976.84,Paid,Discharged
HP102301,08-09-2023,14-09-2023,Kiran Reddy,17,Other,B+,Dermatology,Dr. Kiran Shetty,Sinusitis,Chemotherapy,213,Elective Admission,Corporate Insurance,89401.77,Pending,Discharged
HP102302,26-08-2025,01-09-2025,Vikram Nayak,63,Female,AB-,ENT,Dr. Priya Desai,Sinusitis,Radiation Therapy,404,Emergency,Corporate Insurance,108879.68,Paid,Discharged
HP102303,12-09-2025,18-09-2025,Vikram Kulkarni,46,Male,AB+,Dermatology,Dr. Kavita Nair,Asthma,Observation,520,Scheduled / Planned,Self Pay,72983.56,Pending,Under Treatment
HP102304,10-02-2021,20-02-2021,Neha Gupta,20,Female,B-,Neurology,Dr. Meena Shah,Sinusitis,Radiation Therapy,519,OPD,Corporate Insurance,38815.18,Paid,Discharged
HP102305,01-08-2023,08-08-2023,Ananya Gupta,70,Male,B-,Cardiology,Dr. Suresh Patil,Skin Infection,Observation,510,Referral,Corporate Insurance,149334.84,Paid,Under Treatment
HP102306,04-12-2021,16-12-2021,Sneha Joshi,8,Other,A-,Pediatrics,Dr. Sameer Khan,Infection,Medication,514,Transfer from Another Hospital,Government Insurance,145272.42,Pending,Discharged
HP102307,30-08-2024,02-09-2024,Rohan Nayak,19,Female,AB-,Dermatology,Dr. Anil Rao,Infection,Observation,406,Direct Admission,Self Pay,129699.11,Paid,Discharged
HP102308,04-01-2024,18-01-2024,Aarav Reddy,32,Male,AB-,Cardiology,Dr. Sneha Rao,Fever,IV Therapy,502,Day Care,Self Pay,137838.72,Paid,Admitted
HP102309,15-06-2023,21-06-2023,Neha Joshi,19,Male,O+,ENT,Dr. Neha Shah,Stroke,Radiation Therapy,212,Maternity / Obstetric,Government Insurance,88380.91,Paid,Discharged
HP102310,02-08-2025,05-08-2025,Priya Desai,24,Female,AB+,Orthopedics,Dr. Raj Malhotra,Infection,Emergency Care,413,Surgical Admission,Private Insurance,58329.29,Pending,Referred
HP102311,20-07-2023,27-07-2023,Aisha Nayak,24,Other,A-,Dermatology,Dr. Priya Desai,Skin Infection,IV Therapy,106,Observation,Self Pay,54757.11,Partial,Discharged
HP102312,16-10-2021,23-10-2021,Neha Patil,56,Female,AB-,Orthopedics,Dr. Neha Shah,Stroke,Physiotherapy,313,ICU Admission,Corporate Insurance,140390.09,Paid,Discharged
HP102313,25-12-2022,02-01-2023,Kavya Desai,81,Male,AB-,General Medicine,Dr. Sameer Khan,Chest Pain,Observation,320,Post-Operative Admission,Corporate Insurance,144035.51,Partial,Under Treatment
HP102314,08-05-2026,10-05-2026,Aarav Reddy,18,Male,B-,ENT,Dr. Kavita Nair,Diabetes,Emergency Care,104,Readmission,Private Insurance,68870.32,Paid,Referred
HP102315,26-12-2023,04-01-2024,Aisha Desai,12,Male,A-,Neurology,Dr. Priya Desai,Fever,Emergency Care,205,Trauma / Accident,Government Insurance,93028.06,Pending,Discharged
HP102316,28-04-2022,11-05-2022,Rahul Nayak,41,Female,AB+,Gynecology,Dr. Raj Malhotra,Infection,Emergency Care,205,Elective Admission,Government Insurance,121764.1,Paid,Under Treatment
HP102317,25-07-2023,30-07-2023,Pooja Reddy,48,Other,O-,Oncology,Dr. Neha Shah,Skin Infection,Surgery,509,Emergency,Government Insurance,106863.67,Pending,Referred
HP102318,05-06-2021,14-06-2021,Sneha Joshi,82,Female,AB+,Emergency,Dr. Sneha Rao,Arthritis,Radiation Therapy,405,Scheduled / Planned,Corporate Insurance,131103.38,Paid,Discharged
HP102319,07-12-2023,17-12-2023,Aisha Patil,64,Female,B-,Oncology,Dr. Sneha Rao,Stroke,Radiation Therapy,403,OPD,Government Insurance,93251.7,Paid,Discharged
HP102320,13-05-2026,18-05-2026,Kavya Sharma,16,Female,O-,Emergency,Dr. Kavita Nair,Arthritis,Emergency Care,119,Referral,Government Insurance,89459.83,Paid,Admitted
HP102321,11-08-2025,18-08-2025,Meera Desai,80,Female,O+,Pediatrics,Dr. Priya Desai,Asthma,Observation,501,Transfer from Another Hospital,Corporate Insurance,59488.24,Partial,Referred
HP102322,04-05-2021,15-05-2021,Aisha Nayak,23,Female,O-,Orthopedics,Dr. Sameer Khan,Asthma,Surgery,509,Direct Admission,Private Insurance,15625.32,Paid,Discharged
HP102323,11-08-2026,20-08-2026,Aditya Sharma,39,Female,O-,Gynecology,Dr. Sameer Khan,Arthritis,Emergency Care,410,Day Care,Corporate Insurance,13053.61,Paid,Discharged
HP102324,26-08-2023,10-09-2023,Aisha Gupta,33,Male,A+,Emergency,Dr. Asha Nair,Sinusitis,Emergency Care,201,Maternity / Obstetric,Government Insurance,27003.88,Paid,Discharged
HP102325,05-05-2023,09-05-2023,Rahul Nayak,24,Female,A+,Gynecology,Dr. Priya Desai,Cancer,Physiotherapy,317,Surgical Admission,Private Insurance,13377.1,Paid,Under Treatment
HP102326,02-10-2022,04-10-2022,Kavya Nayak,61,Male,AB-,General Medicine,Dr. Priya Desai,Sinusitis,Surgery,415,Observation,Government Insurance,82595.89,Paid,Discharged
HP102327,22-05-2025,31-05-2025,Rahul Shetty,55,Male,B+,Pediatrics,Dr. Kavita Nair,Arthritis,Observation,105,ICU Admission,Corporate Insurance,63518.68,Paid,Discharged
HP102328,18-03-2022,31-03-2022,Neha Gupta,61,Female,B-,Dermatology,Dr. Asha Nair,Skin Infection,Radiation Therapy,420,Post-Operative Admission,Corporate Insurance,8809.95,Paid,Discharged
HP102329,29-04-2026,01-05-2026,Meera Sharma,84,Female,B+,Oncology,Dr. Kiran Shetty,Sinusitis,IV Therapy,203,Readmission,Private Insurance,8174.55,Paid,Discharged
HP102330,13-01-2026,16-01-2026,Kiran Kulkarni,40,Female,AB-,Orthopedics,Dr. Asha Nair,Stroke,Physiotherapy,216,Trauma / Accident,Government Insurance,80837.26,Paid,Discharged
HP102331,04-01-2026,14-01-2026,Neha Desai,58,Male,O+,Emergency,Dr. Neha Shah,Arthritis,IV Therapy,417,Elective Admission,Government Insurance,84621.42,Paid,Discharged
HP102332,31-12-2026,02-01-2027,Priya Reddy,72,Female,B-,Cardiology,Dr. Priya Desai,Migraine,Routine Treatment,512,Emergency,Private Insurance,10406.43,Paid,Discharged
HP102333,17-06-2022,20-06-2022,Aisha Kulkarni,74,Female,AB+,ENT,Dr. Meena Shah,Cancer,Radiation Therapy,405,Scheduled / Planned,Self Pay,102148.22,Paid,Discharged
HP102334,29-08-2024,04-09-2024,Rahul Kulkarni,1,Male,O+,Pediatrics,Dr. Kavita Nair,Infection,Chemotherapy,416,OPD,Corporate Insurance,23250.87,Paid,Referred
HP102335,07-08-2023,10-08-2023,Rohan Verma,85,Female,B-,Oncology,Dr. Kavita Nair,Cancer,Observation,213,Referral,Corporate Insurance,76705.01,Pending,Discharged
HP102336,13-07-2026,28-07-2026,Kavya Reddy,25,Male,A-,Emergency,Dr. Asha Nair,Migraine,Surgery,420,Transfer from Another Hospital,Government Insurance,28027.89,Paid,Under Treatment
HP102337,05-04-2022,15-04-2022,Priya Desai,53,Male,O-,Neurology,Dr. Suresh Patil,Stroke,Routine Treatment,509,Direct Admission,Corporate Insurance,10663.93,Paid,Under Treatment
HP102338,05-07-2022,13-07-2022,Isha Reddy,61,Female,B+,Cardiology,Dr. Kavita Nair,Hypertension,Physiotherapy,317,Day Care,Private Insurance,35792.95,Pending,Admitted
HP102339,28-01-2022,08-02-2022,Rahul Sharma,46,Male,B-,Oncology,Dr. Asha Nair,Fracture,Emergency Care,410,Maternity / Obstetric,Corporate Insurance,72301.14,Paid,Discharged
HP102340,23-11-2025,29-11-2025,Priya Verma,74,Male,O-,Dermatology,Dr. Raj Malhotra,Cancer,Chemotherapy,404,Surgical Admission,Private Insurance,112866.85,Paid,Discharged
HP102341,25-04-2023,02-05-2023,Meera Nayak,60,Male,B+,Oncology,Dr. Meena Shah,Heart Disease,Physiotherapy,116,Observation,Corporate Insurance,43505.89,Paid,Discharged
HP102342,13-02-2024,14-02-2024,Kiran Shetty,51,Male,O+,Emergency,Dr. Kavita Nair,Sinusitis,Physiotherapy,319,ICU Admission,Self Pay,104334.36,Paid,Under Treatment
HP102343,08-10-2022,11-10-2022,Aarav Verma,73,Male,AB-,Pediatrics,Dr. Sameer Khan,Stroke,Physiotherapy,508,Post-Operative Admission,Government Insurance,130090.57,Partial,Admitted
HP102344,06-01-2025,09-01-2025,Vikram Desai,84,Male,B-,General Medicine,Dr. Anil Rao,Hypertension,Physiotherapy,518,Readmission,Self Pay,44117.78,Partial,Discharged
HP102345,09-10-2024,11-10-2024,Vikram Sharma,48,Male,A+,General Medicine,Dr. Anil Rao,Pregnancy Care,Physiotherapy,515,Trauma / Accident,Private Insurance,80722.78,Pending,Discharged
HP102346,22-05-2021,29-05-2021,Sneha Shetty,84,Male,B+,ENT,Dr. Suresh Patil,Hypertension,Chemotherapy,213,Elective Admission,Government Insurance,64368.1,Paid,Discharged
HP102347,16-05-2022,25-05-2022,Neha Joshi,40,Male,O-,Cardiology,Dr. Sameer Khan,Fever,IV Therapy,213,Emergency,Corporate Insurance,8982.63,Paid,Discharged
HP102348,20-04-2023,24-04-2023,Sneha Desai,7,Male,AB+,Cardiology,Dr. Anil Rao,Chest Pain,Observation,312,Scheduled / Planned,Corporate Insurance,61821.63,Paid,Referred
HP102349,10-08-2025,22-08-2025,Pooja Shetty,75,Female,AB+,ENT,Dr. Kavita Nair,Cancer,Emergency Care,410,OPD,Self Pay,59694.05,Partial,Discharged
HP102350,15-04-2025,20-04-2025,Neha Gupta,85,Female,O-,Neurology,Dr. Asha Nair,Hypertension,Radiation Therapy,106,Referral,Government Insurance,95175.03,Pending,Discharged
HP102351,09-08-2026,12-08-2026,Pooja Shetty,19,Male,O-,Oncology,Dr. Asha Nair,Chest Pain,Surgery,313,Transfer from Another Hospital,Corporate Insurance,130632.55,Paid,Discharged
HP102352,11-03-2025,22-03-2025,Pooja Shetty,15,Female,B-,Gynecology,Dr. Meena Shah,Skin Infection,Physiotherapy,301,Direct Admission,Private Insurance,102420.94,Paid,Discharged
HP102353,19-08-2022,28-08-2022,Kavya Shetty,70,Other,AB+,Neurology,Dr. Raj Malhotra,Heart Disease,Surgery,306,Day Care,Self Pay,56530.58,Paid,Discharged
HP102354,20-03-2026,03-04-2026,Aditya Kulkarni,61,Female,O-,Pediatrics,Dr. Raj Malhotra,Skin Infection,Chemotherapy,117,Maternity / Obstetric,Corporate Insurance,70086.23,Paid,Discharged
HP102355,08-10-2021,12-10-2021,Kiran Patil,56,Male,O+,Orthopedics,Dr. Anil Rao,Cancer,Surgery,111,Surgical Admission,Private Insurance,133638.03,Paid,Discharged
HP102356,28-02-2022,05-03-2022,Isha Patil,10,Female,AB+,Dermatology,Dr. Sameer Khan,Stroke,IV Therapy,412,Observation,Private Insurance,97655.32,Pending,Discharged
HP102357,27-09-2021,28-09-2021,Isha Joshi,46,Male,B+,Emergency,Dr. Raj Malhotra,Hypertension,Routine Treatment,518,ICU Admission,Self Pay,61526.99,Partial,Admitted
HP102358,03-06-2021,14-06-2021,Rahul Nayak,80,Male,O+,Neurology,Dr. Asha Nair,Arthritis,Radiation Therapy,103,Post-Operative Admission,Self Pay,92023.86,Paid,Under Treatment
HP102359,17-10-2025,29-10-2025,Kiran Joshi,75,Male,B-,Dermatology,Dr. Priya Desai,Migraine,Radiation Therapy,107,Readmission,Self Pay,98428.19,Partial,Discharged
HP102360,24-10-2022,08-11-2022,Aisha Patil,57,Male,B+,ENT,Dr. Suresh Patil,Stroke,Physiotherapy,116,Trauma / Accident,Private Insurance,74929.93,Partial,Discharged
HP102361,22-05-2026,04-06-2026,Neha Joshi,35,Female,B-,Oncology,Dr. Kiran Shetty,Cancer,Medication,408,Elective Admission,Government Insurance,130480.22,Partial,Discharged
HP102362,24-03-2021,26-03-2021,Vivaan Nayak,72,Female,AB+,ENT,Dr. Manish Gupta,Infection,Surgery,303,Emergency,Government Insurance,122844.79,Pending,Discharged
HP102363,20-12-2024,01-01-2025,Priya Patil,3,Female,O+,Dermatology,Dr. Neha Shah,Cancer,Chemotherapy,412,Scheduled / Planned,Government Insurance,81039.57,Partial,Discharged
HP102364,22-07-2024,04-08-2024,Kavya Verma,66,Male,B-,General Medicine,Dr. Sneha Rao,Pregnancy Care,Observation,409,OPD,Government Insurance,143961.31,Paid,Under Treatment
HP102365,07-09-2023,16-09-2023,Ananya Sharma,53,Male,AB-,General Medicine,Dr. Priya Desai,Arthritis,IV Therapy,217,Referral,Government Insurance,143216.25,Paid,Discharged
HP102366,18-07-2025,20-07-2025,Kiran Verma,78,Male,B-,Oncology,Dr. Suresh Patil,Sinusitis,Medication,415,Transfer from Another Hospital,Government Insurance,145079.16,Paid,Discharged
HP102367,30-10-2024,04-11-2024,Aarav Patil,52,Male,A-,Emergency,Dr. Suresh Patil,Fever,Surgery,103,Direct Admission,Corporate Insurance,36973.48,Paid,Under Treatment
HP102368,25-09-2022,08-10-2022,Arjun Joshi,53,Other,B-,Oncology,Dr. Kiran Shetty,Fever,Routine Treatment,217,Day Care,Corporate Insurance,19989.26,Partial,Discharged
HP102369,12-03-2025,20-03-2025,Vivaan Nayak,54,Female,A-,Emergency,Dr. Neha Shah,Migraine,Emergency Care,405,Maternity / Obstetric,Self Pay,94768.89,Pending,Discharged
HP102370,26-02-2023,01-03-2023,Aisha Kulkarni,47,Female,B+,Pediatrics,Dr. Kiran Shetty,Stroke,Chemotherapy,319,Surgical Admission,Government Insurance,110497.41,Paid,Discharged
HP102371,02-02-2022,08-02-2022,Isha Joshi,3,Female,A-,Dermatology,Dr. Priya Desai,Stroke,IV Therapy,206,Observation,Corporate Insurance,49514.58,Partial,Discharged
HP102372,18-02-2024,22-02-2024,Diya Sharma,65,Male,O+,Dermatology,Dr. Manish Gupta,Chest Pain,Routine Treatment,415,ICU Admission,Private Insurance,82963.38,Paid,Referred
HP102373,23-07-2023,03-08-2023,Vikram Desai,15,Male,B+,Emergency,Dr. Sameer Khan,Fever,IV Therapy,217,Post-Operative Admission,Private Insurance,98940,Paid,Under Treatment
HP102374,31-12-2024,07-01-2025,Vikram Desai,84,Male,B-,Dermatology,Dr. Kavita Nair,Fracture,Emergency Care,406,Readmission,Government Insurance,72187.74,Paid,Discharged
HP102375,27-01-2026,06-02-2026,Pooja Nayak,34,Male,B+,ENT,Dr. Kavita Nair,Heart Disease,Routine Treatment,320,Trauma / Accident,Private Insurance,83494.5,Paid,Discharged
HP102376,13-10-2021,27-10-2021,Diya Nayak,50,Female,AB+,Dermatology,Dr. Manish Gupta,Diabetes,IV Therapy,406,Elective Admission,Corporate Insurance,15903.17,Paid,Discharged
HP102377,22-09-2021,05-10-2021,Ananya Patil,33,Male,AB-,General Medicine,Dr. Kavita Nair,Arthritis,Observation,413,Emergency,Private Insurance,149144.61,Paid,Discharged
HP102378,07-11-2026,10-11-2026,Aditya Sharma,73,Male,B-,Neurology,Dr. Sameer Khan,Skin Infection,IV Therapy,509,Scheduled / Planned,Government Insurance,59908,Paid,Discharged
HP102379,05-08-2025,11-08-2025,Neha Desai,3,Female,O+,Orthopedics,Dr. Priya Desai,Arthritis,IV Therapy,108,OPD,Self Pay,34758.71,Partial,Discharged
HP102380,11-05-2024,26-05-2024,Meera Nayak,2,Female,A-,Dermatology,Dr. Anil Rao,Stroke,IV Therapy,220,Referral,Self Pay,74602.21,Pending,Discharged
HP102381,01-04-2023,13-04-2023,Vivaan Sharma,4,Male,AB-,Emergency,Dr. Neha Shah,Sinusitis,Medication,403,Transfer from Another Hospital,Corporate Insurance,51032.17,Paid,Discharged
HP102382,29-10-2025,13-11-2025,Aisha Desai,16,Female,A+,Neurology,Dr. Meena Shah,Diabetes,IV Therapy,508,Direct Admission,Corporate Insurance,61770.96,Pending,Discharged
HP102383,10-02-2021,20-02-2021,Ananya Verma,54,Male,AB-,Dermatology,Dr. Meena Shah,Migraine,IV Therapy,114,Day Care,Corporate Insurance,86615.78,Paid,Discharged
HP102384,28-09-2025,07-10-2025,Vivaan Patil,33,Female,O-,General Medicine,Dr. Suresh Patil,Hypertension,Medication,114,Maternity / Obstetric,Corporate Insurance,45372.93,Paid,Discharged
HP102385,09-03-2021,20-03-2021,Aditya Sharma,9,Male,B-,Dermatology,Dr. Manish Gupta,Asthma,Observation,404,Surgical Admission,Government Insurance,101639.69,Pending,Referred
HP102386,15-09-2023,25-09-2023,Isha Reddy,57,Male,O+,Pediatrics,Dr. Manish Gupta,Infection,Radiation Therapy,504,Observation,Self Pay,67601.36,Partial,Discharged
HP102387,05-12-2025,06-12-2025,Aditya Sharma,40,Female,O+,Dermatology,Dr. Sameer Khan,Heart Disease,Observation,516,ICU Admission,Self Pay,17201.11,Partial,Discharged
HP102388,10-06-2025,13-06-2025,Pooja Joshi,52,Male,O-,Gynecology,Dr. Kavita Nair,Skin Infection,Chemotherapy,303,Post-Operative Admission,Government Insurance,133603.37,Paid,Discharged
HP102389,14-07-2025,16-07-2025,Aarav Sharma,82,Female,AB-,Neurology,Dr. Raj Malhotra,Skin Infection,Emergency Care,203,Readmission,Private Insurance,74221.04,Paid,Discharged
HP102390,02-07-2024,10-07-2024,Aisha Gupta,16,Female,AB-,Dermatology,Dr. Suresh Patil,Diabetes,IV Therapy,417,Trauma / Accident,Self Pay,138825.16,Paid,Discharged
HP102391,26-11-2022,03-12-2022,Vikram Patil,8,Male,AB+,Pediatrics,Dr. Sneha Rao,Diabetes,Routine Treatment,111,Elective Admission,Government Insurance,60193.12,Paid,Discharged
HP102392,22-12-2023,24-12-2023,Aisha Gupta,60,Female,B+,Emergency,Dr. Kiran Shetty,Skin Infection,Radiation Therapy,410,Emergency,Private Insurance,83683.58,Paid,Discharged
HP102393,21-08-2025,27-08-2025,Diya Nayak,36,Female,AB-,Cardiology,Dr. Meena Shah,Migraine,IV Therapy,406,Scheduled / Planned,Corporate Insurance,131666.46,Paid,Discharged
HP102394,25-11-2023,10-12-2023,Sneha Reddy,3,Male,A-,Cardiology,Dr. Priya Desai,Chest Pain,Chemotherapy,207,OPD,Self Pay,72021.27,Paid,Discharged
HP102395,18-02-2023,21-02-2023,Pooja Joshi,15,Female,O+,Neurology,Dr. Kavita Nair,Arthritis,Routine Treatment,108,Referral,Government Insurance,96803.64,Partial,Discharged
HP102396,09-05-2022,17-05-2022,Aarav Kulkarni,82,Female,O-,ENT,Dr. Meena Shah,Arthritis,Chemotherapy,504,Transfer from Another Hospital,Self Pay,40823.49,Paid,Discharged
HP102397,05-05-2025,15-05-2025,Sneha Verma,23,Female,A-,Emergency,Dr. Anil Rao,Pregnancy Care,Physiotherapy,302,Direct Admission,Self Pay,39528.01,Paid,Discharged
HP102398,01-02-2025,14-02-2025,Rohan Sharma,3,Female,AB+,Dermatology,Dr. Asha Nair,Cancer,IV Therapy,108,Day Care,Government Insurance,83684.04,Partial,Admitted
HP102399,26-11-2025,29-11-2025,Diya Sharma,30,Female,AB-,Cardiology,Dr. Suresh Patil,Cancer,Routine Treatment,208,Maternity / Obstetric,Corporate Insurance,93912.25,Pending,Referred
HP102400,23-10-2022,02-11-2022,Arjun Kulkarni,45,Other,AB-,Dermatology,Dr. Kiran Shetty,Sinusitis,Routine Treatment,305,Surgical Admission,Private Insurance,100087.57,Partial,Discharged
HP102401,10-09-2024,24-09-2024,Vikram Shetty,17,Female,AB+,ENT,Dr. Meena Shah,Infection,Radiation Therapy,410,Observation,Government Insurance,116452.67,Paid,Discharged
HP102402,20-08-2024,29-08-2024,Neha Shetty,58,Male,B-,Dermatology,Dr. Asha Nair,Diabetes,Emergency Care,516,ICU Admission,Private Insurance,138773.98,Paid,Discharged
HP102403,23-07-2024,24-07-2024,Neha Nayak,58,Male,A+,Pediatrics,Dr. Raj Malhotra,Infection,Chemotherapy,102,Post-Operative Admission,Government Insurance,39820.85,Pending,Discharged
HP102404,10-06-2026,15-06-2026,Diya Patil,57,Male,A+,Dermatology,Dr. Sneha Rao,Hypertension,Chemotherapy,215,Readmission,Government Insurance,94822.26,Paid,Discharged
HP102405,07-08-2026,10-08-2026,Arjun Reddy,7,Female,B+,Oncology,Dr. Meena Shah,Sinusitis,Medication,114,Trauma / Accident,Self Pay,69253.45,Paid,Discharged
HP102406,13-04-2026,19-04-2026,Aditya Kulkarni,39,Female,A-,Neurology,Dr. Sneha Rao,Sinusitis,Radiation Therapy,214,Elective Admission,Private Insurance,17938.07,Paid,Discharged
HP102407,09-09-2024,19-09-2024,Neha Reddy,78,Male,B-,Emergency,Dr. Kavita Nair,Stroke,Emergency Care,401,Emergency,Private Insurance,70765.96,Paid,Discharged
HP102408,25-11-2023,27-11-2023,Aarav Sharma,58,Male,A-,Neurology,Dr. Kiran Shetty,Diabetes,Chemotherapy,515,Scheduled / Planned,Private Insurance,119650.28,Paid,Discharged
HP102409,04-09-2023,13-09-2023,Meera Gupta,56,Male,B-,Neurology,Dr. Anil Rao,Pregnancy Care,Surgery,308,OPD,Self Pay,16472.6,Pending,Discharged
HP102410,27-04-2022,03-05-2022,Vikram Patil,15,Male,AB+,Pediatrics,Dr. Suresh Patil,Fever,Chemotherapy,506,Referral,Government Insurance,92901.63,Pending,Discharged
HP102411,29-12-2022,05-01-2023,Pooja Reddy,44,Female,B+,ENT,Dr. Manish Gupta,Migraine,Radiation Therapy,506,Transfer from Another Hospital,Self Pay,64460.36,Paid,Under Treatment
HP102412,29-10-2023,03-11-2023,Diya Gupta,12,Female,AB+,Gynecology,Dr. Manish Gupta,Skin Infection,IV Therapy,101,Direct Admission,Government Insurance,99839.54,Paid,Discharged
HP102413,09-12-2021,18-12-2021,Rohan Gupta,8,Female,A-,Emergency,Dr. Kavita Nair,Hypertension,Medication,319,Day Care,Government Insurance,124098.61,Pending,Discharged
HP102414,18-12-2024,19-12-2024,Sneha Joshi,80,Male,O+,Gynecology,Dr. Asha Nair,Pregnancy Care,Emergency Care,115,Maternity / Obstetric,Government Insurance,83538.63,Paid,Referred
HP102415,11-06-2022,16-06-2022,Meera Kulkarni,41,Female,B+,Pediatrics,Dr. Anil Rao,Skin Infection,Physiotherapy,306,Surgical Admission,Government Insurance,49073.37,Paid,Discharged
HP102416,12-03-2026,23-03-2026,Sneha Joshi,34,Female,AB-,Cardiology,Dr. Meena Shah,Stroke,IV Therapy,105,Observation,Corporate Insurance,18071.85,Paid,Referred
HP102417,21-10-2022,31-10-2022,Aisha Patil,46,Female,O-,ENT,Dr. Suresh Patil,Heart Disease,Routine Treatment,216,ICU Admission,Government Insurance,46861.62,Paid,Discharged
HP102418,05-09-2026,16-09-2026,Vivaan Sharma,29,Female,O+,Orthopedics,Dr. Kiran Shetty,Stroke,Chemotherapy,309,Post-Operative Admission,Self Pay,57874.6,Paid,Discharged
HP102419,31-03-2023,06-04-2023,Diya Patil,16,Male,O-,Neurology,Dr. Kiran Shetty,Stroke,Radiation Therapy,115,Readmission,Private Insurance,97984.73,Paid,Admitted
HP102420,10-02-2022,17-02-2022,Aarav Nayak,5,Male,B-,Dermatology,Dr. Manish Gupta,Migraine,Emergency Care,108,Trauma / Accident,Government Insurance,61311.03,Paid,Under Treatment
HP102421,23-04-2025,05-05-2025,Arjun Verma,5,Female,B-,Neurology,Dr. Meena Shah,Migraine,Routine Treatment,504,Elective Admission,Self Pay,63391.78,Partial,Discharged
HP102422,17-12-2025,21-12-2025,Arjun Patil,30,Female,B+,Cardiology,Dr. Sameer Khan,Fracture,Physiotherapy,216,Emergency,Self Pay,47121.26,Partial,Admitted
HP102423,20-05-2022,01-06-2022,Sneha Gupta,50,Female,AB+,Neurology,Dr. Anil Rao,Fever,Medication,309,Scheduled / Planned,Self Pay,57618.03,Partial,Discharged
HP102424,28-06-2021,11-07-2021,Kavya Reddy,5,Male,B+,Gynecology,Dr. Priya Desai,Chest Pain,Observation,204,OPD,Self Pay,43574.01,Paid,Under Treatment
HP102425,12-05-2021,13-05-2021,Neha Gupta,13,Female,AB+,Neurology,Dr. Manish Gupta,Sinusitis,Radiation Therapy,219,Referral,Self Pay,111448.7,Paid,Discharged
HP102426,21-01-2026,05-02-2026,Aditya Shetty,49,Male,B+,Cardiology,Dr. Manish Gupta,Chest Pain,Emergency Care,115,Emergency,Government Insurance,147529.42,Partial,Under Treatment
HP102427,18-01-2025,29-01-2025,Kavya Nayak,50,Other,AB+,Cardiology,Dr. Kiran Shetty,Hypertension,Chemotherapy,315,Scheduled / Planned,Private Insurance,111523.71,Paid,Discharged
HP102428,11-02-2023,19-02-2023,Kiran Nayak,14,Female,A+,General Medicine,Dr. Kavita Nair,Chest Pain,Routine Treatment,116,OPD,Government Insurance,15676.2,Pending,Under Treatment
HP102429,30-11-2024,10-12-2024,Vikram Patil,46,Female,B+,ENT,Dr. Suresh Patil,Fever,Surgery,403,Referral,Government Insurance,96742.74,Paid,Discharged
HP102430,25-10-2026,29-10-2026,Ananya Reddy,82,Female,O-,Gynecology,Dr. Raj Malhotra,Stroke,Chemotherapy,215,Transfer from Another Hospital,Private Insurance,106919.64,Paid,Discharged
HP102431,02-08-2022,05-08-2022,Arjun Desai,84,Male,O-,General Medicine,Dr. Kiran Shetty,Fever,Observation,414,Direct Admission,Corporate Insurance,117845.47,Paid,Referred
HP102432,24-02-2025,08-03-2025,Rohan Shetty,34,Male,AB+,Gynecology,Dr. Priya Desai,Cancer,Chemotherapy,109,Day Care,Government Insurance,115589.51,Paid,Discharged
HP102433,13-07-2021,20-07-2021,Ananya Shetty,71,Male,AB-,Gynecology,Dr. Kavita Nair,Infection,Radiation Therapy,502,Maternity / Obstetric,Private Insurance,78716.31,Partial,Discharged
HP102434,01-07-2026,13-07-2026,Ananya Joshi,47,Male,A-,Emergency,Dr. Priya Desai,Cancer,Surgery,111,Surgical Admission,Government Insurance,43051.28,Paid,Discharged
HP102435,31-03-2024,02-04-2024,Diya Gupta,60,Female,O+,General Medicine,Dr. Suresh Patil,Infection,Chemotherapy,512,Observation,Private Insurance,22485.74,Paid,Discharged
HP102436,16-10-2024,24-10-2024,Arjun Reddy,74,Male,O+,Gynecology,Dr. Sameer Khan,Sinusitis,Radiation Therapy,320,ICU Admission,Corporate Insurance,6214.03,Pending,Discharged
HP102437,28-11-2025,12-12-2025,Isha Verma,79,Female,O+,Oncology,Dr. Meena Shah,Stroke,Medication,515,Post-Operative Admission,Self Pay,5220.01,Paid,Discharged
HP102438,16-01-2024,22-01-2024,Aarav Sharma,81,Male,A-,Cardiology,Dr. Kavita Nair,Cancer,IV Therapy,316,Readmission,Private Insurance,140749.98,Paid,Under Treatment
HP102439,21-04-2026,28-04-2026,Kavya Nayak,11,Female,O-,Dermatology,Dr. Meena Shah,Fracture,Routine Treatment,119,Trauma / Accident,Government Insurance,93153.33,Pending,Discharged
HP102440,19-02-2023,05-03-2023,Kiran Verma,85,Female,B+,Dermatology,Dr. Suresh Patil,Migraine,Surgery,209,Elective Admission,Government Insurance,88258.44,Partial,Discharged
HP102441,19-09-2021,24-09-2021,Priya Kulkarni,50,Male,B+,Cardiology,Dr. Raj Malhotra,Fever,Emergency Care,203,Emergency,Corporate Insurance,59615.34,Paid,Discharged
HP102442,31-12-2022,09-01-2023,Sneha Desai,4,Male,B-,ENT,Dr. Priya Desai,Fever,Surgery,304,Scheduled / Planned,Corporate Insurance,120786.33,Paid,Discharged
HP102443,10-10-2021,15-10-2021,Aditya Desai,41,Male,AB+,Pediatrics,Dr. Sameer Khan,Arthritis,Physiotherapy,315,OPD,Private Insurance,36926.06,Paid,Discharged
HP102444,30-01-2025,10-02-2025,Diya Sharma,59,Female,B+,Emergency,Dr. Suresh Patil,Migraine,Emergency Care,108,Referral,Self Pay,112021.71,Partial,Admitted
HP102445,28-12-2021,02-01-2022,Isha Joshi,60,Female,A-,ENT,Dr. Meena Shah,Hypertension,IV Therapy,518,Transfer from Another Hospital,Government Insurance,57605.55,Paid,Discharged
HP102446,17-03-2022,20-03-2022,Rahul Patil,81,Male,A-,Orthopedics,Dr. Kiran Shetty,Arthritis,Observation,405,Direct Admission,Self Pay,107624.89,Pending,Discharged
HP102447,11-11-2026,22-11-2026,Vikram Sharma,62,Female,O+,Cardiology,Dr. Sameer Khan,Skin Infection,Chemotherapy,520,Day Care,Corporate Insurance,107427.33,Paid,Admitted
HP102448,03-07-2025,04-07-2025,Arjun Joshi,84,Male,A-,Orthopedics,Dr. Asha Nair,Infection,Physiotherapy,314,Maternity / Obstetric,Corporate Insurance,50719.33,Pending,Discharged
HP102449,17-05-2023,19-05-2023,Rohan Joshi,25,Female,O-,Neurology,Dr. Priya Desai,Arthritis,Chemotherapy,120,Surgical Admission,Private Insurance,140467.25,Paid,Referred
HP102450,18-12-2024,26-12-2024,Ananya Shetty,79,Male,AB+,Neurology,Dr. Neha Shah,Heart Disease,Routine Treatment,507,Observation,Corporate Insurance,78610.98,Paid,Discharged
HP102451,22-05-2021,06-06-2021,Kavya Patil,33,Female,A+,General Medicine,Dr. Raj Malhotra,Sinusitis,Surgery,416,ICU Admission,Private Insurance,42371.63,Paid,Discharged
HP102452,07-08-2024,08-08-2024,Meera Verma,19,Female,B+,Neurology,Dr. Sameer Khan,Chest Pain,IV Therapy,411,Post-Operative Admission,Private Insurance,102700.02,Pending,Discharged
HP102453,26-12-2024,02-01-2025,Aarav Reddy,57,Female,O+,ENT,Dr. Kavita Nair,Sinusitis,Medication,212,Readmission,Self Pay,113875.36,Paid,Discharged
HP102454,19-02-2026,05-03-2026,Neha Patil,15,Male,A+,Pediatrics,Dr. Sameer Khan,Skin Infection,Chemotherapy,205,Trauma / Accident,Self Pay,142849.23,Pending,Under Treatment
HP102455,22-01-2026,05-02-2026,Pooja Joshi,41,Male,AB+,Cardiology,Dr. Asha Nair,Skin Infection,Surgery,202,Elective Admission,Private Insurance,15624.7,Paid,Under Treatment
HP102456,09-09-2025,14-09-2025,Rohan Reddy,69,Female,O+,Gynecology,Dr. Sneha Rao,Chest Pain,IV Therapy,216,Emergency,Private Insurance,83291.67,Paid,Discharged
HP102457,02-12-2022,05-12-2022,Rohan Patil,80,Male,AB-,Dermatology,Dr. Asha Nair,Migraine,Medication,106,Scheduled / Planned,Private Insurance,76104.39,Pending,Discharged
HP102458,25-09-2023,07-10-2023,Kiran Kulkarni,60,Male,B+,Cardiology,Dr. Neha Shah,Chest Pain,Medication,412,OPD,Corporate Insurance,49985.82,Paid,Under Treatment
HP102459,28-09-2026,10-10-2026,Meera Nayak,22,Female,B-,Orthopedics,Dr. Asha Nair,Skin Infection,Observation,117,Referral,Self Pay,116332.88,Partial,Admitted
HP102460,18-08-2024,02-09-2024,Aditya Shetty,43,Male,B+,Emergency,Dr. Asha Nair,Fracture,Chemotherapy,208,Transfer from Another Hospital,Corporate Insurance,33168.68,Pending,Discharged
HP102461,31-05-2023,11-06-2023,Aditya Patil,32,Male,B+,Dermatology,Dr. Priya Desai,Sinusitis,Chemotherapy,107,Direct Admission,Self Pay,52524.82,Pending,Discharged
HP102462,28-04-2024,05-05-2024,Diya Shetty,13,Female,B+,General Medicine,Dr. Sameer Khan,Sinusitis,Radiation Therapy,110,Day Care,Corporate Insurance,116092.04,Pending,Under Treatment
HP102463,05-03-2024,14-03-2024,Kiran Verma,38,Male,O+,Gynecology,Dr. Meena Shah,Infection,Routine Treatment,101,Maternity / Obstetric,Self Pay,74204.14,Pending,Under Treatment
HP102464,09-07-2022,11-07-2022,Rohan Joshi,26,Male,O+,Gynecology,Dr. Manish Gupta,Diabetes,Observation,311,Surgical Admission,Private Insurance,24733.81,Paid,Discharged
HP102465,08-02-2022,16-02-2022,Vikram Joshi,81,Female,B+,Orthopedics,Dr. Sneha Rao,Heart Disease,Surgery,410,Observation,Self Pay,134668.26,Paid,Discharged
HP102466,11-06-2023,20-06-2023,Isha Patil,5,Female,AB-,Neurology,Dr. Kavita Nair,Skin Infection,Physiotherapy,214,ICU Admission,Corporate Insurance,110967.13,Paid,Discharged
HP102467,25-08-2022,05-09-2022,Kavya Sharma,49,Male,B+,Pediatrics,Dr. Raj Malhotra,Fever,Routine Treatment,404,Post-Operative Admission,Government Insurance,86597.61,Paid,Discharged
HP102468,05-01-2026,08-01-2026,Kiran Verma,5,Female,AB+,ENT,Dr. Kavita Nair,Diabetes,Radiation Therapy,520,Readmission,Self Pay,93352.21,Partial,Discharged
HP102469,07-12-2021,09-12-2021,Ananya Gupta,71,Female,B+,Orthopedics,Dr. Kavita Nair,Stroke,Emergency Care,410,Trauma / Accident,Corporate Insurance,95768.02,Paid,Under Treatment
HP102470,23-05-2026,30-05-2026,Meera Desai,48,Male,AB-,Pediatrics,Dr. Raj Malhotra,Skin Infection,Physiotherapy,217,Elective Admission,Self Pay,77397.66,Paid,Under Treatment
HP102471,05-12-2022,10-12-2022,Kavya Shetty,18,Male,O-,Orthopedics,Dr. Neha Shah,Diabetes,Radiation Therapy,216,Emergency,Corporate Insurance,112987.45,Paid,Discharged
HP102472,14-11-2021,19-11-2021,Diya Reddy,6,Male,AB+,Dermatology,Dr. Raj Malhotra,Chest Pain,Surgery,119,Scheduled / Planned,Government Insurance,108722.09,Partial,Admitted
HP102473,18-10-2024,28-10-2024,Pooja Gupta,66,Female,B+,Gynecology,Dr. Meena Shah,Migraine,Observation,306,OPD,Self Pay,5404.56,Paid,Discharged
HP102474,06-12-2025,11-12-2025,Aditya Verma,77,Female,B+,Gynecology,Dr. Anil Rao,Stroke,Observation,104,Referral,Private Insurance,21029.87,Partial,Under Treatment
HP102475,29-09-2024,03-10-2024,Neha Gupta,42,Male,AB+,Cardiology,Dr. Sameer Khan,Stroke,Routine Treatment,416,Transfer from Another Hospital,Corporate Insurance,8670.11,Pending,Discharged
HP102476,22-04-2025,05-05-2025,Kavya Sharma,52,Female,B+,Neurology,Dr. Anil Rao,Infection,Radiation Therapy,312,Direct Admission,Corporate Insurance,29491.26,Paid,Discharged
HP102477,28-03-2023,02-04-2023,Kiran Reddy,11,Female,AB-,Gynecology,Dr. Suresh Patil,Fever,Chemotherapy,412,Day Care,Government Insurance,15480.82,Paid,Discharged
HP102478,07-07-2022,20-07-2022,Kavya Sharma,26,Male,O+,ENT,Dr. Manish Gupta,Cancer,Observation,110,Maternity / Obstetric,Private Insurance,33099.98,Paid,Discharged
HP102479,06-05-2023,10-05-2023,Neha Joshi,21,Female,O-,Pediatrics,Dr. Manish Gupta,Skin Infection,Chemotherapy,308,Surgical Admission,Government Insurance,83084.23,Paid,Discharged
HP102480,18-12-2025,02-01-2026,Neha Desai,66,Male,A-,Neurology,Dr. Suresh Patil,Migraine,Medication,515,Observation,Self Pay,102106.04,Partial,Discharged
HP102481,02-07-2021,15-07-2021,Priya Nayak,40,Female,B+,Pediatrics,Dr. Manish Gupta,Migraine,Radiation Therapy,417,ICU Admission,Government Insurance,138194.65,Paid,Discharged
HP102482,24-04-2025,30-04-2025,Arjun Kulkarni,56,Female,B-,Emergency,Dr. Neha Shah,Sinusitis,Radiation Therapy,312,Post-Operative Admission,Corporate Insurance,112197.79,Paid,Discharged
HP102483,01-02-2022,05-02-2022,Vivaan Joshi,51,Female,AB+,Gynecology,Dr. Kavita Nair,Fracture,Routine Treatment,111,Readmission,Self Pay,9567.14,Paid,Discharged
HP102484,24-09-2025,26-09-2025,Diya Joshi,20,Female,AB-,Pediatrics,Dr. Suresh Patil,Skin Infection,Routine Treatment,313,Trauma / Accident,Self Pay,72962.88,Partial,Discharged
HP102485,26-02-2025,07-03-2025,Aisha Desai,81,Female,B+,Oncology,Dr. Priya Desai,Fracture,Medication,304,Elective Admission,Private Insurance,102967.3,Paid,Under Treatment
HP102486,26-06-2023,28-06-2023,Pooja Gupta,80,Female,B+,Gynecology,Dr. Kiran Shetty,Pregnancy Care,Chemotherapy,411,Emergency,Corporate Insurance,50693.68,Pending,Discharged
HP102487,18-09-2024,27-09-2024,Ananya Kulkarni,57,Female,AB+,Emergency,Dr. Sneha Rao,Stroke,Medication,413,Scheduled / Planned,Government Insurance,58489.93,Pending,Discharged
HP102488,15-12-2026,25-12-2026,Aarav Patil,5,Female,A+,Dermatology,Dr. Neha Shah,Asthma,Emergency Care,418,OPD,Government Insurance,121406.27,Paid,Under Treatment
HP102489,01-01-2021,07-01-2021,Isha Reddy,14,Female,AB-,Oncology,Dr. Priya Desai,Infection,IV Therapy,519,Referral,Self Pay,11820.06,Partial,Discharged
HP102490,19-01-2021,28-01-2021,Aarav Sharma,24,Male,AB-,Orthopedics,Dr. Anil Rao,Sinusitis,Surgery,412,Transfer from Another Hospital,Private Insurance,83251.61,Paid,Under Treatment
HP102491,07-08-2022,16-08-2022,Priya Joshi,68,Female,A-,Oncology,Dr. Asha Nair,Diabetes,Physiotherapy,316,Direct Admission,Private Insurance,121651.47,Paid,Discharged
HP102492,01-04-2022,04-04-2022,Neha Joshi,52,Female,O+,Oncology,Dr. Meena Shah,Diabetes,Radiation Therapy,104,Day Care,Corporate Insurance,120625,Partial,Under Treatment
HP102493,30-07-2026,31-07-2026,Neha Reddy,48,Female,O+,Pediatrics,Dr. Neha Shah,Diabetes,Surgery,113,Maternity / Obstetric,Corporate Insurance,22483.52,Paid,Discharged
HP102494,07-02-2024,08-02-2024,Isha Reddy,47,Other,A-,General Medicine,Dr. Sameer Khan,Infection,Observation,209,Surgical Admission,Corporate Insurance,127505.42,Paid,Discharged
HP102495,07-05-2026,10-05-2026,Aarav Gupta,60,Male,B+,Pediatrics,Dr. Sneha Rao,Pregnancy Care,Physiotherapy,406,Observation,Self Pay,16204.95,Paid,Discharged
HP102496,21-11-2026,26-11-2026,Ananya Shetty,73,Male,AB+,ENT,Dr. Sneha Rao,Hypertension,Chemotherapy,303,ICU Admission,Corporate Insurance,138989.4,Paid,Admitted
HP102497,15-09-2023,28-09-2023,Priya Shetty,3,Male,B-,Gynecology,Dr. Kiran Shetty,Fever,Radiation Therapy,210,Post-Operative Admission,Private Insurance,36363.36,Paid,Admitted
HP102498,04-06-2022,07-06-2022,Vivaan Patil,9,Female,B+,General Medicine,Dr. Kiran Shetty,Hypertension,Observation,502,Readmission,Corporate Insurance,21709.41,Paid,Discharged
HP102499,09-05-2023,21-05-2023,Rahul Shetty,82,Female,A-,Pediatrics,Dr. Manish Gupta,Fracture,Emergency Care,507,Trauma / Accident,Private Insurance,15723.42,Paid,Referred
HP102500,23-06-2021,02-07-2021,Isha Kulkarni,83,Female,B+,Dermatology,Dr. Suresh Patil,Stroke,Physiotherapy,513,Elective Admission,Corporate Insurance,54794.08,Paid,Under Treatment
HP102501,28-09-2024,07-10-2024,Kiran Shetty,24,Male,AB+,ENT,Dr. Asha Nair,Hypertension,Chemotherapy,418,Emergency,Corporate Insurance,55543.15,Paid,Discharged
HP102502,28-12-2022,31-12-2022,Arjun Shetty,4,Female,AB-,Pediatrics,Dr. Kiran Shetty,Arthritis,Radiation Therapy,313,Scheduled / Planned,Self Pay,81291.7,Pending,Discharged
HP102503,07-09-2025,10-09-2025,Rohan Sharma,9,Female,O-,Neurology,Dr. Anil Rao,Sinusitis,Chemotherapy,308,OPD,Private Insurance,111277.27,Paid,Discharged
HP102504,19-02-2026,03-03-2026,Arjun Shetty,1,Female,AB-,Gynecology,Dr. Raj Malhotra,Pregnancy Care,Observation,409,Referral,Self Pay,78913.98,Pending,Under Treatment
HP102505,09-08-2025,23-08-2025,Kavya Patil,35,Male,AB-,Emergency,Dr. Neha Shah,Sinusitis,Routine Treatment,420,Transfer from Another Hospital,Private Insurance,146947.34,Paid,Discharged
HP102506,09-09-2024,14-09-2024,Aisha Sharma,74,Female,AB-,Orthopedics,Dr. Anil Rao,Stroke,Radiation Therapy,204,Direct Admission,Corporate Insurance,35496.71,Paid,Under Treatment
HP102507,17-09-2023,19-09-2023,Aisha Gupta,12,Female,O+,Dermatology,Dr. Sameer Khan,Infection,Emergency Care,519,Day Care,Self Pay,35530.76,Paid,Discharged
HP102508,24-02-2022,02-03-2022,Vikram Nayak,18,Other,B-,ENT,Dr. Asha Nair,Heart Disease,Surgery,109,Maternity / Obstetric,Corporate Insurance,107215.67,Paid,Referred
HP102509,17-08-2022,24-08-2022,Neha Sharma,78,Female,A+,Gynecology,Dr. Priya Desai,Asthma,Chemotherapy,310,Surgical Admission,Corporate Insurance,50555.7,Paid,Discharged
HP102510,10-11-2025,23-11-2025,Meera Gupta,10,Female,O+,Orthopedics,Dr. Manish Gupta,Heart Disease,Routine Treatment,308,Observation,Government Insurance,29882.36,Paid,Discharged
HP102511,25-07-2023,03-08-2023,Rahul Nayak,74,Male,B-,Cardiology,Dr. Kiran Shetty,Diabetes,Routine Treatment,306,ICU Admission,Private Insurance,119904.62,Pending,Discharged
HP102512,13-01-2024,28-01-2024,Kavya Patil,18,Male,O-,Orthopedics,Dr. Suresh Patil,Heart Disease,Routine Treatment,208,Post-Operative Admission,Private Insurance,37802.03,Paid,Under Treatment
HP102513,11-02-2024,17-02-2024,Diya Joshi,24,Female,B+,Gynecology,Dr. Manish Gupta,Cancer,Routine Treatment,220,Readmission,Private Insurance,113592.92,Paid,Discharged
HP102514,28-11-2021,01-12-2021,Sneha Patil,1,Male,A-,General Medicine,Dr. Priya Desai,Infection,Emergency Care,510,Trauma / Accident,Private Insurance,34970.16,Paid,Discharged
HP102515,20-09-2026,02-10-2026,Kiran Joshi,79,Male,O-,Cardiology,Dr. Sameer Khan,Fracture,Medication,212,Elective Admission,Private Insurance,141215.3,Partial,Discharged
HP102516,29-11-2025,04-12-2025,Arjun Shetty,72,Male,AB+,Gynecology,Dr. Suresh Patil,Chest Pain,Emergency Care,402,Emergency,Self Pay,47789.68,Pending,Discharged
HP102517,17-08-2023,21-08-2023,Diya Gupta,82,Female,B+,Cardiology,Dr. Neha Shah,Asthma,IV Therapy,212,Scheduled / Planned,Private Insurance,113710.05,Paid,Discharged
HP102518,15-04-2021,30-04-2021,Neha Sharma,16,Female,O-,ENT,Dr. Meena Shah,Heart Disease,Chemotherapy,305,OPD,Self Pay,127008.71,Paid,Under Treatment
HP102519,21-07-2021,26-07-2021,Aisha Verma,85,Male,A+,Orthopedics,Dr. Kiran Shetty,Infection,Radiation Therapy,201,Referral,Government Insurance,22782.45,Paid,Referred
HP102520,17-01-2026,25-01-2026,Pooja Desai,15,Female,AB+,Orthopedics,Dr. Priya Desai,Stroke,Medication,117,Transfer from Another Hospital,Government Insurance,14864.61,Paid,Discharged
HP102521,10-02-2026,18-02-2026,Arjun Reddy,62,Female,AB+,Cardiology,Dr. Manish Gupta,Stroke,Observation,407,Direct Admission,Self Pay,91760.86,Pending,Admitted
HP102522,20-06-2026,26-06-2026,Meera Shetty,5,Male,AB+,Orthopedics,Dr. Kavita Nair,Hypertension,Observation,315,Day Care,Government Insurance,94913.71,Pending,Discharged
HP102523,13-07-2024,14-07-2024,Kiran Verma,45,Male,B+,Dermatology,Dr. Raj Malhotra,Cancer,Medication,417,Maternity / Obstetric,Self Pay,95299.47,Paid,Discharged
HP102524,29-06-2023,07-07-2023,Kavya Joshi,52,Female,A+,Oncology,Dr. Manish Gupta,Asthma,Observation,217,Surgical Admission,Private Insurance,71144.93,Paid,Under Treatment
HP102525,29-07-2021,06-08-2021,Isha Shetty,71,Female,B+,ENT,Dr. Suresh Patil,Sinusitis,Chemotherapy,104,Observation,Self Pay,140532.71,Paid,Discharged
HP102526,17-07-2022,19-07-2022,Ananya Desai,7,Male,AB+,ENT,Dr. Meena Shah,Hypertension,Emergency Care,516,ICU Admission,Government Insurance,105354.73,Paid,Discharged
HP102527,13-04-2025,17-04-2025,Aisha Desai,27,Male,AB+,Orthopedics,Dr. Raj Malhotra,Arthritis,Observation,106,Post-Operative Admission,Self Pay,15761.42,Pending,Discharged
HP102528,10-02-2023,22-02-2023,Vikram Desai,13,Male,O+,Pediatrics,Dr. Sneha Rao,Diabetes,Surgery,516,Readmission,Government Insurance,118826.12,Paid,Discharged
HP102529,21-09-2022,23-09-2022,Ananya Kulkarni,17,Male,A-,Cardiology,Dr. Manish Gupta,Sinusitis,Chemotherapy,115,Trauma / Accident,Corporate Insurance,44946.36,Partial,Discharged
HP102530,17-06-2025,21-06-2025,Rahul Joshi,44,Male,B-,Emergency,Dr. Anil Rao,Skin Infection,Radiation Therapy,405,Elective Admission,Self Pay,109839.82,Partial,Under Treatment
HP102531,29-08-2025,10-09-2025,Priya Gupta,13,Female,O-,ENT,Dr. Meena Shah,Infection,Routine Treatment,514,Emergency,Corporate Insurance,13585.4,Pending,Discharged
HP102532,22-01-2022,04-02-2022,Aditya Sharma,73,Female,B+,Oncology,Dr. Raj Malhotra,Asthma,Routine Treatment,102,Scheduled / Planned,Government Insurance,116170.35,Paid,Discharged
HP102533,20-04-2026,03-05-2026,Sneha Shetty,5,Female,A+,Neurology,Dr. Kiran Shetty,Migraine,Observation,219,OPD,Private Insurance,83701.12,Paid,Under Treatment
HP102534,10-01-2024,20-01-2024,Neha Desai,33,Male,O+,Oncology,Dr. Manish Gupta,Heart Disease,Physiotherapy,312,Referral,Self Pay,109508.97,Paid,Discharged
HP102535,25-09-2021,02-10-2021,Isha Gupta,4,Female,AB+,Cardiology,Dr. Sneha Rao,Diabetes,IV Therapy,102,Transfer from Another Hospital,Private Insurance,76666.88,Paid,Under Treatment
HP102536,31-01-2026,09-02-2026,Kiran Sharma,26,Male,B+,General Medicine,Dr. Kavita Nair,Migraine,Emergency Care,317,Direct Admission,Private Insurance,121161.55,Partial,Under Treatment
HP102537,22-06-2026,06-07-2026,Kiran Kulkarni,68,Male,B-,Emergency,Dr. Manish Gupta,Hypertension,Radiation Therapy,119,Day Care,Private Insurance,142318.87,Paid,Referred
HP102538,12-10-2024,26-10-2024,Aditya Gupta,16,Female,B+,ENT,Dr. Asha Nair,Asthma,Physiotherapy,419,Maternity / Obstetric,Government Insurance,112660.5,Paid,Discharged
HP102539,21-05-2024,29-05-2024,Aisha Joshi,22,Female,O-,Orthopedics,Dr. Asha Nair,Asthma,Emergency Care,105,Surgical Admission,Government Insurance,112904.22,Paid,Discharged
HP102540,28-07-2022,12-08-2022,Isha Kulkarni,36,Male,O-,Oncology,Dr. Anil Rao,Heart Disease,IV Therapy,302,Observation,Corporate Insurance,36421.13,Paid,Admitted
HP102541,18-02-2021,02-03-2021,Kiran Shetty,58,Female,B-,Gynecology,Dr. Suresh Patil,Diabetes,Chemotherapy,514,ICU Admission,Corporate Insurance,56397.83,Paid,Discharged
HP102542,25-02-2024,05-03-2024,Rohan Kulkarni,55,Female,B+,Emergency,Dr. Anil Rao,Infection,Routine Treatment,308,Post-Operative Admission,Corporate Insurance,23131.1,Paid,Discharged
HP102543,11-08-2021,19-08-2021,Aisha Joshi,35,Female,A-,Oncology,Dr. Sneha Rao,Sinusitis,Chemotherapy,102,Readmission,Private Insurance,82202.23,Pending,Discharged
HP102544,02-12-2024,04-12-2024,Isha Joshi,25,Female,B+,ENT,Dr. Kavita Nair,Asthma,Emergency Care,108,Trauma / Accident,Corporate Insurance,69750.9,Pending,Discharged
HP102545,09-03-2025,16-03-2025,Vikram Desai,72,Other,O+,Oncology,Dr. Manish Gupta,Skin Infection,Routine Treatment,106,Elective Admission,Self Pay,47731.61,Paid,Discharged
HP102546,25-12-2025,27-12-2025,Kavya Reddy,81,Female,AB-,Pediatrics,Dr. Asha Nair,Stroke,Observation,211,Emergency,Government Insurance,15032.57,Paid,Discharged
HP102547,01-01-2025,14-01-2025,Vikram Sharma,61,Female,A-,Emergency,Dr. Manish Gupta,Asthma,Medication,508,Scheduled / Planned,Corporate Insurance,140052.05,Paid,Discharged
HP102548,05-02-2024,17-02-2024,Rohan Joshi,18,Male,B-,Emergency,Dr. Asha Nair,Pregnancy Care,Radiation Therapy,203,OPD,Government Insurance,92784.7,Paid,Discharged
HP102549,09-08-2025,20-08-2025,Arjun Patil,58,Male,AB+,Orthopedics,Dr. Neha Shah,Heart Disease,Emergency Care,212,Referral,Private Insurance,52124.29,Paid,Discharged
HP102550,10-01-2022,12-01-2022,Diya Sharma,76,Female,AB+,ENT,Dr. Sameer Khan,Cancer,Emergency Care,405,Transfer from Another Hospital,Government Insurance,55419.66,Paid,Discharged
HP102551,22-10-2026,06-11-2026,Neha Reddy,57,Female,O-,General Medicine,Dr. Priya Desai,Heart Disease,IV Therapy,213,Direct Admission,Self Pay,62334.96,Paid,Discharged
HP102552,15-07-2026,19-07-2026,Pooja Nayak,63,Male,B+,Oncology,Dr. Sneha Rao,Chest Pain,Physiotherapy,404,Day Care,Government Insurance,122686.48,Partial,Discharged
HP102553,20-11-2023,21-11-2023,Ananya Patil,12,Female,A+,Dermatology,Dr. Sneha Rao,Fever,Emergency Care,405,Maternity / Obstetric,Government Insurance,35513.59,Paid,Discharged
HP102554,05-03-2026,20-03-2026,Kavya Joshi,11,Male,B+,Oncology,Dr. Suresh Patil,Stroke,Medication,312,Surgical Admission,Self Pay,129188.01,Partial,Discharged
HP102555,29-12-2025,03-01-2026,Ananya Desai,13,Female,A-,ENT,Dr. Sneha Rao,Heart Disease,Chemotherapy,505,Observation,Self Pay,50151.26,Partial,Discharged
HP102556,14-01-2025,20-01-2025,Aditya Desai,35,Male,A-,Dermatology,Dr. Neha Shah,Cancer,Emergency Care,109,ICU Admission,Corporate Insurance,131303.74,Paid,Discharged
HP102557,25-03-2024,03-04-2024,Aditya Reddy,27,Male,B-,Pediatrics,Dr. Manish Gupta,Pregnancy Care,IV Therapy,304,Post-Operative Admission,Government Insurance,134903.6,Paid,Discharged
HP102558,01-12-2023,11-12-2023,Diya Desai,67,Female,B+,Cardiology,Dr. Manish Gupta,Heart Disease,Physiotherapy,101,Readmission,Corporate Insurance,106016.41,Paid,Discharged
HP102559,02-09-2026,10-09-2026,Aditya Reddy,45,Male,B-,ENT,Dr. Sameer Khan,Sinusitis,Radiation Therapy,420,Trauma / Accident,Corporate Insurance,134735.82,Paid,Discharged
HP102560,26-12-2021,28-12-2021,Kiran Reddy,74,Male,A+,Pediatrics,Dr. Kavita Nair,Fracture,Observation,104,Elective Admission,Self Pay,113329.97,Partial,Admitted
HP102561,04-08-2026,05-08-2026,Aisha Shetty,81,Female,AB+,Orthopedics,Dr. Meena Shah,Hypertension,Routine Treatment,508,Emergency,Government Insurance,25958.27,Pending,Discharged
HP102562,16-02-2024,18-02-2024,Vikram Sharma,67,Female,AB+,Neurology,Dr. Asha Nair,Arthritis,Routine Treatment,213,Scheduled / Planned,Self Pay,143644.15,Paid,Discharged
HP102563,24-06-2025,01-07-2025,Arjun Nayak,22,Female,B+,Orthopedics,Dr. Sneha Rao,Heart Disease,IV Therapy,105,OPD,Private Insurance,32565.47,Pending,Referred
HP102564,04-11-2024,08-11-2024,Kiran Gupta,78,Female,B-,Emergency,Dr. Priya Desai,Skin Infection,Chemotherapy,314,Referral,Government Insurance,76721.15,Partial,Under Treatment
HP102565,28-04-2026,08-05-2026,Aisha Sharma,42,Male,B-,Neurology,Dr. Sneha Rao,Skin Infection,Emergency Care,218,Transfer from Another Hospital,Private Insurance,60603.24,Paid,Discharged
HP102566,10-11-2022,15-11-2022,Arjun Patil,20,Female,A+,Oncology,Dr. Manish Gupta,Diabetes,Emergency Care,416,Direct Admission,Government Insurance,55481.13,Paid,Admitted
HP102567,07-01-2021,19-01-2021,Vikram Gupta,48,Female,B-,Cardiology,Dr. Raj Malhotra,Skin Infection,Observation,419,Day Care,Corporate Insurance,118624.62,Paid,Discharged
HP102568,11-05-2025,18-05-2025,Pooja Shetty,18,Other,AB-,Neurology,Dr. Priya Desai,Chest Pain,Radiation Therapy,502,Maternity / Obstetric,Self Pay,47188.98,Pending,Discharged
HP102569,13-04-2023,16-04-2023,Priya Reddy,77,Female,AB-,Neurology,Dr. Kiran Shetty,Asthma,Physiotherapy,104,Surgical Admission,Private Insurance,82963.22,Partial,Discharged
HP102570,16-12-2025,26-12-2025,Aarav Verma,70,Female,A-,Pediatrics,Dr. Sneha Rao,Heart Disease,IV Therapy,206,Observation,Government Insurance,53809.28,Paid,Discharged
HP102571,03-07-2023,05-07-2023,Rahul Gupta,74,Female,AB-,Cardiology,Dr. Sneha Rao,Fracture,Medication,415,ICU Admission,Corporate Insurance,134554.01,Pending,Under Treatment
HP102572,05-07-2026,18-07-2026,Meera Sharma,6,Male,O-,Oncology,Dr. Suresh Patil,Sinusitis,Medication,117,Post-Operative Admission,Self Pay,27492.16,Pending,Admitted
HP102573,13-12-2024,20-12-2024,Vikram Reddy,39,Male,AB-,ENT,Dr. Raj Malhotra,Sinusitis,Routine Treatment,204,Readmission,Self Pay,30446.44,Pending,Discharged
HP102574,21-12-2024,26-12-2024,Vikram Nayak,11,Female,A-,Neurology,Dr. Meena Shah,Cancer,Observation,303,Trauma / Accident,Private Insurance,21127.59,Paid,Discharged
HP102575,11-02-2025,25-02-2025,Priya Nayak,25,Female,AB-,Gynecology,Dr. Sneha Rao,Skin Infection,Routine Treatment,408,Elective Admission,Corporate Insurance,114880.8,Paid,Discharged
HP102576,06-05-2021,21-05-2021,Diya Shetty,55,Female,AB-,Pediatrics,Dr. Kavita Nair,Hypertension,Chemotherapy,508,Emergency,Government Insurance,28416.42,Partial,Discharged
HP102577,28-03-2023,29-03-2023,Kiran Gupta,84,Female,A-,Neurology,Dr. Meena Shah,Migraine,Radiation Therapy,118,Scheduled / Planned,Private Insurance,82300.21,Paid,Discharged
HP102578,04-01-2026,05-01-2026,Arjun Verma,58,Male,B+,Oncology,Dr. Asha Nair,Skin Infection,Routine Treatment,307,OPD,Government Insurance,116183.19,Pending,Discharged
HP102579,30-07-2022,08-08-2022,Aisha Verma,37,Female,O+,Cardiology,Dr. Meena Shah,Skin Infection,Medication,201,Referral,Corporate Insurance,21750.83,Pending,Discharged
HP102580,16-11-2024,21-11-2024,Diya Kulkarni,16,Male,A-,Gynecology,Dr. Priya Desai,Infection,Chemotherapy,504,Transfer from Another Hospital,Self Pay,139918.52,Partial,Discharged
HP102581,19-07-2023,20-07-2023,Isha Patil,70,Male,A-,Gynecology,Dr. Kavita Nair,Chest Pain,Radiation Therapy,404,Direct Admission,Self Pay,46184.7,Paid,Under Treatment
HP102582,03-01-2025,10-01-2025,Arjun Desai,73,Male,O-,Orthopedics,Dr. Neha Shah,Hypertension,Surgery,514,Day Care,Self Pay,119884.31,Partial,Discharged
HP102583,13-04-2023,22-04-2023,Aisha Sharma,37,Female,AB-,ENT,Dr. Suresh Patil,Stroke,Routine Treatment,505,Maternity / Obstetric,Government Insurance,120066.23,Paid,Admitted
HP102584,21-11-2023,02-12-2023,Diya Desai,53,Male,AB+,Emergency,Dr. Kavita Nair,Fracture,Medication,305,Surgical Admission,Government Insurance,55509.87,Paid,Discharged
HP102585,07-07-2025,08-07-2025,Ananya Desai,16,Female,O+,Orthopedics,Dr. Asha Nair,Pregnancy Care,Physiotherapy,302,Observation,Self Pay,84834.16,Pending,Under Treatment
HP102586,16-03-2026,26-03-2026,Ananya Gupta,18,Male,AB-,Emergency,Dr. Raj Malhotra,Migraine,Routine Treatment,408,ICU Admission,Government Insurance,96471.41,Paid,Discharged
HP102587,28-12-2024,11-01-2025,Rahul Kulkarni,19,Male,B+,ENT,Dr. Neha Shah,Migraine,Medication,505,Post-Operative Admission,Government Insurance,65255.16,Paid,Discharged
HP102588,31-10-2024,13-11-2024,Arjun Joshi,44,Female,A-,Pediatrics,Dr. Asha Nair,Chest Pain,Observation,114,Readmission,Self Pay,56892.91,Pending,Discharged
HP102589,19-03-2022,23-03-2022,Meera Kulkarni,2,Female,A+,Gynecology,Dr. Manish Gupta,Fracture,Emergency Care,509,Trauma / Accident,Self Pay,128559.09,Partial,Discharged
HP102590,24-10-2026,07-11-2026,Aditya Sharma,58,Male,A-,Cardiology,Dr. Manish Gupta,Skin Infection,Emergency Care,311,Elective Admission,Government Insurance,34279.83,Pending,Discharged
HP102591,11-07-2022,14-07-2022,Kavya Verma,10,Male,O+,Pediatrics,Dr. Asha Nair,Chest Pain,Observation,112,Emergency,Government Insurance,120265.49,Partial,Discharged
HP102592,24-03-2024,29-03-2024,Aarav Verma,76,Female,B+,Oncology,Dr. Kiran Shetty,Asthma,Medication,416,Scheduled / Planned,Corporate Insurance,34540.18,Paid,Discharged
HP102593,31-07-2026,07-08-2026,Meera Patil,46,Male,O+,Oncology,Dr. Suresh Patil,Diabetes,IV Therapy,118,OPD,Private Insurance,106517.22,Paid,Under Treatment
HP102594,29-12-2021,06-01-2022,Vivaan Reddy,82,Female,B-,Dermatology,Dr. Anil Rao,Heart Disease,IV Therapy,518,Referral,Government Insurance,46706.67,Partial,Discharged
HP102595,11-06-2024,24-06-2024,Meera Kulkarni,19,Male,O+,Cardiology,Dr. Sameer Khan,Hypertension,Physiotherapy,506,Transfer from Another Hospital,Corporate Insurance,139469.78,Pending,Referred
HP102596,16-01-2026,18-01-2026,Vivaan Nayak,38,Male,AB-,Oncology,Dr. Kiran Shetty,Stroke,Physiotherapy,311,Direct Admission,Corporate Insurance,92780.05,Pending,Under Treatment
HP102597,25-01-2026,01-02-2026,Vivaan Patil,37,Male,AB+,Emergency,Dr. Neha Shah,Skin Infection,Observation,410,Day Care,Private Insurance,82360,Paid,Discharged
HP102598,13-12-2026,27-12-2026,Ananya Joshi,78,Female,AB+,Dermatology,Dr. Meena Shah,Skin Infection,Physiotherapy,113,Maternity / Obstetric,Corporate Insurance,47803.29,Partial,Discharged
HP102599,30-06-2023,14-07-2023,Rahul Gupta,45,Female,AB-,General Medicine,Dr. Anil Rao,Hypertension,Physiotherapy,315,Surgical Admission,Corporate Insurance,78756.37,Partial,Under Treatment
HP102600,02-09-2021,03-09-2021,Sneha Verma,34,Male,O-,General Medicine,Dr. Priya Desai,Stroke,Physiotherapy,513,Observation,Government Insurance,14550.66,Paid,Discharged
HP102601,26-06-2022,03-07-2022,Ananya Shetty,2,Female,AB-,Oncology,Dr. Anil Rao,Hypertension,Chemotherapy,409,ICU Admission,Private Insurance,25785.31,Paid,Discharged
HP102602,10-12-2026,18-12-2026,Sneha Gupta,44,Female,B+,Dermatology,Dr. Kiran Shetty,Arthritis,Routine Treatment,113,Post-Operative Admission,Private Insurance,47780.01,Pending,Discharged
HP102603,13-12-2026,15-12-2026,Rohan Desai,83,Female,O-,Gynecology,Dr. Kiran Shetty,Fracture,Medication,309,Readmission,Corporate Insurance,142642.62,Paid,Discharged
HP102604,22-04-2025,01-05-2025,Sneha Nayak,27,Male,A-,Orthopedics,Dr. Kiran Shetty,Arthritis,Radiation Therapy,506,Trauma / Accident,Corporate Insurance,72841.95,Pending,Discharged
HP102605,04-05-2021,05-05-2021,Ananya Shetty,48,Male,O-,Emergency,Dr. Sneha Rao,Chest Pain,Medication,310,Elective Admission,Self Pay,63060.93,Paid,Discharged
HP102606,28-09-2025,11-10-2025,Kiran Kulkarni,7,Female,A+,Gynecology,Dr. Sneha Rao,Cancer,Routine Treatment,406,Emergency,Government Insurance,117020.78,Paid,Under Treatment
HP102607,25-02-2023,03-03-2023,Priya Desai,27,Male,A-,Neurology,Dr. Anil Rao,Chest Pain,Radiation Therapy,103,Scheduled / Planned,Corporate Insurance,105585.04,Pending,Referred
HP102608,06-08-2026,07-08-2026,Sneha Kulkarni,85,Male,A-,Oncology,Dr. Kiran Shetty,Stroke,Emergency Care,416,OPD,Self Pay,101273.23,Paid,Referred
HP102609,08-03-2023,11-03-2023,Meera Shetty,71,Female,A+,Neurology,Dr. Suresh Patil,Diabetes,Emergency Care,506,Referral,Self Pay,92825.85,Paid,Under Treatment
HP102610,18-03-2021,29-03-2021,Diya Shetty,18,Male,O-,Cardiology,Dr. Raj Malhotra,Diabetes,Chemotherapy,505,Transfer from Another Hospital,Government Insurance,23844.99,Pending,Under Treatment
HP102611,28-02-2021,06-03-2021,Neha Patil,33,Male,AB+,Pediatrics,Dr. Sameer Khan,Pregnancy Care,Radiation Therapy,408,Direct Admission,Self Pay,61633.54,Partial,Discharged
HP102612,04-03-2025,07-03-2025,Kavya Joshi,33,Male,O-,Oncology,Dr. Manish Gupta,Migraine,Chemotherapy,302,Day Care,Corporate Insurance,135670.51,Paid,Discharged
HP102613,21-04-2026,29-04-2026,Aisha Nayak,25,Female,A-,Gynecology,Dr. Meena Shah,Cancer,Medication,419,Maternity / Obstetric,Self Pay,144152.14,Partial,Discharged
HP102614,27-11-2026,02-12-2026,Aarav Patil,14,Male,B-,Orthopedics,Dr. Sameer Khan,Skin Infection,Observation,404,Surgical Admission,Self Pay,67738.48,Paid,Discharged
HP102615,25-07-2024,27-07-2024,Vivaan Joshi,38,Female,B-,General Medicine,Dr. Suresh Patil,Hypertension,Observation,209,Observation,Corporate Insurance,5152.99,Partial,Discharged
HP102616,09-03-2021,13-03-2021,Aditya Sharma,38,Female,B+,Pediatrics,Dr. Suresh Patil,Chest Pain,Routine Treatment,512,ICU Admission,Self Pay,77402.05,Pending,Discharged
HP102617,17-04-2026,26-04-2026,Isha Patil,4,Female,B+,General Medicine,Dr. Meena Shah,Cancer,Routine Treatment,319,Post-Operative Admission,Private Insurance,37940.63,Partial,Admitted
HP102618,31-12-2021,04-01-2022,Pooja Verma,62,Male,O+,Emergency,Dr. Priya Desai,Sinusitis,Physiotherapy,206,Readmission,Government Insurance,32270.07,Pending,Discharged
HP102619,01-04-2023,11-04-2023,Kavya Sharma,82,Male,A+,Orthopedics,Dr. Sneha Rao,Chest Pain,Routine Treatment,107,Trauma / Accident,Corporate Insurance,46149.89,Partial,Under Treatment
HP102620,03-11-2024,13-11-2024,Vivaan Patil,10,Female,A+,Pediatrics,Dr. Anil Rao,Sinusitis,IV Therapy,412,Elective Admission,Government Insurance,22781.06,Paid,Under Treatment
HP102621,05-08-2023,13-08-2023,Rohan Joshi,35,Male,B+,Dermatology,Dr. Raj Malhotra,Asthma,Emergency Care,406,Emergency,Corporate Insurance,11650.22,Paid,Under Treatment
HP102622,27-04-2025,02-05-2025,Sneha Gupta,23,Female,AB-,Dermatology,Dr. Kavita Nair,Chest Pain,Chemotherapy,117,Scheduled / Planned,Self Pay,69481.61,Partial,Discharged
HP102623,09-10-2024,20-10-2024,Aditya Joshi,65,Female,A-,Gynecology,Dr. Meena Shah,Asthma,Physiotherapy,213,OPD,Government Insurance,43069.91,Paid,Discharged
HP102624,10-12-2024,21-12-2024,Diya Joshi,82,Female,AB-,Emergency,Dr. Kiran Shetty,Cancer,Observation,511,Referral,Corporate Insurance,42148.15,Paid,Under Treatment
HP102625,01-02-2023,11-02-2023,Aisha Desai,79,Male,AB+,Dermatology,Dr. Sameer Khan,Cancer,IV Therapy,317,Transfer from Another Hospital,Private Insurance,37125.56,Partial,Discharged
HP102626,07-12-2021,20-12-2021,Diya Sharma,25,Female,B-,General Medicine,Dr. Suresh Patil,Fever,Medication,202,Direct Admission,Corporate Insurance,77012.98,Paid,Discharged
HP102627,18-01-2022,31-01-2022,Rahul Patil,53,Male,A+,Oncology,Dr. Kavita Nair,Fever,Radiation Therapy,402,Day Care,Self Pay,111317.81,Partial,Referred
HP102628,01-10-2023,15-10-2023,Kiran Joshi,84,Male,B+,Emergency,Dr. Sameer Khan,Asthma,Chemotherapy,310,Maternity / Obstetric,Self Pay,100251.48,Pending,Discharged
HP102629,06-04-2025,21-04-2025,Aisha Desai,17,Female,B-,Gynecology,Dr. Meena Shah,Arthritis,Surgery,519,Surgical Admission,Self Pay,146510.73,Pending,Discharged
HP102630,27-10-2021,28-10-2021,Arjun Patil,57,Female,AB-,Cardiology,Dr. Sameer Khan,Skin Infection,Chemotherapy,116,Observation,Private Insurance,137530.32,Pending,Discharged
HP102631,19-05-2021,26-05-2021,Kavya Kulkarni,75,Female,A+,Emergency,Dr. Anil Rao,Fracture,Routine Treatment,118,ICU Admission,Government Insurance,65514.15,Paid,Discharged
HP102632,25-12-2021,28-12-2021,Meera Sharma,77,Female,A+,Dermatology,Dr. Asha Nair,Asthma,IV Therapy,511,Post-Operative Admission,Private Insurance,122882.1,Paid,Discharged
HP102633,16-04-2023,26-04-2023,Rahul Kulkarni,20,Female,O+,Gynecology,Dr. Meena Shah,Hypertension,Emergency Care,311,Readmission,Government Insurance,31748.33,Pending,Discharged
HP102634,03-03-2025,11-03-2025,Aarav Nayak,25,Male,A-,Gynecology,Dr. Kavita Nair,Diabetes,IV Therapy,214,Trauma / Accident,Corporate Insurance,35784.7,Paid,Discharged
HP102635,16-06-2025,30-06-2025,Meera Desai,42,Male,A+,General Medicine,Dr. Manish Gupta,Stroke,Medication,204,Elective Admission,Private Insurance,106633.9,Paid,Referred
HP102636,06-06-2026,18-06-2026,Neha Patil,45,Female,AB+,General Medicine,Dr. Kiran Shetty,Skin Infection,Emergency Care,206,Emergency,Private Insurance,36422.75,Paid,Discharged
HP102637,27-07-2024,30-07-2024,Kiran Shetty,31,Male,O-,Orthopedics,Dr. Suresh Patil,Skin Infection,Chemotherapy,511,Scheduled / Planned,Corporate Insurance,70422.73,Partial,Discharged
HP102638,28-06-2023,29-06-2023,Meera Joshi,65,Female,A+,ENT,Dr. Meena Shah,Skin Infection,IV Therapy,206,OPD,Self Pay,51696.62,Paid,Discharged
HP102639,09-02-2024,14-02-2024,Sneha Joshi,52,Male,O-,ENT,Dr. Kiran Shetty,Arthritis,Physiotherapy,515,Referral,Self Pay,38732.54,Paid,Under Treatment
HP102640,27-12-2026,29-12-2026,Aarav Sharma,80,Male,AB+,Neurology,Dr. Neha Shah,Diabetes,Emergency Care,306,Transfer from Another Hospital,Corporate Insurance,27395.16,Partial,Discharged
HP102641,23-09-2023,04-10-2023,Kiran Verma,21,Male,AB-,Pediatrics,Dr. Meena Shah,Cancer,Chemotherapy,401,Direct Admission,Self Pay,93718.12,Paid,Discharged
HP102642,22-11-2026,26-11-2026,Aarav Patil,30,Female,O+,Emergency,Dr. Priya Desai,Diabetes,Routine Treatment,114,Day Care,Corporate Insurance,13147.4,Paid,Discharged
HP102643,22-05-2024,23-05-2024,Neha Reddy,3,Female,A-,Emergency,Dr. Sneha Rao,Asthma,Chemotherapy,301,Maternity / Obstetric,Private Insurance,106870.08,Paid,Discharged
HP102644,20-11-2025,29-11-2025,Vivaan Verma,70,Male,O+,Dermatology,Dr. Priya Desai,Migraine,Physiotherapy,414,Surgical Admission,Private Insurance,134735.52,Paid,Discharged
HP102645,14-06-2021,20-06-2021,Arjun Shetty,43,Male,AB+,General Medicine,Dr. Sameer Khan,Migraine,Medication,411,Observation,Government Insurance,54803.41,Partial,Admitted
HP102646,26-09-2023,04-10-2023,Priya Kulkarni,29,Female,AB-,General Medicine,Dr. Sameer Khan,Sinusitis,Chemotherapy,409,ICU Admission,Private Insurance,64916.66,Pending,Discharged
HP102647,31-07-2024,11-08-2024,Vikram Shetty,3,Male,B-,Oncology,Dr. Manish Gupta,Infection,Radiation Therapy,315,Post-Operative Admission,Government Insurance,90634.49,Paid,Discharged
HP102648,19-10-2022,23-10-2022,Pooja Kulkarni,58,Female,O+,Dermatology,Dr. Kavita Nair,Asthma,Medication,112,Readmission,Self Pay,101604.66,Paid,Discharged
HP102649,25-03-2026,03-04-2026,Meera Patil,33,Female,O+,Orthopedics,Dr. Anil Rao,Asthma,IV Therapy,413,Trauma / Accident,Corporate Insurance,83997.51,Paid,Under Treatment
HP102650,09-08-2026,11-08-2026,Neha Sharma,75,Female,A+,Orthopedics,Dr. Meena Shah,Arthritis,Radiation Therapy,214,Elective Admission,Self Pay,105100.66,Pending,Discharged
HP102651,13-10-2026,22-10-2026,Priya Desai,45,Female,O+,Pediatrics,Dr. Manish Gupta,Skin Infection,Chemotherapy,211,Emergency,Corporate Insurance,122241.07,Pending,Discharged
HP102652,15-02-2024,27-02-2024,Pooja Gupta,69,Male,B+,Gynecology,Dr. Kiran Shetty,Sinusitis,Surgery,102,Scheduled / Planned,Corporate Insurance,148556.51,Paid,Discharged
HP102653,05-03-2026,10-03-2026,Isha Patil,32,Female,B+,ENT,Dr. Manish Gupta,Fever,Observation,302,OPD,Private Insurance,61947.18,Partial,Discharged
HP102654,24-09-2021,07-10-2021,Pooja Kulkarni,82,Female,AB+,Cardiology,Dr. Kiran Shetty,Arthritis,Emergency Care,108,Referral,Government Insurance,89778.76,Partial,Discharged
HP102655,20-01-2026,26-01-2026,Vikram Gupta,84,Female,A-,Dermatology,Dr. Manish Gupta,Heart Disease,Chemotherapy,511,Transfer from Another Hospital,Government Insurance,59547.05,Paid,Under Treatment
HP102656,05-09-2025,08-09-2025,Rohan Joshi,52,Male,AB+,ENT,Dr. Priya Desai,Sinusitis,Chemotherapy,120,Direct Admission,Self Pay,39499.67,Paid,Under Treatment
HP102657,19-02-2025,23-02-2025,Pooja Desai,64,Female,O-,Pediatrics,Dr. Asha Nair,Fever,Physiotherapy,120,Day Care,Private Insurance,149648.93,Pending,Discharged
HP102658,21-04-2022,27-04-2022,Sneha Shetty,40,Female,O+,Oncology,Dr. Raj Malhotra,Hypertension,Radiation Therapy,516,Maternity / Obstetric,Government Insurance,7013.07,Paid,Referred
HP102659,04-09-2023,11-09-2023,Kavya Verma,13,Female,O+,Neurology,Dr. Sneha Rao,Pregnancy Care,Chemotherapy,510,Surgical Admission,Government Insurance,14381.38,Paid,Discharged
HP102660,22-04-2024,23-04-2024,Meera Joshi,80,Male,AB-,General Medicine,Dr. Neha Shah,Sinusitis,Observation,119,Observation,Government Insurance,89541.37,Partial,Discharged
HP102661,10-11-2023,17-11-2023,Sneha Verma,74,Male,O+,Gynecology,Dr. Kavita Nair,Migraine,Observation,503,ICU Admission,Self Pay,107927.64,Partial,Discharged
HP102662,15-05-2026,16-05-2026,Rohan Nayak,29,Female,AB-,Emergency,Dr. Sameer Khan,Chest Pain,Observation,120,Post-Operative Admission,Private Insurance,110681.31,Partial,Discharged
HP102663,12-07-2022,17-07-2022,Sneha Sharma,63,Female,O+,Neurology,Dr. Sneha Rao,Fever,IV Therapy,411,Readmission,Government Insurance,106980.42,Paid,Discharged
HP102664,15-10-2023,21-10-2023,Pooja Verma,84,Male,O+,General Medicine,Dr. Sneha Rao,Arthritis,Surgery,412,Trauma / Accident,Private Insurance,119347.08,Pending,Discharged
HP102665,25-05-2025,07-06-2025,Kavya Sharma,26,Female,AB+,Oncology,Dr. Manish Gupta,Hypertension,Routine Treatment,408,Elective Admission,Government Insurance,112975.07,Paid,Discharged
HP102666,02-06-2023,04-06-2023,Meera Joshi,59,Male,AB+,Pediatrics,Dr. Kiran Shetty,Infection,Emergency Care,213,Emergency,Self Pay,84166.68,Partial,Discharged
HP102667,28-10-2022,12-11-2022,Isha Kulkarni,49,Male,B-,ENT,Dr. Neha Shah,Cancer,Radiation Therapy,120,Scheduled / Planned,Private Insurance,73166.5,Paid,Discharged
HP102668,07-11-2025,22-11-2025,Kiran Kulkarni,53,Male,AB-,ENT,Dr. Raj Malhotra,Pregnancy Care,Medication,312,OPD,Government Insurance,109439.36,Paid,Under Treatment
HP102669,14-05-2023,27-05-2023,Aarav Gupta,31,Male,B-,Neurology,Dr. Sameer Khan,Pregnancy Care,Emergency Care,108,Referral,Self Pay,111187.68,Paid,Discharged
HP102670,05-08-2022,15-08-2022,Vivaan Gupta,12,Male,AB+,Gynecology,Dr. Anil Rao,Infection,Emergency Care,105,Transfer from Another Hospital,Self Pay,53219.74,Paid,Discharged
HP102671,26-11-2022,05-12-2022,Arjun Sharma,58,Male,A-,Gynecology,Dr. Asha Nair,Heart Disease,Radiation Therapy,510,Direct Admission,Self Pay,5428.46,Partial,Discharged
HP102672,05-06-2024,19-06-2024,Meera Nayak,36,Male,A+,Pediatrics,Dr. Kavita Nair,Stroke,Medication,514,Day Care,Government Insurance,50574.63,Paid,Under Treatment
HP102673,30-05-2025,09-06-2025,Isha Nayak,10,Female,AB-,ENT,Dr. Meena Shah,Asthma,IV Therapy,207,Maternity / Obstetric,Self Pay,82537.04,Paid,Discharged
HP102674,24-05-2024,30-05-2024,Arjun Reddy,6,Female,B+,Oncology,Dr. Suresh Patil,Cancer,Physiotherapy,506,Surgical Admission,Corporate Insurance,81285.98,Paid,Discharged
HP102675,03-02-2022,10-02-2022,Arjun Kulkarni,7,Female,B-,Neurology,Dr. Kavita Nair,Stroke,Emergency Care,409,Observation,Self Pay,60080.66,Pending,Under Treatment
HP102676,01-05-2026,15-05-2026,Rahul Shetty,31,Male,O-,Neurology,Dr. Anil Rao,Fever,Routine Treatment,509,ICU Admission,Corporate Insurance,140188.2,Paid,Discharged
HP102677,16-12-2022,31-12-2022,Kiran Joshi,72,Male,AB-,Dermatology,Dr. Manish Gupta,Pregnancy Care,Physiotherapy,108,Post-Operative Admission,Self Pay,74071.43,Paid,Referred
HP102678,05-12-2022,15-12-2022,Vikram Shetty,3,Female,O-,Emergency,Dr. Sneha Rao,Migraine,Routine Treatment,501,Readmission,Self Pay,25162.19,Paid,Discharged
HP102679,11-09-2025,26-09-2025,Vivaan Nayak,47,Female,A+,Orthopedics,Dr. Kavita Nair,Sinusitis,Routine Treatment,215,Trauma / Accident,Self Pay,33065.55,Paid,Discharged
HP102680,27-05-2026,04-06-2026,Pooja Joshi,85,Male,B-,Dermatology,Dr. Asha Nair,Skin Infection,Medication,316,Elective Admission,Government Insurance,18714.87,Partial,Discharged
HP102681,23-03-2021,03-04-2021,Pooja Joshi,1,Male,AB-,Orthopedics,Dr. Neha Shah,Sinusitis,Surgery,213,Emergency,Private Insurance,43900.46,Paid,Discharged
HP102682,27-08-2022,11-09-2022,Rahul Joshi,45,Female,B-,Gynecology,Dr. Asha Nair,Cancer,Observation,214,Scheduled / Planned,Government Insurance,49185.36,Paid,Discharged
HP102683,25-05-2026,07-06-2026,Pooja Shetty,54,Female,B-,Orthopedics,Dr. Anil Rao,Migraine,Chemotherapy,315,OPD,Government Insurance,53453.7,Paid,Under Treatment
HP102684,07-09-2025,17-09-2025,Kavya Desai,50,Male,AB+,Cardiology,Dr. Asha Nair,Asthma,Surgery,217,Referral,Government Insurance,126245.23,Paid,Discharged
HP102685,09-08-2026,10-08-2026,Neha Gupta,79,Female,O+,Gynecology,Dr. Suresh Patil,Chest Pain,Chemotherapy,517,Transfer from Another Hospital,Private Insurance,115994.42,Paid,Discharged
HP102686,22-06-2023,06-07-2023,Vikram Shetty,7,Female,AB+,Orthopedics,Dr. Anil Rao,Fever,IV Therapy,120,Direct Admission,Private Insurance,76936.03,Pending,Under Treatment
HP102687,31-12-2021,08-01-2022,Isha Shetty,63,Female,B-,Cardiology,Dr. Neha Shah,Cancer,Chemotherapy,309,Day Care,Self Pay,69430.49,Paid,Discharged
HP102688,12-06-2021,16-06-2021,Kiran Shetty,15,Male,B-,Pediatrics,Dr. Neha Shah,Chest Pain,Routine Treatment,105,Maternity / Obstetric,Private Insurance,59824.06,Paid,Discharged
HP102689,07-02-2026,17-02-2026,Aisha Gupta,67,Other,O+,ENT,Dr. Sneha Rao,Skin Infection,Routine Treatment,501,Surgical Admission,Government Insurance,6966.89,Paid,Discharged
HP102690,26-04-2021,04-05-2021,Aisha Gupta,30,Male,B+,ENT,Dr. Sneha Rao,Asthma,Physiotherapy,106,Observation,Corporate Insurance,138360.41,Paid,Under Treatment
HP102691,31-05-2023,13-06-2023,Kiran Gupta,78,Female,A+,ENT,Dr. Sameer Khan,Migraine,Physiotherapy,119,ICU Admission,Self Pay,47266.69,Pending,Discharged
HP102692,20-04-2023,05-05-2023,Kiran Shetty,68,Female,O+,Orthopedics,Dr. Anil Rao,Sinusitis,Chemotherapy,405,Post-Operative Admission,Corporate Insurance,127075.08,Paid,Admitted
HP102693,08-09-2024,14-09-2024,Rohan Sharma,36,Male,A+,ENT,Dr. Neha Shah,Migraine,IV Therapy,517,Readmission,Corporate Insurance,112420.97,Partial,Discharged
HP102694,03-11-2023,14-11-2023,Isha Patil,67,Female,A-,General Medicine,Dr. Anil Rao,Heart Disease,IV Therapy,412,Trauma / Accident,Corporate Insurance,21589.53,Pending,Discharged
HP102695,01-08-2023,10-08-2023,Kavya Verma,5,Male,O-,ENT,Dr. Manish Gupta,Heart Disease,IV Therapy,513,Elective Admission,Private Insurance,50418.54,Paid,Discharged
HP102696,21-09-2025,02-10-2025,Vikram Nayak,25,Male,O+,Orthopedics,Dr. Sneha Rao,Sinusitis,Routine Treatment,503,Emergency,Government Insurance,75274.8,Paid,Under Treatment
HP102697,12-02-2024,16-02-2024,Diya Sharma,11,Male,A-,Orthopedics,Dr. Neha Shah,Hypertension,Observation,111,Scheduled / Planned,Self Pay,43013.22,Paid,Discharged
HP102698,22-01-2021,24-01-2021,Rahul Verma,72,Female,A-,Cardiology,Dr. Neha Shah,Stroke,Emergency Care,520,OPD,Self Pay,63305.92,Pending,Discharged
HP102699,16-10-2025,30-10-2025,Pooja Nayak,66,Male,AB+,ENT,Dr. Suresh Patil,Asthma,Emergency Care,114,Referral,Self Pay,45952.33,Paid,Discharged
HP102700,14-11-2022,16-11-2022,Neha Kulkarni,28,Female,AB+,ENT,Dr. Manish Gupta,Stroke,Chemotherapy,513,Transfer from Another Hospital,Corporate Insurance,97179.27,Pending,Discharged
HP102701,08-01-2026,13-01-2026,Rahul Verma,60,Male,B+,Emergency,Dr. Priya Desai,Infection,Surgery,508,Direct Admission,Government Insurance,57295.82,Paid,Admitted
HP102702,06-05-2021,16-05-2021,Vikram Gupta,10,Male,AB+,Gynecology,Dr. Meena Shah,Infection,Emergency Care,501,Day Care,Self Pay,55213.03,Paid,Under Treatment
HP102703,04-10-2021,13-10-2021,Neha Patil,50,Male,A-,Neurology,Dr. Meena Shah,Cancer,Routine Treatment,320,Maternity / Obstetric,Government Insurance,44377.94,Paid,Discharged
HP102704,23-06-2026,05-07-2026,Kavya Nayak,39,Female,AB-,Cardiology,Dr. Kiran Shetty,Migraine,Physiotherapy,504,Surgical Admission,Private Insurance,121221.23,Paid,Discharged
HP102705,12-05-2024,15-05-2024,Vikram Reddy,37,Male,B-,ENT,Dr. Neha Shah,Migraine,Surgery,112,Observation,Self Pay,98660.5,Paid,Discharged
HP102706,27-11-2022,05-12-2022,Aarav Verma,63,Male,A-,Oncology,Dr. Anil Rao,Heart Disease,Radiation Therapy,110,ICU Admission,Private Insurance,109539.9,Partial,Discharged
HP102707,02-08-2024,06-08-2024,Vivaan Sharma,61,Male,B+,General Medicine,Dr. Kiran Shetty,Fever,Medication,318,Post-Operative Admission,Self Pay,62110.57,Partial,Discharged
HP102708,26-02-2021,04-03-2021,Arjun Nayak,85,Male,B-,Dermatology,Dr. Manish Gupta,Pregnancy Care,Radiation Therapy,107,Readmission,Corporate Insurance,126723.58,Paid,Referred
HP102709,19-01-2021,29-01-2021,Vivaan Desai,38,Female,AB+,Oncology,Dr. Manish Gupta,Cancer,IV Therapy,208,Trauma / Accident,Self Pay,65374.3,Partial,Discharged
HP102710,23-04-2021,29-04-2021,Pooja Kulkarni,33,Female,B-,General Medicine,Dr. Suresh Patil,Fever,Routine Treatment,201,Elective Admission,Self Pay,30592.09,Pending,Discharged
HP102711,26-06-2022,29-06-2022,Meera Desai,75,Male,AB-,Cardiology,Dr. Sneha Rao,Diabetes,Routine Treatment,306,Emergency,Government Insurance,79046.1,Partial,Admitted
HP102712,02-08-2022,16-08-2022,Vikram Verma,45,Male,B+,ENT,Dr. Manish Gupta,Arthritis,Observation,319,Scheduled / Planned,Corporate Insurance,69511.86,Paid,Discharged
HP102713,25-12-2023,30-12-2023,Sneha Sharma,44,Female,AB+,Oncology,Dr. Kiran Shetty,Asthma,Medication,110,OPD,Corporate Insurance,18302.26,Paid,Under Treatment
HP102714,25-01-2021,06-02-2021,Aarav Sharma,1,Male,A+,Emergency,Dr. Priya Desai,Sinusitis,IV Therapy,218,Referral,Private Insurance,101087.62,Paid,Under Treatment
HP102715,22-04-2025,25-04-2025,Vivaan Sharma,53,Female,A-,Oncology,Dr. Priya Desai,Fever,Chemotherapy,203,Transfer from Another Hospital,Self Pay,122739.39,Pending,Under Treatment
HP102716,11-08-2026,22-08-2026,Ananya Joshi,47,Male,O+,Emergency,Dr. Priya Desai,Migraine,Routine Treatment,410,Direct Admission,Self Pay,56642.97,Pending,Discharged
HP102717,22-04-2025,07-05-2025,Kavya Joshi,33,Male,AB-,Emergency,Dr. Asha Nair,Cancer,Routine Treatment,416,Day Care,Government Insurance,115085.93,Paid,Discharged
HP102718,21-05-2021,01-06-2021,Kiran Verma,67,Female,AB-,General Medicine,Dr. Sneha Rao,Skin Infection,Routine Treatment,109,Maternity / Obstetric,Self Pay,89948.61,Paid,Discharged
HP102719,03-11-2025,18-11-2025,Aarav Sharma,15,Female,O+,Emergency,Dr. Suresh Patil,Cancer,Emergency Care,213,Surgical Admission,Government Insurance,44584.79,Paid,Discharged
HP102720,10-10-2022,11-10-2022,Arjun Sharma,14,Male,A-,General Medicine,Dr. Kiran Shetty,Migraine,Surgery,314,Observation,Corporate Insurance,54876.64,Partial,Referred
HP102721,20-07-2021,27-07-2021,Diya Patil,23,Male,B+,Neurology,Dr. Meena Shah,Asthma,IV Therapy,211,ICU Admission,Self Pay,142188.18,Paid,Discharged
HP102722,14-09-2021,18-09-2021,Neha Kulkarni,54,Male,B+,Oncology,Dr. Kiran Shetty,Infection,Physiotherapy,208,Post-Operative Admission,Private Insurance,36289.51,Partial,Discharged
HP102723,01-07-2022,15-07-2022,Ananya Sharma,8,Female,AB-,Orthopedics,Dr. Priya Desai,Chest Pain,Emergency Care,315,Readmission,Government Insurance,27028.24,Paid,Discharged
HP102724,13-03-2023,20-03-2023,Kavya Kulkarni,54,Female,A-,Neurology,Dr. Kiran Shetty,Migraine,IV Therapy,508,Trauma / Accident,Corporate Insurance,15972.34,Paid,Discharged
HP102725,31-07-2023,03-08-2023,Arjun Joshi,36,Male,B-,Cardiology,Dr. Suresh Patil,Pregnancy Care,Medication,516,Elective Admission,Government Insurance,131959.94,Pending,Discharged
HP102726,18-02-2022,02-03-2022,Priya Shetty,84,Male,A+,Gynecology,Dr. Kavita Nair,Hypertension,Surgery,102,Emergency,Self Pay,102457.5,Paid,Under Treatment
HP102727,08-07-2026,23-07-2026,Priya Nayak,52,Male,A+,General Medicine,Dr. Kiran Shetty,Asthma,IV Therapy,514,Scheduled / Planned,Corporate Insurance,21916.44,Pending,Under Treatment
HP102728,13-10-2024,28-10-2024,Priya Gupta,6,Male,B+,Dermatology,Dr. Sameer Khan,Fracture,Emergency Care,216,OPD,Corporate Insurance,116020.24,Partial,Discharged
HP102729,04-01-2024,15-01-2024,Rohan Gupta,28,Male,O-,Dermatology,Dr. Suresh Patil,Migraine,Medication,217,Referral,Private Insurance,96264.9,Paid,Discharged
HP102730,29-06-2023,04-07-2023,Kiran Kulkarni,50,Female,B+,Oncology,Dr. Neha Shah,Hypertension,Chemotherapy,511,Transfer from Another Hospital,Corporate Insurance,148001.09,Paid,Admitted
HP102731,07-07-2021,12-07-2021,Sneha Joshi,38,Male,B-,Cardiology,Dr. Manish Gupta,Fever,Physiotherapy,216,Direct Admission,Self Pay,79155.46,Partial,Referred
HP102732,09-07-2026,24-07-2026,Neha Desai,30,Male,B+,Emergency,Dr. Meena Shah,Cancer,Medication,210,Day Care,Government Insurance,79880.82,Paid,Discharged
HP102733,06-08-2024,19-08-2024,Isha Desai,81,Female,A+,ENT,Dr. Priya Desai,Diabetes,Chemotherapy,209,Maternity / Obstetric,Corporate Insurance,41143.79,Paid,Discharged
HP102734,24-09-2026,26-09-2026,Priya Desai,73,Male,O-,Oncology,Dr. Sameer Khan,Pregnancy Care,Chemotherapy,413,Surgical Admission,Self Pay,32683.95,Pending,Under Treatment
HP102735,01-11-2026,12-11-2026,Pooja Gupta,54,Male,A-,Cardiology,Dr. Neha Shah,Diabetes,Physiotherapy,520,Observation,Private Insurance,111362.31,Paid,Discharged
HP102736,21-02-2024,02-03-2024,Aisha Desai,71,Male,AB-,ENT,Dr. Manish Gupta,Stroke,Emergency Care,402,ICU Admission,Government Insurance,59035.92,Paid,Under Treatment
HP102737,24-12-2021,05-01-2022,Pooja Shetty,46,Male,A+,Pediatrics,Dr. Kiran Shetty,Hypertension,Observation,313,Post-Operative Admission,Private Insurance,110034.66,Paid,Under Treatment
HP102738,01-04-2025,03-04-2025,Vivaan Reddy,28,Female,B-,Cardiology,Dr. Suresh Patil,Infection,Observation,501,Readmission,Private Insurance,117294,Pending,Under Treatment
HP102739,26-12-2023,30-12-2023,Arjun Gupta,17,Female,A-,General Medicine,Dr. Manish Gupta,Cancer,Routine Treatment,420,Trauma / Accident,Corporate Insurance,135977.14,Paid,Discharged
HP102740,08-08-2025,23-08-2025,Meera Nayak,48,Male,A-,Dermatology,Dr. Sameer Khan,Cancer,Chemotherapy,504,Elective Admission,Government Insurance,66978.55,Paid,Discharged
HP102741,11-06-2021,15-06-2021,Neha Nayak,44,Male,AB-,Pediatrics,Dr. Priya Desai,Asthma,Emergency Care,213,Emergency,Corporate Insurance,18896.98,Paid,Discharged
HP102742,26-03-2022,30-03-2022,Aisha Kulkarni,60,Male,A+,Orthopedics,Dr. Kiran Shetty,Fever,Routine Treatment,106,Scheduled / Planned,Private Insurance,8149.67,Pending,Under Treatment
HP102743,06-02-2025,12-02-2025,Meera Nayak,60,Female,O+,General Medicine,Dr. Manish Gupta,Hypertension,Physiotherapy,217,OPD,Self Pay,47322.76,Partial,Under Treatment
HP102744,03-11-2023,05-11-2023,Kiran Desai,5,Female,A-,Neurology,Dr. Kavita Nair,Heart Disease,Observation,401,Referral,Government Insurance,140209.16,Paid,Admitted
HP102745,29-11-2026,05-12-2026,Arjun Gupta,69,Male,A-,ENT,Dr. Suresh Patil,Skin Infection,Routine Treatment,313,Emergency,Private Insurance,113430.94,Paid,Discharged
HP102746,05-05-2026,12-05-2026,Diya Gupta,78,Male,B+,Neurology,Dr. Asha Nair,Diabetes,Observation,114,Scheduled / Planned,Corporate Insurance,86076.59,Paid,Discharged
HP102747,06-08-2024,17-08-2024,Isha Gupta,70,Male,A-,Gynecology,Dr. Manish Gupta,Fever,Chemotherapy,117,OPD,Private Insurance,39744.33,Paid,Discharged
HP102748,23-05-2024,02-06-2024,Sneha Sharma,7,Female,B-,Dermatology,Dr. Anil Rao,Infection,Routine Treatment,401,Referral,Corporate Insurance,108360.93,Paid,Discharged
HP102749,01-09-2023,04-09-2023,Kiran Verma,53,Female,A-,Dermatology,Dr. Anil Rao,Heart Disease,Observation,319,Transfer from Another Hospital,Self Pay,112422.89,Paid,Admitted
HP102750,24-09-2022,05-10-2022,Vikram Nayak,17,Female,B+,Cardiology,Dr. Kiran Shetty,Fever,Routine Treatment,310,Direct Admission,Self Pay,38414.67,Pending,Discharged
HP102751,10-05-2025,22-05-2025,Aisha Kulkarni,59,Male,AB+,ENT,Dr. Kavita Nair,Arthritis,Chemotherapy,301,Day Care,Corporate Insurance,107678.16,Paid,Discharged
HP102752,17-11-2023,25-11-2023,Vivaan Kulkarni,9,Female,AB+,Emergency,Dr. Kiran Shetty,Pregnancy Care,Observation,516,Maternity / Obstetric,Self Pay,22433.82,Paid,Discharged
HP102753,08-05-2025,10-05-2025,Arjun Reddy,22,Female,B-,Dermatology,Dr. Raj Malhotra,Hypertension,Physiotherapy,420,Surgical Admission,Self Pay,19743.89,Paid,Discharged
HP102754,21-08-2025,01-09-2025,Rohan Gupta,45,Female,AB-,ENT,Dr. Suresh Patil,Chest Pain,Emergency Care,405,Observation,Corporate Insurance,13008.76,Paid,Admitted
HP102755,13-03-2022,21-03-2022,Vivaan Desai,73,Male,AB-,General Medicine,Dr. Sameer Khan,Skin Infection,Physiotherapy,302,ICU Admission,Corporate Insurance,122478.79,Paid,Under Treatment
HP102756,06-04-2025,19-04-2025,Rohan Shetty,59,Female,O+,ENT,Dr. Kiran Shetty,Asthma,Chemotherapy,101,Post-Operative Admission,Corporate Insurance,44238.64,Pending,Discharged
HP102757,13-12-2023,24-12-2023,Aarav Joshi,80,Male,O+,Orthopedics,Dr. Asha Nair,Arthritis,Medication,302,Readmission,Private Insurance,92605.53,Paid,Discharged
HP102758,28-07-2024,02-08-2024,Sneha Nayak,13,Female,B-,Cardiology,Dr. Anil Rao,Asthma,Chemotherapy,407,Trauma / Accident,Private Insurance,25950.03,Partial,Discharged
HP102759,10-09-2026,12-09-2026,Meera Desai,83,Male,O-,ENT,Dr. Suresh Patil,Migraine,Physiotherapy,306,Elective Admission,Private Insurance,69151.72,Paid,Discharged
HP102760,02-07-2021,09-07-2021,Diya Sharma,12,Female,A-,Gynecology,Dr. Suresh Patil,Hypertension,Routine Treatment,214,Emergency,Corporate Insurance,9016.66,Pending,Under Treatment
HP102761,09-01-2025,23-01-2025,Meera Patil,36,Female,A-,Emergency,Dr. Meena Shah,Cancer,Emergency Care,419,Scheduled / Planned,Government Insurance,129693,Partial,Discharged
HP102762,19-01-2025,21-01-2025,Vivaan Verma,10,Male,O-,Orthopedics,Dr. Suresh Patil,Hypertension,Chemotherapy,102,OPD,Corporate Insurance,83263.53,Pending,Under Treatment
HP102763,09-05-2025,23-05-2025,Arjun Kulkarni,16,Female,AB+,ENT,Dr. Asha Nair,Heart Disease,Routine Treatment,213,Referral,Private Insurance,134124,Paid,Referred
HP102764,07-05-2025,13-05-2025,Priya Sharma,19,Male,AB+,Emergency,Dr. Kiran Shetty,Cancer,Emergency Care,503,Transfer from Another Hospital,Government Insurance,72828.6,Paid,Discharged
HP102765,22-10-2022,01-11-2022,Sneha Patil,6,Male,A+,Emergency,Dr. Sneha Rao,Asthma,Surgery,506,Direct Admission,Private Insurance,50867.48,Paid,Discharged
HP102766,09-06-2021,12-06-2021,Rahul Verma,4,Male,AB+,Dermatology,Dr. Manish Gupta,Chest Pain,Emergency Care,517,Day Care,Self Pay,63116.36,Paid,Discharged
HP102767,09-10-2023,18-10-2023,Rohan Joshi,30,Male,O-,Oncology,Dr. Meena Shah,Migraine,Emergency Care,501,Maternity / Obstetric,Private Insurance,40358.23,Paid,Under Treatment
HP102768,22-02-2021,25-02-2021,Ananya Shetty,46,Female,O+,Orthopedics,Dr. Priya Desai,Skin Infection,Surgery,207,Surgical Admission,Government Insurance,133406.52,Paid,Discharged
HP102769,12-11-2023,23-11-2023,Vikram Joshi,27,Male,AB+,Orthopedics,Dr. Kiran Shetty,Fever,Chemotherapy,509,Observation,Self Pay,47864.4,Pending,Under Treatment
HP102770,20-11-2023,05-12-2023,Vikram Reddy,45,Female,B-,Neurology,Dr. Sameer Khan,Arthritis,Routine Treatment,201,ICU Admission,Private Insurance,47370.07,Paid,Referred
HP102771,13-05-2024,25-05-2024,Rahul Kulkarni,85,Female,A+,Cardiology,Dr. Sameer Khan,Fracture,Observation,311,Post-Operative Admission,Corporate Insurance,96584.71,Paid,Discharged
HP102772,03-02-2025,15-02-2025,Rohan Verma,37,Female,AB-,Neurology,Dr. Anil Rao,Heart Disease,IV Therapy,217,Readmission,Government Insurance,22795.7,Paid,Discharged
HP102773,29-01-2025,01-02-2025,Kiran Joshi,9,Female,A+,Pediatrics,Dr. Kiran Shetty,Infection,Emergency Care,317,Trauma / Accident,Corporate Insurance,36781.04,Paid,Discharged
HP102774,02-11-2023,07-11-2023,Kiran Desai,61,Male,O-,Cardiology,Dr. Kiran Shetty,Sinusitis,Medication,410,Elective Admission,Corporate Insurance,67335.75,Paid,Referred
HP102775,05-05-2026,12-05-2026,Priya Patil,35,Female,A-,Oncology,Dr. Raj Malhotra,Fracture,Radiation Therapy,406,Emergency,Private Insurance,31478.37,Pending,Discharged
HP102776,30-04-2023,14-05-2023,Kavya Reddy,47,Male,A-,General Medicine,Dr. Sameer Khan,Arthritis,Routine Treatment,506,Scheduled / Planned,Self Pay,42312.11,Partial,Discharged
HP102777,20-12-2021,28-12-2021,Pooja Shetty,21,Female,A+,Oncology,Dr. Sameer Khan,Fracture,Medication,520,OPD,Government Insurance,106489.55,Pending,Discharged
HP102778,04-01-2024,16-01-2024,Vikram Reddy,17,Female,A+,Oncology,Dr. Priya Desai,Heart Disease,Observation,208,Referral,Self Pay,45576.96,Partial,Under Treatment
HP102779,06-10-2025,17-10-2025,Kiran Patil,55,Female,A-,Cardiology,Dr. Neha Shah,Asthma,Emergency Care,506,Transfer from Another Hospital,Government Insurance,97393.44,Pending,Discharged
HP102780,04-01-2025,11-01-2025,Kiran Kulkarni,6,Male,O+,Oncology,Dr. Anil Rao,Sinusitis,Medication,217,Direct Admission,Self Pay,76689.04,Paid,Under Treatment
HP102781,18-09-2023,27-09-2023,Rohan Sharma,35,Female,O-,ENT,Dr. Manish Gupta,Pregnancy Care,Physiotherapy,509,Day Care,Government Insurance,116305.55,Paid,Under Treatment
HP102782,18-06-2024,23-06-2024,Neha Gupta,50,Female,B-,Pediatrics,Dr. Priya Desai,Pregnancy Care,Chemotherapy,508,Maternity / Obstetric,Government Insurance,113854.78,Paid,Discharged
HP102783,28-02-2026,10-03-2026,Aditya Nayak,37,Female,B-,Oncology,Dr. Meena Shah,Fever,Radiation Therapy,310,Surgical Admission,Private Insurance,33644.37,Paid,Under Treatment
HP102784,15-12-2025,26-12-2025,Ananya Gupta,13,Male,B-,General Medicine,Dr. Neha Shah,Asthma,Radiation Therapy,120,Observation,Self Pay,141769.81,Paid,Discharged
HP102785,17-01-2024,01-02-2024,Vivaan Joshi,25,Female,B-,Orthopedics,Dr. Meena Shah,Cancer,IV Therapy,509,ICU Admission,Private Insurance,121320.02,Paid,Discharged
HP102786,29-03-2023,01-04-2023,Rohan Kulkarni,1,Male,A-,Emergency,Dr. Manish Gupta,Sinusitis,Medication,513,Post-Operative Admission,Self Pay,82229.26,Paid,Admitted
HP102787,05-12-2025,11-12-2025,Kavya Sharma,49,Female,O-,Gynecology,Dr. Raj Malhotra,Fever,Medication,504,Readmission,Corporate Insurance,86164.91,Partial,Discharged
HP102788,15-05-2026,20-05-2026,Neha Gupta,35,Female,O+,Cardiology,Dr. Manish Gupta,Heart Disease,Radiation Therapy,215,Trauma / Accident,Self Pay,125181.31,Paid,Referred
HP102789,08-06-2023,20-06-2023,Aisha Verma,83,Male,B+,ENT,Dr. Meena Shah,Sinusitis,IV Therapy,510,Elective Admission,Private Insurance,75202.1,Pending,Under Treatment
HP102790,30-01-2026,03-02-2026,Aarav Verma,53,Male,AB+,Oncology,Dr. Sameer Khan,Migraine,Routine Treatment,508,Emergency,Government Insurance,74380.64,Pending,Discharged
HP102791,26-03-2024,07-04-2024,Priya Gupta,52,Female,AB+,Neurology,Dr. Kavita Nair,Hypertension,Medication,217,Scheduled / Planned,Self Pay,96376.77,Paid,Under Treatment
HP102792,30-10-2022,01-11-2022,Vivaan Reddy,54,Male,AB+,Emergency,Dr. Kavita Nair,Infection,Surgery,513,OPD,Government Insurance,17804.67,Pending,Discharged
HP102793,25-09-2022,02-10-2022,Vikram Patil,76,Male,AB+,Dermatology,Dr. Kiran Shetty,Cancer,Observation,519,Referral,Self Pay,89410.32,Pending,Discharged
HP102794,01-07-2025,14-07-2025,Pooja Desai,47,Female,A-,Orthopedics,Dr. Anil Rao,Sinusitis,Chemotherapy,412,Transfer from Another Hospital,Private Insurance,37466.66,Partial,Discharged
HP102795,17-05-2021,22-05-2021,Sneha Reddy,43,Female,B+,General Medicine,Dr. Asha Nair,Diabetes,Observation,102,Direct Admission,Corporate Insurance,21922.12,Partial,Discharged
HP102796,01-05-2026,05-05-2026,Aditya Patil,20,Female,A-,Orthopedics,Dr. Suresh Patil,Pregnancy Care,Radiation Therapy,509,Day Care,Corporate Insurance,123235.07,Partial,Discharged
HP102797,25-08-2025,06-09-2025,Priya Reddy,33,Male,B+,Gynecology,Dr. Manish Gupta,Fever,Chemotherapy,102,Maternity / Obstetric,Corporate Insurance,60363.43,Paid,Discharged
HP102798,04-03-2022,18-03-2022,Aditya Patil,16,Male,A-,Emergency,Dr. Asha Nair,Sinusitis,IV Therapy,114,Surgical Admission,Government Insurance,77908.08,Paid,Discharged
HP102799,15-01-2025,23-01-2025,Aarav Nayak,78,Female,O+,Oncology,Dr. Priya Desai,Hypertension,Chemotherapy,503,Observation,Private Insurance,47551.26,Paid,Discharged
HP102800,30-03-2023,08-04-2023,Aarav Desai,7,Female,A+,Emergency,Dr. Meena Shah,Sinusitis,Radiation Therapy,320,ICU Admission,Self Pay,9481.37,Paid,Under Treatment
HP102801,29-12-2026,07-01-2027,Rahul Kulkarni,70,Female,B+,Cardiology,Dr. Sneha Rao,Infection,Physiotherapy,105,Post-Operative Admission,Private Insurance,69146.81,Paid,Discharged
HP102802,12-01-2024,15-01-2024,Vivaan Shetty,21,Female,AB+,Oncology,Dr. Kiran Shetty,Migraine,Physiotherapy,218,Readmission,Self Pay,113787.82,Paid,Discharged
HP102803,17-07-2021,20-07-2021,Vivaan Desai,36,Male,B+,Gynecology,Dr. Neha Shah,Skin Infection,Surgery,112,Trauma / Accident,Corporate Insurance,114957.99,Pending,Discharged
HP102804,19-06-2026,24-06-2026,Kiran Kulkarni,54,Male,AB-,Cardiology,Dr. Sneha Rao,Diabetes,Observation,518,Elective Admission,Government Insurance,138696.64,Paid,Under Treatment
HP102805,16-04-2022,21-04-2022,Isha Joshi,19,Female,B-,General Medicine,Dr. Sameer Khan,Cancer,Observation,210,Emergency,Corporate Insurance,126858.51,Partial,Discharged
HP102806,03-05-2026,13-05-2026,Meera Kulkarni,25,Female,B+,Dermatology,Dr. Suresh Patil,Sinusitis,Observation,203,Scheduled / Planned,Government Insurance,147438.34,Paid,Discharged
HP102807,18-07-2023,20-07-2023,Diya Desai,67,Female,AB-,General Medicine,Dr. Kavita Nair,Asthma,Surgery,513,OPD,Private Insurance,87886.14,Paid,Discharged
HP102808,04-07-2026,05-07-2026,Neha Nayak,53,Female,B-,Emergency,Dr. Sameer Khan,Arthritis,Chemotherapy,317,Referral,Private Insurance,12385.77,Paid,Discharged
HP102809,25-06-2023,03-07-2023,Aisha Kulkarni,75,Female,AB-,Oncology,Dr. Asha Nair,Heart Disease,Physiotherapy,513,Transfer from Another Hospital,Government Insurance,130192.37,Paid,Discharged
HP102810,23-01-2021,26-01-2021,Kiran Gupta,48,Female,B-,Pediatrics,Dr. Priya Desai,Heart Disease,Medication,512,Direct Admission,Private Insurance,143045.04,Paid,Discharged
HP102811,23-08-2021,24-08-2021,Ananya Shetty,42,Male,A+,Emergency,Dr. Suresh Patil,Fever,Surgery,316,Day Care,Corporate Insurance,72305.08,Partial,Discharged
HP102812,30-01-2024,31-01-2024,Isha Sharma,47,Other,B+,Cardiology,Dr. Sneha Rao,Pregnancy Care,IV Therapy,502,Maternity / Obstetric,Private Insurance,21520.78,Paid,Referred
HP102813,18-07-2023,29-07-2023,Arjun Gupta,42,Female,AB-,General Medicine,Dr. Sameer Khan,Infection,Routine Treatment,304,Surgical Admission,Government Insurance,8570.45,Paid,Discharged
HP102814,07-06-2022,22-06-2022,Rahul Reddy,2,Male,O+,Dermatology,Dr. Raj Malhotra,Infection,Observation,113,Observation,Self Pay,93958.98,Pending,Discharged
HP102815,14-12-2025,16-12-2025,Rohan Kulkarni,6,Female,A+,Neurology,Dr. Neha Shah,Heart Disease,Emergency Care,216,ICU Admission,Private Insurance,101805.43,Paid,Referred
HP102816,07-03-2022,13-03-2022,Vivaan Kulkarni,46,Male,AB+,Emergency,Dr. Kavita Nair,Skin Infection,Physiotherapy,209,Post-Operative Admission,Private Insurance,7351.22,Paid,Discharged
HP102817,04-03-2023,10-03-2023,Ananya Kulkarni,66,Female,B+,Orthopedics,Dr. Manish Gupta,Infection,Routine Treatment,312,Readmission,Corporate Insurance,142642.84,Paid,Discharged
HP102818,18-06-2025,02-07-2025,Meera Patil,81,Male,A-,General Medicine,Dr. Kavita Nair,Asthma,Surgery,505,Trauma / Accident,Government Insurance,83624.36,Paid,Under Treatment
HP102819,03-10-2025,06-10-2025,Priya Kulkarni,40,Female,A-,General Medicine,Dr. Asha Nair,Pregnancy Care,Radiation Therapy,516,Elective Admission,Corporate Insurance,93779.71,Partial,Discharged
HP102820,17-06-2022,29-06-2022,Aisha Nayak,58,Female,A-,ENT,Dr. Priya Desai,Migraine,Physiotherapy,219,Emergency,Self Pay,86801.84,Partial,Discharged
HP102821,13-10-2025,17-10-2025,Rahul Shetty,78,Female,O+,Neurology,Dr. Sameer Khan,Skin Infection,Radiation Therapy,116,Scheduled / Planned,Self Pay,50955.66,Pending,Discharged
HP102822,03-08-2025,15-08-2025,Aarav Reddy,74,Female,AB-,Pediatrics,Dr. Anil Rao,Skin Infection,Physiotherapy,304,OPD,Private Insurance,135584.35,Pending,Discharged
HP102823,09-08-2024,22-08-2024,Aisha Reddy,33,Female,AB-,Neurology,Dr. Meena Shah,Stroke,Observation,415,Referral,Private Insurance,5552.42,Pending,Discharged
HP102824,02-07-2023,04-07-2023,Kiran Kulkarni,62,Male,B-,Gynecology,Dr. Neha Shah,Asthma,Radiation Therapy,116,Transfer from Another Hospital,Self Pay,113343.05,Paid,Discharged
HP102825,30-01-2024,01-02-2024,Ananya Kulkarni,12,Male,A-,Emergency,Dr. Priya Desai,Pregnancy Care,Observation,206,Direct Admission,Private Insurance,57320.49,Paid,Discharged
HP102826,06-03-2025,21-03-2025,Sneha Joshi,49,Female,AB+,Emergency,Dr. Sneha Rao,Fever,Routine Treatment,114,Day Care,Self Pay,32582.45,Paid,Discharged
HP102827,20-08-2024,27-08-2024,Aisha Nayak,78,Female,AB-,Cardiology,Dr. Sameer Khan,Chest Pain,Routine Treatment,410,Maternity / Obstetric,Corporate Insurance,68235.4,Paid,Admitted
HP102828,21-10-2023,03-11-2023,Ananya Nayak,5,Male,O+,General Medicine,Dr. Neha Shah,Hypertension,Emergency Care,316,Surgical Admission,Corporate Insurance,33715.06,Paid,Discharged
HP102829,26-04-2025,27-04-2025,Diya Sharma,51,Male,B+,General Medicine,Dr. Raj Malhotra,Fracture,Medication,402,Observation,Corporate Insurance,130980.46,Paid,Discharged
HP102830,10-10-2024,17-10-2024,Kiran Sharma,69,Male,AB-,Cardiology,Dr. Suresh Patil,Migraine,Routine Treatment,213,ICU Admission,Corporate Insurance,120362.88,Paid,Referred
HP102831,28-02-2025,14-03-2025,Aisha Nayak,32,Female,B+,Oncology,Dr. Suresh Patil,Chest Pain,Routine Treatment,310,Post-Operative Admission,Private Insurance,129264.54,Paid,Discharged
HP102832,09-08-2025,21-08-2025,Vivaan Kulkarni,49,Female,O+,Neurology,Dr. Kiran Shetty,Heart Disease,Chemotherapy,106,Readmission,Private Insurance,126201.28,Paid,Discharged
HP102833,21-06-2026,05-07-2026,Aarav Desai,60,Male,AB-,Gynecology,Dr. Sneha Rao,Infection,Routine Treatment,315,Trauma / Accident,Government Insurance,124597.99,Paid,Referred
HP102834,15-08-2021,27-08-2021,Diya Desai,46,Female,O-,Oncology,Dr. Meena Shah,Stroke,Radiation Therapy,419,Elective Admission,Self Pay,89306.43,Paid,Discharged
HP102835,13-06-2024,27-06-2024,Isha Verma,68,Male,B-,Orthopedics,Dr. Kavita Nair,Infection,Routine Treatment,314,Emergency,Self Pay,135785.13,Paid,Admitted
HP102836,23-05-2023,24-05-2023,Rahul Reddy,41,Female,B-,Emergency,Dr. Sameer Khan,Stroke,Routine Treatment,216,Scheduled / Planned,Private Insurance,13576.7,Paid,Under Treatment
HP102837,11-06-2023,25-06-2023,Diya Shetty,81,Male,B-,Orthopedics,Dr. Kavita Nair,Cancer,Chemotherapy,115,OPD,Government Insurance,46451.83,Partial,Admitted
HP102838,18-01-2025,24-01-2025,Aditya Patil,67,Female,AB+,Orthopedics,Dr. Manish Gupta,Diabetes,Emergency Care,513,Referral,Corporate Insurance,35821.82,Paid,Referred
HP102839,03-11-2023,06-11-2023,Rohan Verma,13,Male,AB-,Emergency,Dr. Asha Nair,Sinusitis,Surgery,512,Transfer from Another Hospital,Self Pay,22556.66,Paid,Discharged
HP102840,01-02-2022,09-02-2022,Priya Gupta,18,Male,B+,Orthopedics,Dr. Kiran Shetty,Diabetes,Chemotherapy,520,Direct Admission,Corporate Insurance,5920.85,Pending,Discharged
HP102841,29-01-2024,04-02-2024,Meera Joshi,51,Female,O+,Gynecology,Dr. Raj Malhotra,Diabetes,Medication,403,Day Care,Private Insurance,63383.45,Partial,Discharged
HP102842,10-09-2026,21-09-2026,Aisha Patil,36,Male,AB-,Gynecology,Dr. Meena Shah,Skin Infection,Emergency Care,103,Maternity / Obstetric,Private Insurance,109980.13,Paid,Admitted
HP102843,11-10-2022,13-10-2022,Aarav Nayak,81,Female,O+,Cardiology,Dr. Neha Shah,Stroke,Emergency Care,403,Surgical Admission,Government Insurance,98508.49,Partial,Discharged
HP102844,25-11-2021,03-12-2021,Vivaan Kulkarni,34,Female,A+,Dermatology,Dr. Manish Gupta,Pregnancy Care,Chemotherapy,215,Observation,Corporate Insurance,99401.72,Paid,Under Treatment
HP102845,22-01-2025,27-01-2025,Neha Patil,12,Male,B-,Emergency,Dr. Sameer Khan,Asthma,Surgery,513,ICU Admission,Self Pay,133777.57,Pending,Under Treatment
HP102846,10-08-2023,18-08-2023,Arjun Sharma,5,Female,A-,Emergency,Dr. Kavita Nair,Chest Pain,Observation,403,Post-Operative Admission,Self Pay,143816.18,Paid,Discharged
HP102847,29-06-2026,07-07-2026,Diya Sharma,48,Male,O+,Emergency,Dr. Neha Shah,Hypertension,Surgery,202,Readmission,Private Insurance,103685.76,Paid,Discharged
HP102848,10-07-2026,16-07-2026,Neha Joshi,40,Female,A+,Neurology,Dr. Priya Desai,Arthritis,Observation,212,Trauma / Accident,Private Insurance,17313.98,Pending,Discharged
HP102849,22-02-2026,24-02-2026,Kiran Shetty,13,Other,O+,Cardiology,Dr. Anil Rao,Sinusitis,Physiotherapy,318,Elective Admission,Corporate Insurance,103121.97,Partial,Discharged
HP102850,11-04-2024,19-04-2024,Aisha Gupta,26,Male,A+,Gynecology,Dr. Sameer Khan,Sinusitis,Surgery,305,Emergency,Government Insurance,85442.37,Paid,Discharged
HP102851,08-11-2025,23-11-2025,Vikram Gupta,14,Female,O+,Gynecology,Dr. Raj Malhotra,Asthma,Surgery,109,Scheduled / Planned,Corporate Insurance,14337.96,Partial,Discharged
HP102852,11-06-2021,26-06-2021,Isha Joshi,11,Male,B-,General Medicine,Dr. Sneha Rao,Stroke,Physiotherapy,219,OPD,Corporate Insurance,42281.91,Pending,Discharged
HP102853,18-10-2025,29-10-2025,Priya Reddy,38,Female,A-,ENT,Dr. Neha Shah,Arthritis,Observation,512,Referral,Self Pay,39466.52,Partial,Discharged
HP102854,15-02-2023,21-02-2023,Aarav Kulkarni,80,Male,O-,Pediatrics,Dr. Asha Nair,Fracture,Chemotherapy,117,Transfer from Another Hospital,Self Pay,117056.87,Paid,Discharged
HP102855,02-01-2026,08-01-2026,Kiran Nayak,57,Male,B-,Dermatology,Dr. Manish Gupta,Migraine,Observation,307,Direct Admission,Government Insurance,55055.01,Paid,Discharged
HP102856,18-11-2023,26-11-2023,Aisha Kulkarni,22,Other,O+,Emergency,Dr. Suresh Patil,Sinusitis,Chemotherapy,409,Day Care,Self Pay,77596.34,Paid,Discharged
HP102857,29-07-2023,30-07-2023,Priya Desai,16,Male,B-,Cardiology,Dr. Manish Gupta,Migraine,Observation,509,Maternity / Obstetric,Government Insurance,118930.19,Partial,Discharged
HP102858,24-06-2022,26-06-2022,Vivaan Reddy,77,Female,A-,Emergency,Dr. Asha Nair,Sinusitis,Physiotherapy,311,Surgical Admission,Self Pay,140794.55,Paid,Admitted
HP102859,02-04-2023,14-04-2023,Arjun Verma,76,Female,A+,General Medicine,Dr. Meena Shah,Arthritis,Radiation Therapy,401,Observation,Government Insurance,83041.04,Partial,Discharged
HP102860,01-01-2025,13-01-2025,Diya Patil,82,Female,A+,Dermatology,Dr. Raj Malhotra,Cancer,Physiotherapy,416,ICU Admission,Government Insurance,85518.05,Paid,Discharged
HP102861,25-12-2023,03-01-2024,Vikram Sharma,29,Female,O+,General Medicine,Dr. Asha Nair,Asthma,Radiation Therapy,101,Post-Operative Admission,Private Insurance,18900.61,Paid,Referred
HP102862,22-12-2021,02-01-2022,Rahul Gupta,82,Female,AB-,General Medicine,Dr. Neha Shah,Stroke,Surgery,303,Readmission,Corporate Insurance,76676.1,Pending,Admitted
HP102863,23-08-2021,04-09-2021,Kavya Sharma,2,Male,A-,General Medicine,Dr. Kiran Shetty,Skin Infection,Physiotherapy,217,Trauma / Accident,Corporate Insurance,104537.67,Paid,Under Treatment
HP102864,29-03-2025,06-04-2025,Vivaan Kulkarni,54,Female,A+,Gynecology,Dr. Asha Nair,Infection,Observation,111,Elective Admission,Corporate Insurance,32412.53,Paid,Discharged
HP102865,28-09-2026,10-10-2026,Ananya Desai,2,Female,AB+,Pediatrics,Dr. Kavita Nair,Cancer,Physiotherapy,203,Emergency,Self Pay,21132.93,Paid,Discharged
HP102866,28-04-2021,05-05-2021,Diya Gupta,3,Male,B-,Neurology,Dr. Priya Desai,Sinusitis,Emergency Care,203,Scheduled / Planned,Private Insurance,130183.76,Paid,Discharged
HP102867,03-10-2026,10-10-2026,Sneha Patil,56,Male,O+,Emergency,Dr. Sameer Khan,Skin Infection,Routine Treatment,508,OPD,Government Insurance,21657.1,Paid,Admitted
HP102868,01-08-2025,06-08-2025,Aarav Kulkarni,72,Female,AB+,Gynecology,Dr. Suresh Patil,Sinusitis,Radiation Therapy,105,Referral,Government Insurance,137396.06,Paid,Under Treatment
HP102869,04-12-2023,06-12-2023,Rohan Verma,11,Other,AB+,Oncology,Dr. Manish Gupta,Cancer,Observation,310,Transfer from Another Hospital,Government Insurance,44680.16,Partial,Discharged
HP102870,02-10-2026,13-10-2026,Meera Nayak,76,Female,AB-,Gynecology,Dr. Kavita Nair,Skin Infection,Surgery,418,Direct Admission,Self Pay,52844.73,Pending,Discharged
HP102871,12-07-2022,18-07-2022,Meera Verma,32,Female,AB-,Emergency,Dr. Neha Shah,Hypertension,Medication,206,Day Care,Corporate Insurance,81209.04,Pending,Discharged
HP102872,21-12-2025,31-12-2025,Rahul Sharma,4,Male,AB-,Cardiology,Dr. Kiran Shetty,Cancer,Observation,116,Maternity / Obstetric,Private Insurance,32275.04,Paid,Discharged
HP102873,29-06-2026,02-07-2026,Vikram Desai,9,Female,AB+,Dermatology,Dr. Raj Malhotra,Chest Pain,IV Therapy,302,Surgical Admission,Government Insurance,104840.25,Partial,Discharged
HP102874,02-02-2022,06-02-2022,Kiran Shetty,56,Female,B+,Orthopedics,Dr. Anil Rao,Arthritis,Surgery,113,Observation,Self Pay,80964.38,Paid,Referred
HP102875,06-11-2022,19-11-2022,Neha Shetty,16,Male,O-,General Medicine,Dr. Sneha Rao,Pregnancy Care,Physiotherapy,213,ICU Admission,Government Insurance,142186.37,Paid,Discharged
HP102876,22-01-2022,01-02-2022,Vikram Verma,81,Male,B+,Cardiology,Dr. Kiran Shetty,Fracture,Observation,204,Post-Operative Admission,Government Insurance,137126.48,Paid,Discharged
HP102877,29-11-2026,11-12-2026,Neha Patil,71,Male,AB+,Orthopedics,Dr. Asha Nair,Fracture,Physiotherapy,311,Readmission,Government Insurance,116608.41,Paid,Discharged
HP102878,27-08-2026,07-09-2026,Kiran Patil,10,Female,B-,Dermatology,Dr. Sameer Khan,Migraine,Radiation Therapy,116,Trauma / Accident,Government Insurance,31797.85,Paid,Under Treatment
HP102879,03-06-2023,05-06-2023,Aisha Gupta,36,Male,O+,Gynecology,Dr. Raj Malhotra,Cancer,Surgery,105,Elective Admission,Private Insurance,35999.81,Pending,Discharged
HP102880,25-06-2022,09-07-2022,Aisha Sharma,24,Male,AB+,Cardiology,Dr. Raj Malhotra,Asthma,Routine Treatment,506,Emergency,Government Insurance,43928.69,Partial,Discharged
HP102881,20-06-2021,22-06-2021,Kiran Kulkarni,64,Male,O+,Emergency,Dr. Priya Desai,Sinusitis,Emergency Care,214,Scheduled / Planned,Government Insurance,125950.93,Partial,Discharged
HP102882,10-01-2023,22-01-2023,Isha Joshi,56,Male,AB+,General Medicine,Dr. Meena Shah,Migraine,Medication,319,OPD,Private Insurance,98952.1,Paid,Discharged
HP102883,02-11-2024,10-11-2024,Kavya Reddy,78,Male,AB-,Dermatology,Dr. Priya Desai,Fracture,Radiation Therapy,320,Referral,Private Insurance,30459.13,Paid,Discharged
HP102884,29-04-2021,07-05-2021,Rohan Joshi,78,Female,O+,General Medicine,Dr. Suresh Patil,Asthma,Emergency Care,519,Transfer from Another Hospital,Government Insurance,71447.41,Paid,Under Treatment
HP102885,22-11-2026,02-12-2026,Rahul Reddy,22,Male,AB-,Dermatology,Dr. Sneha Rao,Sinusitis,Observation,316,Direct Admission,Private Insurance,146360.54,Partial,Discharged
HP102886,19-06-2026,25-06-2026,Aisha Reddy,52,Female,AB-,Pediatrics,Dr. Neha Shah,Migraine,Emergency Care,103,Day Care,Corporate Insurance,111176.36,Partial,Under Treatment
HP102887,02-09-2025,15-09-2025,Kiran Nayak,50,Female,O-,Cardiology,Dr. Neha Shah,Asthma,Surgery,315,Maternity / Obstetric,Private Insurance,140471.43,Paid,Discharged
HP102888,19-09-2025,24-09-2025,Pooja Verma,47,Female,O-,General Medicine,Dr. Anil Rao,Hypertension,Medication,517,Surgical Admission,Corporate Insurance,122281.47,Paid,Under Treatment
HP102889,25-08-2025,02-09-2025,Kavya Kulkarni,23,Female,B+,Orthopedics,Dr. Sneha Rao,Fever,Emergency Care,508,Observation,Private Insurance,110133.63,Paid,Discharged
HP102890,15-12-2024,19-12-2024,Aarav Nayak,76,Male,AB+,Gynecology,Dr. Raj Malhotra,Chest Pain,Radiation Therapy,103,ICU Admission,Private Insurance,125338.37,Pending,Discharged
HP102891,26-10-2025,06-11-2025,Arjun Desai,83,Male,B-,Gynecology,Dr. Kavita Nair,Pregnancy Care,IV Therapy,509,Post-Operative Admission,Government Insurance,105422.64,Paid,Discharged
HP102892,05-03-2025,09-03-2025,Rohan Sharma,19,Male,B-,Cardiology,Dr. Meena Shah,Hypertension,Radiation Therapy,415,Readmission,Self Pay,87268.18,Pending,Discharged
HP102893,27-10-2022,01-11-2022,Aditya Kulkarni,52,Other,AB-,Neurology,Dr. Anil Rao,Sinusitis,Physiotherapy,109,Trauma / Accident,Self Pay,111703.49,Pending,Discharged
HP102894,02-02-2021,03-02-2021,Aarav Shetty,34,Male,AB-,Neurology,Dr. Kiran Shetty,Migraine,Emergency Care,115,Elective Admission,Government Insurance,38272.37,Paid,Under Treatment
HP102895,04-10-2026,05-10-2026,Aarav Shetty,29,Female,AB+,Oncology,Dr. Raj Malhotra,Infection,Medication,211,Emergency,Self Pay,76100.62,Paid,Discharged
HP102896,22-08-2026,24-08-2026,Ananya Shetty,61,Female,O-,General Medicine,Dr. Kiran Shetty,Heart Disease,Physiotherapy,513,Scheduled / Planned,Corporate Insurance,142951.59,Partial,Discharged
HP102897,01-04-2025,15-04-2025,Rohan Shetty,85,Female,B-,Emergency,Dr. Neha Shah,Pregnancy Care,Observation,516,OPD,Corporate Insurance,122248.8,Paid,Discharged
HP102898,21-12-2022,29-12-2022,Rahul Sharma,35,Female,AB+,Neurology,Dr. Anil Rao,Stroke,IV Therapy,418,Referral,Private Insurance,139313.55,Partial,Referred
HP102899,29-04-2022,06-05-2022,Meera Joshi,5,Female,O-,ENT,Dr. Raj Malhotra,Hypertension,Physiotherapy,405,Emergency,Self Pay,145280.02,Paid,Discharged
HP102900,31-08-2023,15-09-2023,Vikram Desai,76,Male,O+,Cardiology,Dr. Sameer Khan,Chest Pain,Radiation Therapy,101,Scheduled / Planned,Government Insurance,90138.99,Paid,Discharged
HP102901,03-11-2021,18-11-2021,Rohan Gupta,7,Female,B+,ENT,Dr. Suresh Patil,Arthritis,IV Therapy,510,OPD,Corporate Insurance,33445.49,Pending,Referred
HP102902,02-04-2022,12-04-2022,Priya Nayak,41,Male,AB+,Orthopedics,Dr. Raj Malhotra,Arthritis,Chemotherapy,306,Referral,Self Pay,112452.27,Partial,Admitted
HP102903,27-11-2021,06-12-2021,Vikram Sharma,2,Female,AB-,Pediatrics,Dr. Kavita Nair,Fever,IV Therapy,401,Transfer from Another Hospital,Government Insurance,6063.04,Pending,Under Treatment
HP102904,13-08-2021,18-08-2021,Kavya Desai,10,Female,A+,Cardiology,Dr. Kavita Nair,Fracture,Radiation Therapy,308,Direct Admission,Self Pay,17925.52,Paid,Discharged
HP102905,19-01-2025,21-01-2025,Vikram Sharma,44,Male,B+,Cardiology,Dr. Anil Rao,Cancer,Medication,120,Day Care,Private Insurance,46486.59,Paid,Admitted
HP102906,19-12-2023,26-12-2023,Kavya Verma,70,Female,B-,Gynecology,Dr. Priya Desai,Heart Disease,Physiotherapy,308,Maternity / Obstetric,Private Insurance,7202.17,Paid,Under Treatment
HP102907,06-10-2022,21-10-2022,Vivaan Kulkarni,35,Male,B-,Orthopedics,Dr. Sameer Khan,Hypertension,Physiotherapy,314,Surgical Admission,Private Insurance,104086.22,Paid,Discharged
HP102908,08-09-2022,16-09-2022,Meera Shetty,62,Female,AB-,ENT,Dr. Manish Gupta,Stroke,Physiotherapy,420,Observation,Corporate Insurance,123404.74,Pending,Discharged
HP102909,14-07-2021,26-07-2021,Aditya Kulkarni,74,Female,AB-,General Medicine,Dr. Sneha Rao,Fracture,Emergency Care,108,ICU Admission,Self Pay,114296.45,Paid,Discharged
HP102910,04-05-2022,11-05-2022,Ananya Gupta,73,Female,B+,Gynecology,Dr. Manish Gupta,Heart Disease,Routine Treatment,320,Post-Operative Admission,Corporate Insurance,25949.69,Partial,Discharged
HP102911,03-06-2024,17-06-2024,Isha Patil,20,Male,AB-,Oncology,Dr. Sneha Rao,Migraine,Emergency Care,116,Readmission,Corporate Insurance,121566.3,Partial,Discharged
HP102912,08-01-2024,15-01-2024,Neha Gupta,35,Male,A+,Emergency,Dr. Priya Desai,Chest Pain,IV Therapy,514,Trauma / Accident,Self Pay,125131.06,Pending,Discharged
HP102913,22-02-2024,05-03-2024,Aarav Verma,37,Female,B+,ENT,Dr. Sneha Rao,Migraine,Medication,415,Elective Admission,Self Pay,18996.59,Pending,Discharged
HP102914,26-05-2024,10-06-2024,Rahul Verma,72,Female,O-,General Medicine,Dr. Raj Malhotra,Asthma,Surgery,312,Emergency,Private Insurance,76396.12,Pending,Discharged
HP102915,31-05-2022,14-06-2022,Rahul Patil,54,Male,O-,Oncology,Dr. Suresh Patil,Chest Pain,Medication,211,Scheduled / Planned,Self Pay,104778.15,Paid,Discharged
HP102916,14-06-2025,19-06-2025,Aarav Nayak,80,Male,O-,ENT,Dr. Sneha Rao,Hypertension,Emergency Care,309,OPD,Corporate Insurance,63969.36,Pending,Discharged
HP102917,02-02-2024,04-02-2024,Aditya Sharma,28,Male,AB-,Dermatology,Dr. Kiran Shetty,Pregnancy Care,Physiotherapy,204,Referral,Self Pay,133943.57,Paid,Discharged
HP102918,28-01-2022,03-02-2022,Pooja Nayak,70,Female,O+,Pediatrics,Dr. Suresh Patil,Diabetes,IV Therapy,206,Transfer from Another Hospital,Corporate Insurance,81725.53,Pending,Discharged
HP102919,23-09-2022,27-09-2022,Meera Nayak,32,Male,A-,Dermatology,Dr. Kiran Shetty,Chest Pain,Emergency Care,407,Direct Admission,Government Insurance,22707.36,Paid,Discharged
HP102920,22-01-2026,01-02-2026,Meera Verma,11,Male,A+,Dermatology,Dr. Meena Shah,Fever,IV Therapy,106,Day Care,Private Insurance,81912.96,Paid,Referred
HP102921,07-09-2023,09-09-2023,Ananya Verma,42,Female,B+,Oncology,Dr. Priya Desai,Diabetes,Physiotherapy,504,Maternity / Obstetric,Self Pay,88728.71,Pending,Discharged
HP102922,10-03-2022,22-03-2022,Arjun Desai,23,Male,A-,Neurology,Dr. Sneha Rao,Sinusitis,Surgery,220,Surgical Admission,Corporate Insurance,143276.34,Paid,Admitted
HP102923,05-10-2021,14-10-2021,Priya Joshi,30,Female,O-,Dermatology,Dr. Sameer Khan,Pregnancy Care,Surgery,405,Observation,Corporate Insurance,66188.3,Partial,Discharged
HP102924,21-08-2021,28-08-2021,Isha Reddy,9,Male,O-,Orthopedics,Dr. Meena Shah,Heart Disease,Surgery,118,ICU Admission,Government Insurance,134489.73,Pending,Discharged
HP102925,02-04-2025,08-04-2025,Meera Patil,59,Male,AB+,ENT,Dr. Kiran Shetty,Arthritis,Observation,313,Post-Operative Admission,Government Insurance,51395.68,Paid,Discharged
HP102926,14-05-2025,26-05-2025,Vikram Joshi,28,Female,A+,ENT,Dr. Asha Nair,Pregnancy Care,Observation,501,Readmission,Government Insurance,70584.04,Paid,Admitted
HP102927,19-01-2024,24-01-2024,Diya Shetty,79,Male,AB+,Emergency,Dr. Suresh Patil,Skin Infection,Physiotherapy,302,Trauma / Accident,Private Insurance,102914.25,Pending,Discharged
HP102928,26-01-2021,29-01-2021,Arjun Verma,33,Male,O-,General Medicine,Dr. Sameer Khan,Stroke,Radiation Therapy,416,Elective Admission,Corporate Insurance,133398.3,Pending,Discharged
HP102929,18-11-2024,30-11-2024,Ananya Joshi,47,Female,A-,Oncology,Dr. Asha Nair,Asthma,Observation,112,Emergency,Government Insurance,117246.98,Partial,Discharged
HP102930,06-04-2022,21-04-2022,Rahul Sharma,22,Male,B-,Orthopedics,Dr. Raj Malhotra,Asthma,Radiation Therapy,210,Scheduled / Planned,Corporate Insurance,27541.83,Paid,Admitted
HP102931,28-12-2023,12-01-2024,Kiran Sharma,29,Female,O-,Emergency,Dr. Meena Shah,Fever,Physiotherapy,412,OPD,Private Insurance,33086.15,Paid,Discharged
HP102932,04-10-2023,14-10-2023,Vikram Verma,34,Male,B-,Emergency,Dr. Sneha Rao,Sinusitis,Surgery,118,Referral,Government Insurance,14891.45,Paid,Discharged
HP102933,18-06-2026,28-06-2026,Aditya Sharma,42,Female,AB-,Neurology,Dr. Suresh Patil,Skin Infection,Radiation Therapy,403,Transfer from Another Hospital,Self Pay,95114.44,Paid,Under Treatment
HP102934,06-05-2022,10-05-2022,Aarav Shetty,52,Female,B-,Gynecology,Dr. Suresh Patil,Arthritis,Emergency Care,117,Direct Admission,Corporate Insurance,68848.17,Paid,Discharged
HP102935,09-12-2023,12-12-2023,Kavya Sharma,47,Male,AB+,Orthopedics,Dr. Asha Nair,Asthma,Surgery,112,Day Care,Private Insurance,131996.26,Paid,Admitted
HP102936,04-08-2021,16-08-2021,Pooja Reddy,74,Male,A+,Pediatrics,Dr. Neha Shah,Pregnancy Care,Chemotherapy,507,Maternity / Obstetric,Private Insurance,148464.26,Pending,Discharged
HP102937,20-09-2025,01-10-2025,Isha Joshi,51,Female,AB+,Neurology,Dr. Asha Nair,Diabetes,Chemotherapy,313,Surgical Admission,Self Pay,132390.83,Partial,Discharged
HP102938,12-05-2025,20-05-2025,Sneha Verma,45,Male,AB+,General Medicine,Dr. Kiran Shetty,Chest Pain,Observation,409,Observation,Corporate Insurance,11760.36,Paid,Discharged
HP102939,08-06-2021,11-06-2021,Sneha Sharma,75,Male,O-,Orthopedics,Dr. Meena Shah,Asthma,Radiation Therapy,104,ICU Admission,Government Insurance,141932.02,Paid,Discharged
HP102940,17-11-2022,24-11-2022,Neha Gupta,34,Male,O-,Neurology,Dr. Kiran Shetty,Pregnancy Care,Physiotherapy,414,Post-Operative Admission,Private Insurance,19933.4,Paid,Discharged
HP102941,12-11-2025,19-11-2025,Aditya Shetty,21,Female,B-,Gynecology,Dr. Sameer Khan,Chest Pain,Routine Treatment,201,Readmission,Private Insurance,69844.72,Pending,Discharged
HP102942,15-08-2026,22-08-2026,Sneha Sharma,13,Female,AB+,Orthopedics,Dr. Sneha Rao,Arthritis,IV Therapy,302,Trauma / Accident,Corporate Insurance,48112.87,Partial,Admitted
HP102943,18-01-2026,31-01-2026,Aarav Gupta,54,Male,A-,General Medicine,Dr. Sameer Khan,Stroke,Physiotherapy,514,Elective Admission,Private Insurance,27684.52,Paid,Under Treatment
HP102944,09-05-2025,16-05-2025,Aisha Patil,25,Female,B+,Gynecology,Dr. Suresh Patil,Chest Pain,Routine Treatment,120,Emergency,Private Insurance,29829.43,Paid,Under Treatment
HP102945,24-08-2025,07-09-2025,Meera Nayak,21,Female,B+,Pediatrics,Dr. Sneha Rao,Pregnancy Care,Surgery,415,Scheduled / Planned,Private Insurance,55145.92,Paid,Under Treatment
HP102946,01-05-2026,03-05-2026,Ananya Desai,1,Male,B+,General Medicine,Dr. Raj Malhotra,Chest Pain,Surgery,401,OPD,Self Pay,8682.14,Paid,Discharged
HP102947,25-08-2026,04-09-2026,Priya Reddy,58,Female,AB-,General Medicine,Dr. Kavita Nair,Hypertension,Physiotherapy,304,Referral,Private Insurance,14375.18,Paid,Discharged
HP102948,20-02-2024,23-02-2024,Isha Sharma,69,Female,O-,Neurology,Dr. Sneha Rao,Diabetes,Routine Treatment,105,Transfer from Another Hospital,Private Insurance,108570.58,Partial,Under Treatment
HP102949,01-05-2025,11-05-2025,Kiran Nayak,71,Female,O+,Oncology,Dr. Meena Shah,Heart Disease,Physiotherapy,209,Direct Admission,Self Pay,95803.74,Paid,Under Treatment
HP102950,17-04-2026,26-04-2026,Ananya Nayak,13,Male,O+,General Medicine,Dr. Meena Shah,Migraine,IV Therapy,114,Day Care,Government Insurance,19406.88,Paid,Discharged
HP102951,24-10-2025,27-10-2025,Pooja Kulkarni,52,Other,B-,ENT,Dr. Anil Rao,Stroke,Routine Treatment,407,Maternity / Obstetric,Private Insurance,67689.94,Paid,Discharged
HP102952,13-08-2026,15-08-2026,Vivaan Kulkarni,23,Female,O+,Pediatrics,Dr. Anil Rao,Stroke,Emergency Care,210,Surgical Admission,Self Pay,93117.85,Paid,Discharged
HP102953,17-09-2023,26-09-2023,Arjun Joshi,21,Female,B-,Oncology,Dr. Manish Gupta,Sinusitis,Emergency Care,404,Observation,Self Pay,19158.31,Paid,Discharged
HP102954,22-03-2025,04-04-2025,Kiran Joshi,6,Female,B+,Oncology,Dr. Anil Rao,Heart Disease,Medication,311,ICU Admission,Government Insurance,145939.53,Paid,Under Treatment
HP102955,22-01-2024,01-02-2024,Diya Reddy,20,Male,O-,ENT,Dr. Priya Desai,Hypertension,Surgery,208,Post-Operative Admission,Corporate Insurance,128032.94,Paid,Under Treatment
HP102956,08-05-2022,17-05-2022,Isha Kulkarni,76,Female,A+,Gynecology,Dr. Suresh Patil,Pregnancy Care,Routine Treatment,106,Readmission,Private Insurance,37950.76,Paid,Under Treatment
HP102957,12-09-2022,16-09-2022,Meera Gupta,40,Female,AB-,Oncology,Dr. Kiran Shetty,Skin Infection,Radiation Therapy,409,Trauma / Accident,Private Insurance,80235.18,Partial,Discharged
HP102958,29-09-2026,13-10-2026,Diya Gupta,9,Male,B+,Pediatrics,Dr. Asha Nair,Cancer,Surgery,106,Elective Admission,Government Insurance,78614.22,Partial,Under Treatment
HP102959,27-03-2025,08-04-2025,Aditya Nayak,50,Male,O-,General Medicine,Dr. Suresh Patil,Chest Pain,IV Therapy,205,Emergency,Self Pay,53460.57,Paid,Discharged
HP102960,13-05-2023,22-05-2023,Neha Sharma,28,Male,AB+,Oncology,Dr. Anil Rao,Migraine,IV Therapy,203,Scheduled / Planned,Corporate Insurance,115147.21,Paid,Referred
HP102961,19-08-2025,22-08-2025,Aisha Kulkarni,11,Female,O-,Emergency,Dr. Manish Gupta,Stroke,Emergency Care,111,OPD,Self Pay,100451.46,Paid,Referred
HP102962,25-05-2025,01-06-2025,Sneha Nayak,75,Female,O+,Oncology,Dr. Asha Nair,Migraine,Observation,207,Referral,Self Pay,130311.51,Partial,Admitted
HP102963,03-08-2022,10-08-2022,Rohan Nayak,56,Female,B+,Pediatrics,Dr. Priya Desai,Asthma,Routine Treatment,509,Transfer from Another Hospital,Government Insurance,5739.54,Pending,Discharged
HP102964,06-03-2026,21-03-2026,Pooja Reddy,79,Male,O+,Oncology,Dr. Asha Nair,Arthritis,IV Therapy,516,Direct Admission,Government Insurance,92580.4,Paid,Under Treatment
HP102965,29-06-2024,10-07-2024,Sneha Patil,35,Female,B+,Gynecology,Dr. Meena Shah,Skin Infection,Observation,408,Day Care,Corporate Insurance,148949.81,Paid,Discharged
HP102966,30-01-2026,07-02-2026,Ananya Joshi,81,Female,O+,Dermatology,Dr. Kiran Shetty,Hypertension,Routine Treatment,214,Maternity / Obstetric,Self Pay,119434.65,Paid,Discharged
HP102967,17-09-2024,27-09-2024,Rohan Desai,25,Male,A+,Cardiology,Dr. Asha Nair,Skin Infection,Surgery,510,Surgical Admission,Private Insurance,54925.81,Partial,Discharged
HP102968,08-03-2024,23-03-2024,Vikram Reddy,19,Male,B-,Emergency,Dr. Priya Desai,Fracture,Surgery,414,Observation,Private Insurance,27634.59,Partial,Under Treatment
HP102969,23-12-2021,27-12-2021,Diya Shetty,31,Male,O-,ENT,Dr. Anil Rao,Cancer,Physiotherapy,104,ICU Admission,Self Pay,67100.54,Partial,Discharged
HP102970,13-06-2025,16-06-2025,Isha Desai,81,Female,O+,Pediatrics,Dr. Anil Rao,Sinusitis,Observation,515,Post-Operative Admission,Private Insurance,66519.07,Paid,Under Treatment
HP102971,30-06-2026,03-07-2026,Pooja Desai,50,Female,B-,Orthopedics,Dr. Kiran Shetty,Diabetes,Routine Treatment,309,Readmission,Self Pay,89864.67,Paid,Under Treatment
HP102972,20-05-2023,04-06-2023,Aditya Shetty,63,Other,AB+,Pediatrics,Dr. Manish Gupta,Heart Disease,IV Therapy,320,Trauma / Accident,Self Pay,14579.55,Paid,Discharged
HP102973,05-06-2023,17-06-2023,Diya Desai,47,Male,B+,Pediatrics,Dr. Suresh Patil,Arthritis,Surgery,201,Elective Admission,Corporate Insurance,61142.77,Paid,Discharged
HP102974,25-06-2026,30-06-2026,Neha Patil,1,Female,A-,Emergency,Dr. Sneha Rao,Arthritis,Physiotherapy,520,Emergency,Private Insurance,128945.16,Paid,Discharged
HP102975,14-11-2024,25-11-2024,Vikram Desai,58,Female,AB+,Dermatology,Dr. Kavita Nair,Hypertension,Radiation Therapy,104,Scheduled / Planned,Corporate Insurance,98325.24,Pending,Discharged
HP102976,07-07-2024,22-07-2024,Vivaan Reddy,10,Male,O+,Neurology,Dr. Kiran Shetty,Fever,Emergency Care,505,OPD,Private Insurance,68031.1,Pending,Discharged
HP102977,12-09-2022,26-09-2022,Vikram Shetty,8,Male,B-,Pediatrics,Dr. Suresh Patil,Skin Infection,IV Therapy,414,Referral,Government Insurance,49986.23,Paid,Discharged
HP102978,02-06-2023,03-06-2023,Vikram Joshi,26,Female,A+,Emergency,Dr. Kiran Shetty,Asthma,Observation,102,Transfer from Another Hospital,Corporate Insurance,45568.13,Paid,Discharged
HP102979,08-03-2023,18-03-2023,Aisha Desai,34,Female,O+,Neurology,Dr. Raj Malhotra,Diabetes,Observation,205,Direct Admission,Private Insurance,113520.72,Paid,Discharged
HP102980,13-12-2026,16-12-2026,Aarav Joshi,19,Male,B-,ENT,Dr. Meena Shah,Diabetes,Radiation Therapy,113,Day Care,Private Insurance,67158.46,Paid,Discharged
HP102981,20-07-2024,03-08-2024,Neha Patil,78,Male,B-,Orthopedics,Dr. Meena Shah,Diabetes,Emergency Care,513,Maternity / Obstetric,Private Insurance,40702.81,Partial,Discharged
HP102982,11-09-2022,17-09-2022,Sneha Sharma,72,Female,O+,General Medicine,Dr. Suresh Patil,Stroke,IV Therapy,409,Surgical Admission,Private Insurance,122844.63,Paid,Discharged
HP102983,09-01-2026,12-01-2026,Kiran Kulkarni,1,Female,A+,Neurology,Dr. Kavita Nair,Migraine,IV Therapy,103,Observation,Self Pay,43513.09,Paid,Discharged
HP102984,02-09-2021,07-09-2021,Aarav Nayak,48,Female,B+,Emergency,Dr. Meena Shah,Heart Disease,Emergency Care,212,ICU Admission,Corporate Insurance,14343.73,Paid,Discharged
HP102985,19-07-2023,28-07-2023,Kiran Patil,25,Male,B+,Gynecology,Dr. Suresh Patil,Arthritis,Physiotherapy,116,Post-Operative Admission,Private Insurance,84473.46,Paid,Discharged
HP102986,24-06-2024,26-06-2024,Kiran Kulkarni,24,Male,O+,Emergency,Dr. Kiran Shetty,Chest Pain,Chemotherapy,518,Readmission,Self Pay,45462.6,Pending,Discharged
HP102987,04-06-2022,15-06-2022,Kavya Verma,47,Male,O+,ENT,Dr. Neha Shah,Stroke,Medication,402,Trauma / Accident,Corporate Insurance,5708.11,Paid,Discharged
HP102988,08-01-2021,10-01-2021,Rohan Shetty,84,Female,O+,Emergency,Dr. Asha Nair,Chest Pain,IV Therapy,301,Elective Admission,Self Pay,77726.04,Paid,Under Treatment
HP102989,13-07-2026,25-07-2026,Aarav Sharma,69,Female,B-,Pediatrics,Dr. Neha Shah,Cancer,Emergency Care,203,Emergency,Government Insurance,134708.89,Paid,Discharged
HP102990,10-05-2022,16-05-2022,Aisha Nayak,67,Female,O+,Gynecology,Dr. Neha Shah,Diabetes,Surgery,417,Scheduled / Planned,Corporate Insurance,98399.43,Paid,Referred
HP102991,18-06-2025,24-06-2025,Aarav Desai,32,Male,AB+,Dermatology,Dr. Asha Nair,Diabetes,Surgery,207,OPD,Self Pay,7632.38,Paid,Referred
HP102992,29-11-2023,10-12-2023,Ananya Verma,17,Female,A-,Pediatrics,Dr. Neha Shah,Migraine,Routine Treatment,215,Referral,Corporate Insurance,59921.14,Paid,Discharged
HP102993,06-07-2021,17-07-2021,Aisha Shetty,61,Female,O+,Cardiology,Dr. Kavita Nair,Pregnancy Care,Surgery,106,Transfer from Another Hospital,Private Insurance,40820.96,Paid,Discharged
HP102994,21-02-2026,01-03-2026,Priya Sharma,69,Female,AB+,Emergency,Dr. Asha Nair,Heart Disease,Physiotherapy,420,Direct Admission,Government Insurance,102214.17,Paid,Discharged
HP102995,11-11-2026,23-11-2026,Diya Patil,11,Female,AB-,Neurology,Dr. Meena Shah,Chest Pain,Medication,508,Day Care,Government Insurance,71251.92,Partial,Discharged
HP102996,27-03-2021,09-04-2021,Kiran Joshi,38,Female,AB+,Dermatology,Dr. Neha Shah,Chest Pain,Routine Treatment,403,Maternity / Obstetric,Government Insurance,30046.38,Paid,Under Treatment
HP102997,17-05-2021,28-05-2021,Vivaan Kulkarni,68,Female,B-,ENT,Dr. Neha Shah,Arthritis,Medication,118,Surgical Admission,Self Pay,71161.74,Paid,Referred
HP102998,23-10-2026,06-11-2026,Rahul Gupta,19,Male,B-,ENT,Dr. Sameer Khan,Fever,Observation,505,Observation,Self Pay,140052.16,Pending,Discharged
HP102999,25-06-2025,27-06-2025,Ananya Nayak,17,Female,A-,Cardiology,Dr. Raj Malhotra,Heart Disease,Chemotherapy,306,ICU Admission,Self Pay,64565.77,Paid,Discharged
HP103000,18-10-2025,27-10-2025,Priya Verma,13,Male,A-,Oncology,Dr. Priya Desai,Hypertension,Surgery,220,Post-Operative Admission,Government Insurance,131198.02,Paid,Under Treatment
HP103001,23-11-2025,08-12-2025,Ananya Nayak,1,Female,A-,Dermatology,Dr. Manish Gupta,Arthritis,Radiation Therapy,409,Readmission,Corporate Insurance,73938.81,Pending,Discharged
HP103002,22-05-2023,24-05-2023,Neha Patil,2,Female,B-,Emergency,Dr. Sneha Rao,Hypertension,Radiation Therapy,408,Trauma / Accident,Corporate Insurance,114859.16,Paid,Discharged
HP103003,02-08-2023,15-08-2023,Aarav Verma,82,Male,B-,Orthopedics,Dr. Raj Malhotra,Asthma,Physiotherapy,213,Elective Admission,Self Pay,118948.15,Pending,Discharged
HP103004,15-06-2025,16-06-2025,Ananya Nayak,66,Female,AB+,ENT,Dr. Suresh Patil,Heart Disease,Observation,104,Emergency,Corporate Insurance,115308.06,Pending,Discharged
HP103005,15-12-2021,25-12-2021,Rohan Kulkarni,68,Female,B-,ENT,Dr. Anil Rao,Cancer,Chemotherapy,205,Scheduled / Planned,Self Pay,97582.27,Paid,Admitted
HP103006,04-08-2025,06-08-2025,Arjun Sharma,16,Female,AB-,Emergency,Dr. Sameer Khan,Heart Disease,IV Therapy,216,OPD,Corporate Insurance,143110.8,Paid,Discharged
HP103007,11-04-2024,23-04-2024,Pooja Verma,4,Female,B+,ENT,Dr. Raj Malhotra,Migraine,IV Therapy,215,Referral,Corporate Insurance,139643.79,Paid,Discharged
HP103008,10-01-2021,17-01-2021,Aditya Reddy,57,Female,B+,Pediatrics,Dr. Manish Gupta,Asthma,Surgery,104,Transfer from Another Hospital,Government Insurance,48903.64,Paid,Discharged
HP103009,01-01-2025,09-01-2025,Aarav Desai,73,Female,A-,Pediatrics,Dr. Asha Nair,Chest Pain,Emergency Care,503,Direct Admission,Corporate Insurance,105725.87,Partial,Discharged
HP103010,29-10-2022,03-11-2022,Pooja Shetty,85,Male,B-,Orthopedics,Dr. Raj Malhotra,Arthritis,Observation,509,Day Care,Government Insurance,101394.56,Paid,Discharged
HP103011,03-03-2025,09-03-2025,Vivaan Gupta,23,Male,AB-,Gynecology,Dr. Asha Nair,Diabetes,IV Therapy,413,Maternity / Obstetric,Private Insurance,34037.85,Paid,Discharged
HP103012,17-12-2026,29-12-2026,Neha Reddy,2,Male,O-,Oncology,Dr. Neha Shah,Arthritis,IV Therapy,407,Surgical Admission,Corporate Insurance,43434.87,Paid,Discharged
HP103013,24-08-2022,25-08-2022,Vivaan Nayak,67,Female,B+,Orthopedics,Dr. Priya Desai,Skin Infection,Surgery,115,Observation,Corporate Insurance,50059.33,Pending,Discharged
HP103014,23-11-2021,08-12-2021,Meera Sharma,26,Male,AB+,Neurology,Dr. Sneha Rao,Migraine,Radiation Therapy,215,ICU Admission,Government Insurance,53080.02,Partial,Referred
HP103015,07-09-2023,13-09-2023,Aarav Joshi,7,Female,O-,Dermatology,Dr. Priya Desai,Migraine,Medication,305,Post-Operative Admission,Government Insurance,128882.59,Paid,Admitted
HP103016,21-09-2022,03-10-2022,Pooja Nayak,44,Male,A+,Oncology,Dr. Asha Nair,Hypertension,Surgery,405,Readmission,Government Insurance,114816.21,Pending,Under Treatment
HP103017,18-06-2025,03-07-2025,Aarav Gupta,33,Female,O+,Orthopedics,Dr. Sneha Rao,Infection,Chemotherapy,110,Trauma / Accident,Private Insurance,122121.49,Paid,Under Treatment
HP103018,01-10-2021,09-10-2021,Priya Sharma,64,Male,AB+,General Medicine,Dr. Kiran Shetty,Skin Infection,Chemotherapy,113,Elective Admission,Private Insurance,137388.61,Paid,Under Treatment
HP103019,16-11-2022,29-11-2022,Diya Verma,36,Female,A+,Oncology,Dr. Anil Rao,Skin Infection,Surgery,407,Emergency,Private Insurance,79579.6,Paid,Under Treatment
HP103020,26-04-2021,29-04-2021,Kiran Nayak,4,Female,AB-,ENT,Dr. Raj Malhotra,Skin Infection,Medication,105,Scheduled / Planned,Government Insurance,126137.64,Paid,Discharged
HP103021,11-05-2023,22-05-2023,Meera Desai,23,Female,AB+,Cardiology,Dr. Raj Malhotra,Skin Infection,Medication,413,OPD,Private Insurance,105824.12,Paid,Discharged
HP103022,27-06-2026,28-06-2026,Isha Patil,25,Female,B+,Emergency,Dr. Raj Malhotra,Fever,Medication,319,Referral,Corporate Insurance,72395.04,Paid,Under Treatment
HP103023,24-11-2022,05-12-2022,Pooja Sharma,85,Female,B-,Gynecology,Dr. Kavita Nair,Stroke,Emergency Care,215,Transfer from Another Hospital,Corporate Insurance,33108.83,Pending,Discharged
HP103024,11-01-2024,15-01-2024,Aditya Shetty,74,Female,A+,Neurology,Dr. Anil Rao,Skin Infection,Chemotherapy,220,Direct Admission,Government Insurance,67389.37,Paid,Discharged
HP103025,02-12-2026,03-12-2026,Aarav Patil,27,Female,B-,Orthopedics,Dr. Sameer Khan,Fever,Surgery,414,Day Care,Self Pay,34953.89,Paid,Discharged
HP103026,28-11-2025,12-12-2025,Aisha Joshi,51,Male,AB-,Pediatrics,Dr. Meena Shah,Fever,Emergency Care,419,Maternity / Obstetric,Corporate Insurance,46639.08,Paid,Under Treatment
HP103027,03-06-2021,11-06-2021,Neha Kulkarni,79,Female,O+,Gynecology,Dr. Manish Gupta,Stroke,Observation,111,Surgical Admission,Private Insurance,46109.61,Pending,Under Treatment
HP103028,16-03-2026,21-03-2026,Diya Desai,81,Female,O+,Emergency,Dr. Suresh Patil,Fracture,Routine Treatment,307,Observation,Self Pay,115349.83,Paid,Under Treatment
HP103029,28-11-2024,29-11-2024,Priya Shetty,69,Male,B-,Neurology,Dr. Sameer Khan,Arthritis,Radiation Therapy,308,ICU Admission,Corporate Insurance,78629.39,Partial,Discharged
HP103030,13-07-2024,27-07-2024,Rohan Joshi,80,Female,B+,Pediatrics,Dr. Priya Desai,Stroke,Radiation Therapy,211,Post-Operative Admission,Corporate Insurance,120005.71,Paid,Discharged
HP103031,11-11-2021,19-11-2021,Sneha Kulkarni,23,Female,AB-,Dermatology,Dr. Neha Shah,Asthma,Surgery,120,Readmission,Corporate Insurance,132224.06,Pending,Admitted
HP103032,01-12-2023,10-12-2023,Neha Joshi,9,Female,O-,Dermatology,Dr. Meena Shah,Pregnancy Care,IV Therapy,207,Trauma / Accident,Government Insurance,93692.11,Paid,Under Treatment
HP103033,15-04-2021,25-04-2021,Sneha Patil,33,Female,O+,General Medicine,Dr. Manish Gupta,Infection,Surgery,319,Elective Admission,Self Pay,64044.72,Paid,Discharged
HP103034,09-04-2026,11-04-2026,Meera Kulkarni,35,Male,A-,Orthopedics,Dr. Neha Shah,Asthma,Physiotherapy,404,Emergency,Private Insurance,129231.97,Paid,Under Treatment
HP103035,29-03-2026,07-04-2026,Pooja Patil,50,Male,A-,ENT,Dr. Sneha Rao,Asthma,Radiation Therapy,206,Scheduled / Planned,Corporate Insurance,87292.61,Partial,Discharged
HP103036,01-05-2024,09-05-2024,Pooja Sharma,24,Male,A+,Neurology,Dr. Neha Shah,Hypertension,IV Therapy,104,OPD,Private Insurance,129255.83,Paid,Under Treatment
HP103037,25-11-2024,02-12-2024,Meera Patil,24,Male,B+,Pediatrics,Dr. Kavita Nair,Arthritis,Observation,107,Referral,Government Insurance,43486.23,Pending,Under Treatment
HP103038,08-11-2025,11-11-2025,Kavya Desai,19,Female,B-,Oncology,Dr. Sneha Rao,Hypertension,IV Therapy,306,Transfer from Another Hospital,Private Insurance,87035.02,Pending,Discharged
HP103039,15-05-2026,17-05-2026,Rahul Sharma,39,Male,AB+,Pediatrics,Dr. Anil Rao,Sinusitis,Radiation Therapy,305,Direct Admission,Self Pay,35703.5,Paid,Discharged
HP103040,23-05-2025,30-05-2025,Diya Desai,61,Female,O-,Cardiology,Dr. Asha Nair,Diabetes,Chemotherapy,402,Day Care,Self Pay,106261.79,Partial,Under Treatment
HP103041,10-12-2022,25-12-2022,Aarav Shetty,25,Female,AB+,Dermatology,Dr. Sneha Rao,Arthritis,Emergency Care,209,Maternity / Obstetric,Private Insurance,90099.2,Partial,Discharged
HP103042,13-10-2022,18-10-2022,Priya Nayak,25,Female,AB-,General Medicine,Dr. Sneha Rao,Chest Pain,Surgery,409,Surgical Admission,Private Insurance,85619.96,Paid,Discharged
HP103043,05-08-2023,11-08-2023,Kiran Patil,27,Male,A+,Oncology,Dr. Meena Shah,Skin Infection,IV Therapy,107,Observation,Government Insurance,97670.66,Paid,Referred
HP103044,23-10-2022,27-10-2022,Diya Verma,32,Male,A+,Neurology,Dr. Kiran Shetty,Hypertension,Routine Treatment,202,ICU Admission,Self Pay,59433.42,Pending,Discharged
HP103045,17-11-2026,19-11-2026,Neha Joshi,11,Male,A+,ENT,Dr. Neha Shah,Fever,Routine Treatment,404,Post-Operative Admission,Corporate Insurance,32836.59,Paid,Discharged
HP103046,07-02-2024,16-02-2024,Pooja Nayak,69,Male,B+,General Medicine,Dr. Sameer Khan,Heart Disease,Routine Treatment,508,Readmission,Private Insurance,121929.84,Partial,Discharged
HP103047,01-12-2022,04-12-2022,Vikram Patil,33,Other,AB+,Cardiology,Dr. Asha Nair,Hypertension,Physiotherapy,314,Trauma / Accident,Self Pay,60733.62,Partial,Under Treatment
HP103048,01-08-2026,13-08-2026,Rahul Desai,19,Female,AB-,ENT,Dr. Anil Rao,Migraine,Routine Treatment,516,Elective Admission,Government Insurance,148395.74,Paid,Under Treatment
HP103049,06-07-2022,20-07-2022,Vivaan Gupta,16,Male,O-,Dermatology,Dr. Sameer Khan,Cancer,Routine Treatment,211,Emergency,Corporate Insurance,74745.32,Paid,Discharged
HP103050,09-02-2022,16-02-2022,Arjun Shetty,11,Female,B+,Orthopedics,Dr. Anil Rao,Fracture,IV Therapy,306,Scheduled / Planned,Self Pay,76052.05,Pending,Under Treatment
HP103051,07-04-2022,21-04-2022,Kavya Sharma,75,Male,AB-,Orthopedics,Dr. Suresh Patil,Asthma,Emergency Care,112,OPD,Government Insurance,103283.67,Partial,Discharged
HP103052,20-12-2026,28-12-2026,Pooja Verma,74,Female,B+,Dermatology,Dr. Meena Shah,Arthritis,Chemotherapy,209,Referral,Corporate Insurance,101676.89,Paid,Under Treatment
HP103053,24-05-2023,26-05-2023,Aarav Desai,69,Male,O-,Neurology,Dr. Anil Rao,Cancer,Emergency Care,103,Transfer from Another Hospital,Self Pay,31175.22,Partial,Discharged
HP103054,25-03-2021,08-04-2021,Aisha Joshi,55,Female,O-,Pediatrics,Dr. Kiran Shetty,Pregnancy Care,IV Therapy,320,Direct Admission,Government Insurance,44484.99,Paid,Under Treatment
HP103055,23-11-2024,29-11-2024,Vivaan Joshi,25,Male,B-,Dermatology,Dr. Manish Gupta,Fracture,Medication,108,Day Care,Private Insurance,38569.88,Paid,Discharged
HP103056,09-08-2021,20-08-2021,Neha Reddy,77,Male,B+,Gynecology,Dr. Sameer Khan,Cancer,Observation,502,Maternity / Obstetric,Private Insurance,12743.74,Paid,Admitted
HP103057,23-10-2024,31-10-2024,Sneha Patil,34,Male,B+,Oncology,Dr. Asha Nair,Fever,Radiation Therapy,513,Surgical Admission,Government Insurance,8249.61,Pending,Under Treatment
HP103058,22-04-2021,29-04-2021,Arjun Sharma,12,Male,O-,Dermatology,Dr. Manish Gupta,Heart Disease,Radiation Therapy,413,Observation,Corporate Insurance,98523.77,Paid,Discharged
HP103059,07-09-2022,18-09-2022,Neha Patil,21,Female,B-,Neurology,Dr. Kavita Nair,Fracture,Emergency Care,303,ICU Admission,Self Pay,77295.76,Paid,Discharged
HP103060,01-05-2025,04-05-2025,Isha Kulkarni,29,Male,A-,Dermatology,Dr. Meena Shah,Fever,Physiotherapy,410,Post-Operative Admission,Corporate Insurance,134716.37,Paid,Discharged
HP103061,20-04-2022,21-04-2022,Neha Desai,51,Female,B-,Neurology,Dr. Suresh Patil,Infection,Radiation Therapy,202,Readmission,Self Pay,48611.83,Partial,Discharged
HP103062,29-03-2026,12-04-2026,Aditya Reddy,23,Female,A+,Dermatology,Dr. Manish Gupta,Hypertension,Chemotherapy,303,Trauma / Accident,Self Pay,119189.46,Paid,Discharged
HP103063,28-09-2021,04-10-2021,Kiran Reddy,33,Female,O+,ENT,Dr. Sameer Khan,Diabetes,Routine Treatment,404,Elective Admission,Corporate Insurance,19957.33,Pending,Discharged
HP103064,05-04-2026,13-04-2026,Aarav Kulkarni,8,Female,A-,Oncology,Dr. Manish Gupta,Asthma,Physiotherapy,411,Emergency,Private Insurance,123384.04,Paid,Discharged
HP103065,22-10-2024,28-10-2024,Kiran Joshi,42,Male,O+,ENT,Dr. Priya Desai,Fever,Emergency Care,317,Scheduled / Planned,Private Insurance,138568.96,Paid,Discharged
HP103066,09-02-2021,14-02-2021,Sneha Joshi,77,Female,O-,Pediatrics,Dr. Asha Nair,Fracture,Medication,114,OPD,Self Pay,95963.91,Pending,Discharged
HP103067,06-06-2026,17-06-2026,Aisha Verma,69,Female,AB+,Dermatology,Dr. Sneha Rao,Pregnancy Care,Radiation Therapy,214,Referral,Private Insurance,111714.22,Partial,Discharged
HP103068,21-09-2023,03-10-2023,Arjun Sharma,41,Female,O-,ENT,Dr. Sneha Rao,Hypertension,Surgery,302,Transfer from Another Hospital,Private Insurance,148230.24,Paid,Discharged
HP103069,06-07-2026,14-07-2026,Ananya Reddy,74,Female,O+,General Medicine,Dr. Anil Rao,Cancer,IV Therapy,501,Direct Admission,Private Insurance,59837.12,Paid,Discharged
HP103070,17-10-2021,19-10-2021,Vikram Patil,63,Female,AB-,Neurology,Dr. Raj Malhotra,Fever,Emergency Care,410,Day Care,Corporate Insurance,9257.38,Partial,Discharged
HP103071,06-10-2021,21-10-2021,Kiran Reddy,14,Male,B+,Dermatology,Dr. Raj Malhotra,Hypertension,Observation,512,Maternity / Obstetric,Government Insurance,103977.44,Paid,Discharged
HP103072,04-08-2022,16-08-2022,Aisha Patil,62,Female,A-,Cardiology,Dr. Sneha Rao,Sinusitis,Routine Treatment,503,Surgical Admission,Government Insurance,6932.82,Paid,Under Treatment
HP103073,13-05-2023,28-05-2023,Arjun Joshi,75,Female,AB+,Neurology,Dr. Manish Gupta,Skin Infection,Physiotherapy,319,Observation,Private Insurance,87405.13,Partial,Discharged
HP103074,11-09-2021,12-09-2021,Pooja Kulkarni,46,Male,B-,Oncology,Dr. Meena Shah,Migraine,Surgery,404,ICU Admission,Private Insurance,91634.3,Paid,Admitted
HP103075,30-06-2021,01-07-2021,Vivaan Kulkarni,67,Female,B-,Dermatology,Dr. Kiran Shetty,Hypertension,Physiotherapy,314,Post-Operative Admission,Corporate Insurance,89752.6,Paid,Discharged
HP103076,12-11-2022,27-11-2022,Rohan Patil,53,Male,A+,Oncology,Dr. Sneha Rao,Pregnancy Care,IV Therapy,408,Readmission,Private Insurance,29058.24,Pending,Discharged
HP103077,05-04-2023,19-04-2023,Vivaan Patil,52,Male,O+,Cardiology,Dr. Neha Shah,Arthritis,Medication,319,Trauma / Accident,Self Pay,16118.03,Paid,Under Treatment
HP103078,01-12-2022,05-12-2022,Aisha Verma,7,Female,A+,Dermatology,Dr. Anil Rao,Chest Pain,Observation,115,Elective Admission,Government Insurance,136622.83,Paid,Discharged
HP103079,11-09-2024,17-09-2024,Isha Shetty,81,Female,O-,Pediatrics,Dr. Manish Gupta,Sinusitis,Medication,309,Emergency,Self Pay,83532.19,Paid,Admitted
HP103080,12-10-2024,25-10-2024,Sneha Desai,84,Female,A-,Orthopedics,Dr. Meena Shah,Asthma,Routine Treatment,318,Scheduled / Planned,Corporate Insurance,51847.19,Pending,Admitted
HP103081,01-08-2025,10-08-2025,Vivaan Reddy,54,Female,O-,Neurology,Dr. Sameer Khan,Arthritis,Physiotherapy,316,OPD,Private Insurance,116903.07,Pending,Discharged
HP103082,27-06-2025,28-06-2025,Pooja Shetty,11,Male,O+,Dermatology,Dr. Priya Desai,Skin Infection,Surgery,403,Referral,Corporate Insurance,138639.87,Paid,Discharged
HP103083,12-05-2026,24-05-2026,Neha Reddy,25,Female,AB-,Emergency,Dr. Meena Shah,Asthma,IV Therapy,213,Transfer from Another Hospital,Corporate Insurance,63611.36,Paid,Referred
HP103084,31-07-2021,01-08-2021,Kavya Kulkarni,59,Male,B+,Emergency,Dr. Manish Gupta,Fever,Medication,320,Direct Admission,Private Insurance,19254.26,Paid,Discharged
HP103085,19-03-2025,01-04-2025,Diya Nayak,66,Male,B-,Oncology,Dr. Meena Shah,Chest Pain,Chemotherapy,219,Day Care,Self Pay,105429.41,Paid,Admitted
HP103086,19-01-2022,01-02-2022,Rohan Verma,27,Male,O-,Oncology,Dr. Suresh Patil,Chest Pain,Routine Treatment,220,Maternity / Obstetric,Corporate Insurance,136591.51,Pending,Discharged
HP103087,11-09-2025,16-09-2025,Kiran Shetty,83,Female,A-,ENT,Dr. Sneha Rao,Heart Disease,Medication,418,Surgical Admission,Private Insurance,147159.02,Paid,Discharged
HP103088,08-12-2021,18-12-2021,Pooja Patil,58,Female,O+,Neurology,Dr. Kavita Nair,Chest Pain,Radiation Therapy,406,Observation,Government Insurance,122963.57,Paid,Discharged
HP103089,13-01-2026,18-01-2026,Arjun Sharma,11,Female,A-,Cardiology,Dr. Priya Desai,Pregnancy Care,Radiation Therapy,517,ICU Admission,Government Insurance,43891.42,Paid,Discharged
HP103090,11-06-2026,16-06-2026,Neha Kulkarni,55,Female,AB-,ENT,Dr. Manish Gupta,Asthma,Chemotherapy,412,Post-Operative Admission,Private Insurance,56941.93,Partial,Under Treatment
HP103091,24-04-2023,04-05-2023,Rohan Joshi,19,Male,O+,Neurology,Dr. Raj Malhotra,Fracture,Observation,105,Readmission,Government Insurance,24827.26,Pending,Referred
HP103092,15-03-2025,21-03-2025,Kavya Patil,39,Female,A-,General Medicine,Dr. Kavita Nair,Sinusitis,Chemotherapy,506,Trauma / Accident,Corporate Insurance,108348.11,Paid,Discharged
HP103093,24-02-2022,04-03-2022,Sneha Shetty,85,Male,A+,General Medicine,Dr. Kavita Nair,Infection,Surgery,408,Elective Admission,Private Insurance,29541.89,Paid,Discharged
HP103094,12-06-2026,15-06-2026,Neha Shetty,70,Male,AB-,Neurology,Dr. Kavita Nair,Diabetes,Emergency Care,416,Emergency,Private Insurance,67635.08,Paid,Discharged
HP103095,17-04-2026,26-04-2026,Ananya Joshi,11,Female,B-,General Medicine,Dr. Manish Gupta,Chest Pain,IV Therapy,515,Scheduled / Planned,Corporate Insurance,82104.56,Pending,Discharged
HP103096,24-01-2026,06-02-2026,Rohan Verma,14,Female,O+,Dermatology,Dr. Anil Rao,Arthritis,IV Therapy,413,OPD,Corporate Insurance,60467.24,Paid,Discharged
HP103097,02-11-2021,03-11-2021,Kavya Gupta,60,Female,O-,Gynecology,Dr. Kavita Nair,Migraine,Radiation Therapy,220,Referral,Private Insurance,26705.93,Partial,Discharged
HP103098,19-05-2023,23-05-2023,Pooja Joshi,36,Female,A+,Oncology,Dr. Kavita Nair,Fracture,Medication,418,Transfer from Another Hospital,Government Insurance,47023.96,Pending,Discharged
HP103099,10-02-2024,19-02-2024,Kavya Desai,41,Female,A+,Gynecology,Dr. Priya Desai,Diabetes,Radiation Therapy,509,Direct Admission,Self Pay,96750.93,Paid,Discharged
HP103100,05-12-2024,20-12-2024,Vikram Joshi,2,Female,AB-,General Medicine,Dr. Neha Shah,Chest Pain,Observation,112,Day Care,Government Insurance,110389.43,Paid,Discharged
HP103101,25-07-2021,08-08-2021,Kavya Shetty,57,Male,O-,Neurology,Dr. Kiran Shetty,Diabetes,Emergency Care,210,Maternity / Obstetric,Government Insurance,94122.24,Paid,Discharged
HP103102,11-05-2022,19-05-2022,Rohan Reddy,60,Male,AB-,Pediatrics,Dr. Priya Desai,Diabetes,Emergency Care,505,Surgical Admission,Self Pay,145034.04,Paid,Under Treatment
HP103103,25-03-2026,04-04-2026,Rahul Gupta,20,Male,A-,Orthopedics,Dr. Priya Desai,Arthritis,Medication,308,Observation,Corporate Insurance,93976.39,Pending,Discharged
HP103104,12-11-2023,21-11-2023,Rohan Desai,22,Male,O-,Orthopedics,Dr. Sneha Rao,Diabetes,Radiation Therapy,206,ICU Admission,Government Insurance,37674.23,Pending,Admitted
HP103105,01-08-2021,02-08-2021,Kavya Nayak,4,Male,AB+,General Medicine,Dr. Sneha Rao,Skin Infection,Observation,304,Post-Operative Admission,Private Insurance,76202.67,Paid,Admitted
HP103106,06-11-2021,15-11-2021,Vikram Verma,56,Other,AB+,Pediatrics,Dr. Anil Rao,Fever,Routine Treatment,206,Readmission,Government Insurance,126253.26,Paid,Discharged
HP103107,15-06-2026,18-06-2026,Neha Gupta,58,Female,AB+,Neurology,Dr. Asha Nair,Fever,Chemotherapy,512,Trauma / Accident,Corporate Insurance,52241.24,Paid,Under Treatment
HP103108,29-09-2021,10-10-2021,Diya Desai,65,Female,O+,Gynecology,Dr. Anil Rao,Diabetes,Observation,108,Elective Admission,Private Insurance,111869.46,Paid,Discharged
HP103109,28-12-2025,09-01-2026,Ananya Kulkarni,58,Male,O+,Gynecology,Dr. Neha Shah,Skin Infection,Medication,305,Emergency,Corporate Insurance,118852.83,Partial,Discharged
HP103110,11-09-2026,21-09-2026,Vivaan Reddy,30,Male,A-,ENT,Dr. Kavita Nair,Fever,Routine Treatment,206,Scheduled / Planned,Private Insurance,140424.96,Pending,Discharged
HP103111,19-03-2022,28-03-2022,Aarav Kulkarni,76,Male,B+,Neurology,Dr. Neha Shah,Arthritis,Emergency Care,208,OPD,Corporate Insurance,63170.43,Paid,Discharged
HP103112,11-09-2021,12-09-2021,Aditya Joshi,19,Female,O+,ENT,Dr. Asha Nair,Sinusitis,Emergency Care,204,Referral,Government Insurance,42616.52,Paid,Referred
HP103113,05-06-2022,06-06-2022,Rohan Sharma,62,Male,B-,ENT,Dr. Neha Shah,Cancer,Medication,116,Transfer from Another Hospital,Corporate Insurance,78652.5,Partial,Discharged
HP103114,04-09-2023,13-09-2023,Neha Reddy,68,Female,A-,General Medicine,Dr. Priya Desai,Sinusitis,IV Therapy,310,Direct Admission,Self Pay,149084.08,Paid,Discharged
HP103115,10-01-2021,21-01-2021,Isha Verma,79,Female,A-,Dermatology,Dr. Neha Shah,Sinusitis,Observation,208,Day Care,Government Insurance,135808.85,Paid,Discharged
HP103116,03-05-2025,17-05-2025,Meera Nayak,84,Female,O-,Dermatology,Dr. Kavita Nair,Fever,Medication,516,Maternity / Obstetric,Corporate Insurance,46173.48,Paid,Discharged
HP103117,09-02-2024,15-02-2024,Vikram Kulkarni,44,Male,A+,Cardiology,Dr. Raj Malhotra,Migraine,Chemotherapy,108,Surgical Admission,Government Insurance,33523.78,Pending,Admitted
HP103118,02-06-2021,06-06-2021,Ananya Nayak,84,Female,O-,Cardiology,Dr. Raj Malhotra,Pregnancy Care,Observation,404,Observation,Corporate Insurance,74158.9,Paid,Discharged
HP103119,17-07-2025,24-07-2025,Rohan Verma,61,Female,AB+,ENT,Dr. Asha Nair,Cancer,Physiotherapy,320,ICU Admission,Corporate Insurance,29037.3,Pending,Discharged
HP103120,31-01-2026,05-02-2026,Aditya Kulkarni,21,Female,AB-,Cardiology,Dr. Meena Shah,Chest Pain,Surgery,313,Post-Operative Admission,Government Insurance,114914.54,Paid,Discharged
HP103121,29-04-2024,09-05-2024,Rohan Nayak,10,Male,A-,Orthopedics,Dr. Manish Gupta,Hypertension,Radiation Therapy,210,Readmission,Private Insurance,10308.83,Paid,Under Treatment
HP103122,19-10-2025,02-11-2025,Isha Nayak,30,Male,B+,Gynecology,Dr. Priya Desai,Heart Disease,IV Therapy,109,Trauma / Accident,Private Insurance,37585.23,Paid,Discharged
HP103123,10-01-2024,17-01-2024,Aditya Nayak,24,Male,O+,ENT,Dr. Neha Shah,Hypertension,Routine Treatment,112,Elective Admission,Corporate Insurance,7642.02,Paid,Discharged
HP103124,14-06-2023,22-06-2023,Kavya Nayak,48,Female,B-,Pediatrics,Dr. Neha Shah,Cancer,IV Therapy,215,Emergency,Self Pay,37877.05,Paid,Admitted
HP103125,17-01-2024,25-01-2024,Diya Gupta,55,Female,B+,Pediatrics,Dr. Asha Nair,Skin Infection,Medication,112,Scheduled / Planned,Self Pay,12585.28,Paid,Discharged
HP103126,14-04-2021,15-04-2021,Aisha Gupta,52,Other,A-,General Medicine,Dr. Asha Nair,Stroke,IV Therapy,203,OPD,Corporate Insurance,102665.09,Partial,Under Treatment
HP103127,30-03-2026,07-04-2026,Aisha Verma,38,Male,A-,General Medicine,Dr. Anil Rao,Diabetes,IV Therapy,313,Referral,Corporate Insurance,87689.7,Pending,Discharged
HP103128,04-10-2023,10-10-2023,Kiran Reddy,67,Male,A+,Dermatology,Dr. Sameer Khan,Hypertension,Radiation Therapy,408,Transfer from Another Hospital,Government Insurance,36017.51,Paid,Discharged
HP103129,11-02-2022,15-02-2022,Pooja Shetty,8,Female,B+,Gynecology,Dr. Sneha Rao,Hypertension,Emergency Care,419,Direct Admission,Self Pay,34736.19,Partial,Discharged
HP103130,02-11-2024,15-11-2024,Aarav Nayak,29,Male,A+,ENT,Dr. Anil Rao,Heart Disease,IV Therapy,407,Day Care,Government Insurance,47223.06,Partial,Discharged
HP103131,16-06-2021,30-06-2021,Aditya Reddy,10,Female,AB-,Gynecology,Dr. Neha Shah,Heart Disease,Radiation Therapy,119,Maternity / Obstetric,Private Insurance,120740.87,Paid,Under Treatment
HP103132,24-05-2022,05-06-2022,Arjun Joshi,69,Female,B+,Oncology,Dr. Raj Malhotra,Skin Infection,Medication,217,Surgical Admission,Government Insurance,26822.97,Paid,Discharged
HP103133,20-07-2025,28-07-2025,Arjun Gupta,75,Female,AB+,Dermatology,Dr. Anil Rao,Fracture,IV Therapy,215,Observation,Corporate Insurance,22646.62,Paid,Under Treatment
HP103134,02-02-2023,05-02-2023,Ananya Nayak,68,Female,AB-,Oncology,Dr. Asha Nair,Skin Infection,Physiotherapy,419,ICU Admission,Government Insurance,78667.3,Paid,Under Treatment
HP103135,12-11-2022,25-11-2022,Meera Sharma,49,Female,AB+,Oncology,Dr. Sneha Rao,Pregnancy Care,IV Therapy,501,Post-Operative Admission,Government Insurance,130417.77,Pending,Discharged
HP103136,22-10-2026,26-10-2026,Aarav Joshi,58,Other,B+,Pediatrics,Dr. Meena Shah,Pregnancy Care,Physiotherapy,518,Readmission,Government Insurance,37496.1,Paid,Discharged
HP103137,10-03-2024,25-03-2024,Isha Reddy,35,Male,A+,Gynecology,Dr. Sneha Rao,Fever,Observation,206,Trauma / Accident,Corporate Insurance,20407.16,Paid,Under Treatment
HP103138,05-08-2022,11-08-2022,Priya Kulkarni,50,Female,AB+,Cardiology,Dr. Suresh Patil,Hypertension,Routine Treatment,405,Elective Admission,Corporate Insurance,76294.84,Paid,Discharged
HP103139,19-09-2021,30-09-2021,Vikram Reddy,40,Female,A-,Orthopedics,Dr. Sneha Rao,Fever,Surgery,308,Emergency,Self Pay,111162.46,Paid,Discharged
HP103140,25-09-2024,02-10-2024,Diya Sharma,12,Female,O+,ENT,Dr. Kiran Shetty,Hypertension,Medication,113,Scheduled / Planned,Government Insurance,94656.74,Paid,Discharged
HP103141,24-08-2024,28-08-2024,Vikram Reddy,85,Female,B-,Orthopedics,Dr. Manish Gupta,Fever,Observation,303,OPD,Private Insurance,65634.02,Paid,Discharged
HP103142,19-03-2025,23-03-2025,Aarav Joshi,16,Other,O-,Cardiology,Dr. Sneha Rao,Fracture,Radiation Therapy,311,Referral,Government Insurance,10857.72,Paid,Discharged
HP103143,15-07-2022,22-07-2022,Kiran Nayak,78,Female,A+,Orthopedics,Dr. Meena Shah,Sinusitis,IV Therapy,210,Transfer from Another Hospital,Private Insurance,48586.03,Paid,Discharged
HP103144,05-01-2024,11-01-2024,Ananya Reddy,85,Male,AB-,General Medicine,Dr. Meena Shah,Stroke,Routine Treatment,409,Direct Admission,Self Pay,138291.46,Paid,Discharged
HP103145,19-03-2026,01-04-2026,Ananya Joshi,48,Female,O+,ENT,Dr. Sneha Rao,Sinusitis,Physiotherapy,312,Day Care,Government Insurance,37315.06,Paid,Discharged
HP103146,24-06-2021,05-07-2021,Aditya Joshi,1,Female,AB-,Emergency,Dr. Raj Malhotra,Heart Disease,Routine Treatment,409,Maternity / Obstetric,Private Insurance,94023.42,Paid,Under Treatment
HP103147,27-11-2026,05-12-2026,Diya Joshi,65,Female,B+,General Medicine,Dr. Kavita Nair,Heart Disease,Medication,217,Surgical Admission,Government Insurance,136579.2,Paid,Under Treatment
HP103148,11-07-2021,12-07-2021,Ananya Reddy,22,Male,AB-,Dermatology,Dr. Sneha Rao,Asthma,Surgery,302,Observation,Government Insurance,75775.87,Paid,Discharged
HP103149,06-03-2021,16-03-2021,Aarav Desai,15,Female,O-,Cardiology,Dr. Meena Shah,Fever,Routine Treatment,519,ICU Admission,Self Pay,69710.44,Paid,Discharged
HP103150,06-02-2025,19-02-2025,Ananya Desai,84,Male,B-,Emergency,Dr. Meena Shah,Fever,Routine Treatment,403,Post-Operative Admission,Private Insurance,25454.27,Paid,Discharged
HP103151,17-04-2025,28-04-2025,Rahul Kulkarni,67,Female,B-,General Medicine,Dr. Neha Shah,Stroke,IV Therapy,412,Readmission,Private Insurance,147188.69,Paid,Discharged
HP103152,26-02-2024,04-03-2024,Vikram Gupta,14,Male,A-,Emergency,Dr. Sameer Khan,Arthritis,Observation,202,Trauma / Accident,Corporate Insurance,30617.09,Partial,Discharged
HP103153,22-04-2026,04-05-2026,Priya Joshi,73,Female,AB-,Orthopedics,Dr. Anil Rao,Sinusitis,Routine Treatment,106,Elective Admission,Private Insurance,74811.37,Paid,Under Treatment
HP103154,04-01-2022,11-01-2022,Arjun Desai,19,Male,A+,Pediatrics,Dr. Manish Gupta,Arthritis,Surgery,505,Emergency,Government Insurance,29842.76,Paid,Discharged
HP103155,01-05-2023,12-05-2023,Diya Verma,40,Male,B-,Cardiology,Dr. Manish Gupta,Infection,Physiotherapy,508,Scheduled / Planned,Self Pay,55515.61,Paid,Under Treatment
HP103156,12-02-2021,19-02-2021,Kiran Desai,4,Female,A+,Orthopedics,Dr. Raj Malhotra,Skin Infection,Radiation Therapy,120,OPD,Corporate Insurance,133181.28,Partial,Discharged
HP103157,23-03-2026,30-03-2026,Ananya Verma,33,Male,A-,Pediatrics,Dr. Kiran Shetty,Fracture,Medication,114,Referral,Corporate Insurance,98281.5,Paid,Under Treatment
HP103158,19-03-2021,29-03-2021,Diya Gupta,43,Male,B+,Gynecology,Dr. Kavita Nair,Skin Infection,Surgery,211,Transfer from Another Hospital,Government Insurance,6427.42,Paid,Discharged
HP103159,30-12-2025,13-01-2026,Vivaan Joshi,37,Male,B-,ENT,Dr. Suresh Patil,Migraine,IV Therapy,404,Direct Admission,Self Pay,145180.56,Pending,Admitted
HP103160,17-07-2024,27-07-2024,Vikram Sharma,66,Female,O-,Cardiology,Dr. Raj Malhotra,Stroke,Chemotherapy,116,Day Care,Corporate Insurance,118666.59,Paid,Admitted
HP103161,05-11-2022,13-11-2022,Kavya Desai,27,Female,O-,Orthopedics,Dr. Neha Shah,Arthritis,Routine Treatment,417,Maternity / Obstetric,Self Pay,149642.72,Paid,Discharged
HP103162,02-12-2022,11-12-2022,Aisha Patil,45,Male,B-,Cardiology,Dr. Suresh Patil,Hypertension,Physiotherapy,508,Surgical Admission,Private Insurance,115615.67,Paid,Discharged
HP103163,29-01-2023,07-02-2023,Kavya Nayak,81,Female,B-,Pediatrics,Dr. Sneha Rao,Chest Pain,Observation,405,Observation,Corporate Insurance,115903.78,Partial,Discharged
HP103164,08-04-2026,10-04-2026,Sneha Verma,50,Male,AB-,ENT,Dr. Sameer Khan,Cancer,Medication,319,ICU Admission,Corporate Insurance,106409.93,Paid,Under Treatment
HP103165,21-06-2023,04-07-2023,Aarav Joshi,63,Female,O-,General Medicine,Dr. Sneha Rao,Sinusitis,Medication,519,Post-Operative Admission,Self Pay,66370.68,Paid,Under Treatment
HP103166,20-09-2023,03-10-2023,Aisha Kulkarni,6,Female,O-,Emergency,Dr. Sameer Khan,Chest Pain,Medication,411,Readmission,Corporate Insurance,50667.06,Paid,Under Treatment
HP103167,06-04-2024,13-04-2024,Sneha Kulkarni,67,Other,A+,Gynecology,Dr. Neha Shah,Skin Infection,Observation,305,Trauma / Accident,Private Insurance,81152.13,Pending,Discharged
HP103168,16-01-2025,23-01-2025,Kavya Gupta,67,Female,O+,Gynecology,Dr. Meena Shah,Hypertension,Routine Treatment,219,Elective Admission,Corporate Insurance,30844.45,Partial,Discharged
HP103169,25-01-2022,29-01-2022,Neha Joshi,59,Male,B-,Pediatrics,Dr. Raj Malhotra,Heart Disease,Radiation Therapy,217,Emergency,Government Insurance,109752.52,Paid,Under Treatment
HP103170,27-09-2023,06-10-2023,Vivaan Kulkarni,13,Male,A+,Oncology,Dr. Kavita Nair,Hypertension,Observation,520,Scheduled / Planned,Corporate Insurance,149611.27,Pending,Discharged
HP103171,09-06-2022,17-06-2022,Aditya Shetty,21,Female,AB-,Pediatrics,Dr. Asha Nair,Cancer,Radiation Therapy,215,OPD,Government Insurance,92135.5,Paid,Admitted
HP103172,30-01-2026,11-02-2026,Vikram Reddy,64,Male,AB+,Dermatology,Dr. Anil Rao,Heart Disease,Chemotherapy,412,Referral,Corporate Insurance,129186.34,Paid,Discharged
HP103173,15-02-2025,16-02-2025,Rahul Sharma,37,Male,O-,ENT,Dr. Neha Shah,Arthritis,Emergency Care,106,Transfer from Another Hospital,Corporate Insurance,29987.67,Paid,Discharged
HP103174,21-10-2022,23-10-2022,Diya Nayak,80,Male,AB+,Dermatology,Dr. Suresh Patil,Chest Pain,Surgery,211,Direct Admission,Corporate Insurance,124635.22,Pending,Discharged
HP103175,10-06-2023,23-06-2023,Meera Desai,85,Male,A+,Cardiology,Dr. Kavita Nair,Fracture,Physiotherapy,110,Day Care,Self Pay,136577.84,Paid,Discharged
HP103176,21-01-2025,05-02-2025,Vivaan Reddy,48,Female,AB-,Cardiology,Dr. Asha Nair,Arthritis,Observation,315,Maternity / Obstetric,Corporate Insurance,126635.8,Pending,Discharged
HP103177,28-03-2022,10-04-2022,Rohan Joshi,56,Male,AB+,Oncology,Dr. Neha Shah,Pregnancy Care,Chemotherapy,417,Surgical Admission,Corporate Insurance,95952.63,Partial,Discharged
HP103178,18-03-2025,20-03-2025,Vivaan Kulkarni,44,Male,A-,Gynecology,Dr. Raj Malhotra,Migraine,Radiation Therapy,308,Observation,Private Insurance,139325.11,Paid,Admitted
HP103179,02-06-2023,14-06-2023,Rahul Nayak,13,Female,A-,Orthopedics,Dr. Kavita Nair,Fever,Radiation Therapy,511,ICU Admission,Private Insurance,144412.72,Pending,Discharged
HP103180,09-11-2021,21-11-2021,Isha Nayak,4,Male,AB+,Emergency,Dr. Anil Rao,Diabetes,Observation,218,Post-Operative Admission,Government Insurance,123227.73,Paid,Admitted
HP103181,20-04-2023,01-05-2023,Isha Kulkarni,73,Female,O-,Dermatology,Dr. Manish Gupta,Arthritis,Routine Treatment,504,Readmission,Self Pay,84331.62,Partial,Referred
HP103182,10-01-2022,25-01-2022,Pooja Shetty,33,Male,B+,Neurology,Dr. Raj Malhotra,Fracture,Radiation Therapy,404,Trauma / Accident,Private Insurance,126118.37,Pending,Discharged
HP103183,27-03-2022,11-04-2022,Neha Reddy,37,Female,A+,Orthopedics,Dr. Kiran Shetty,Chest Pain,IV Therapy,517,Elective Admission,Private Insurance,58931.4,Pending,Discharged
HP103184,18-08-2022,26-08-2022,Neha Sharma,53,Male,AB+,ENT,Dr. Suresh Patil,Hypertension,Physiotherapy,310,Emergency,Self Pay,55255.76,Paid,Discharged
HP103185,18-05-2024,02-06-2024,Arjun Reddy,24,Male,A+,Cardiology,Dr. Asha Nair,Arthritis,Surgery,214,Scheduled / Planned,Government Insurance,55446.58,Partial,Referred
HP103186,15-05-2022,16-05-2022,Isha Kulkarni,51,Male,O+,Pediatrics,Dr. Anil Rao,Pregnancy Care,Routine Treatment,108,OPD,Corporate Insurance,33886.64,Paid,Discharged
HP103187,09-04-2022,13-04-2022,Diya Reddy,41,Female,O+,Oncology,Dr. Anil Rao,Arthritis,Medication,312,Referral,Corporate Insurance,95327.01,Paid,Discharged
HP103188,23-04-2021,03-05-2021,Ananya Patil,29,Female,AB-,Cardiology,Dr. Raj Malhotra,Skin Infection,Chemotherapy,212,Transfer from Another Hospital,Corporate Insurance,100914.33,Pending,Discharged
HP103189,02-11-2023,14-11-2023,Arjun Verma,59,Female,O+,Emergency,Dr. Neha Shah,Infection,Chemotherapy,413,Direct Admission,Private Insurance,129647.74,Paid,Discharged
HP103190,09-04-2026,14-04-2026,Neha Joshi,40,Male,O+,Dermatology,Dr. Neha Shah,Infection,Medication,516,Day Care,Private Insurance,105704.06,Pending,Discharged
HP103191,20-05-2021,29-05-2021,Vikram Gupta,51,Male,AB+,Pediatrics,Dr. Anil Rao,Heart Disease,Chemotherapy,211,Maternity / Obstetric,Self Pay,118090.89,Paid,Discharged
HP103192,25-11-2024,02-12-2024,Pooja Gupta,50,Male,A-,Gynecology,Dr. Kavita Nair,Cancer,Medication,112,Surgical Admission,Self Pay,104880.66,Paid,Discharged
HP103193,01-06-2022,09-06-2022,Vikram Sharma,36,Male,O-,Orthopedics,Dr. Manish Gupta,Infection,Surgery,202,Observation,Corporate Insurance,106071.6,Paid,Discharged
HP103194,02-05-2026,16-05-2026,Diya Patil,79,Male,AB-,Orthopedics,Dr. Asha Nair,Migraine,Routine Treatment,305,ICU Admission,Corporate Insurance,54379.52,Partial,Admitted
HP103195,06-12-2026,17-12-2026,Aditya Patil,60,Other,O+,Dermatology,Dr. Meena Shah,Sinusitis,Radiation Therapy,420,Post-Operative Admission,Corporate Insurance,145053.29,Paid,Under Treatment
HP103196,07-06-2023,16-06-2023,Aditya Nayak,18,Female,B+,Dermatology,Dr. Kavita Nair,Hypertension,Routine Treatment,216,Readmission,Private Insurance,97624.68,Pending,Discharged
HP103197,03-09-2024,16-09-2024,Isha Reddy,20,Female,A+,Dermatology,Dr. Sneha Rao,Fracture,Routine Treatment,409,Trauma / Accident,Corporate Insurance,90134.8,Pending,Admitted
HP103198,19-02-2021,26-02-2021,Neha Shetty,5,Female,O-,Neurology,Dr. Sneha Rao,Skin Infection,Observation,301,Elective Admission,Private Insurance,127846.42,Paid,Discharged
HP103199,19-01-2021,24-01-2021,Diya Gupta,18,Female,O-,Neurology,Dr. Suresh Patil,Hypertension,IV Therapy,508,Emergency,Corporate Insurance,66038.63,Partial,Discharged
HP103200,27-12-2022,09-01-2023,Meera Kulkarni,40,Male,O-,Pediatrics,Dr. Sneha Rao,Migraine,Chemotherapy,101,Scheduled / Planned,Self Pay,18956.61,Paid,Discharged
HP103201,13-01-2025,28-01-2025,Meera Gupta,1,Female,B+,General Medicine,Dr. Priya Desai,Stroke,Emergency Care,506,OPD,Self Pay,39814.87,Partial,Discharged
HP103202,28-03-2022,02-04-2022,Sneha Verma,19,Female,O+,Dermatology,Dr. Meena Shah,Fracture,Routine Treatment,315,Referral,Private Insurance,122173.3,Pending,Discharged
HP103203,10-03-2024,20-03-2024,Ananya Desai,26,Male,A-,Orthopedics,Dr. Neha Shah,Asthma,Surgery,409,Transfer from Another Hospital,Corporate Insurance,111113.09,Paid,Referred
HP103204,13-01-2024,24-01-2024,Arjun Verma,29,Male,O+,Pediatrics,Dr. Suresh Patil,Hypertension,Radiation Therapy,314,Direct Admission,Corporate Insurance,21992.37,Paid,Under Treatment
HP103205,03-08-2021,09-08-2021,Aditya Desai,59,Female,O-,Neurology,Dr. Meena Shah,Asthma,Surgery,309,Day Care,Self Pay,15099.64,Pending,Discharged
HP103206,30-03-2025,04-04-2025,Aditya Gupta,63,Female,B-,Cardiology,Dr. Priya Desai,Heart Disease,Surgery,405,Maternity / Obstetric,Private Insurance,95176.4,Partial,Under Treatment
HP103207,08-05-2021,21-05-2021,Aisha Sharma,83,Male,B-,Emergency,Dr. Kiran Shetty,Asthma,Physiotherapy,506,Surgical Admission,Self Pay,141104,Paid,Under Treatment
HP103208,20-01-2026,01-02-2026,Diya Patil,62,Female,A+,General Medicine,Dr. Suresh Patil,Hypertension,Observation,305,Observation,Private Insurance,30363.5,Pending,Discharged
HP103209,30-01-2023,10-02-2023,Priya Nayak,48,Male,AB-,ENT,Dr. Meena Shah,Arthritis,Emergency Care,110,ICU Admission,Private Insurance,84608.21,Partial,Discharged
HP103210,21-12-2025,30-12-2025,Aditya Shetty,62,Male,A-,Dermatology,Dr. Kiran Shetty,Stroke,Emergency Care,217,Post-Operative Admission,Self Pay,122735.28,Pending,Discharged
HP103211,27-12-2021,30-12-2021,Vivaan Verma,18,Male,O+,Cardiology,Dr. Kiran Shetty,Arthritis,Surgery,311,Readmission,Government Insurance,81660.43,Partial,Discharged
HP103212,23-07-2022,26-07-2022,Vivaan Kulkarni,66,Male,A+,Oncology,Dr. Sneha Rao,Infection,Emergency Care,418,Trauma / Accident,Corporate Insurance,55913.33,Paid,Under Treatment
HP103213,16-11-2024,01-12-2024,Vivaan Nayak,27,Female,AB-,Dermatology,Dr. Kiran Shetty,Hypertension,Radiation Therapy,304,Elective Admission,Private Insurance,119633.1,Paid,Discharged
HP103214,17-05-2025,24-05-2025,Aditya Desai,6,Female,A+,Neurology,Dr. Meena Shah,Chest Pain,IV Therapy,414,Emergency,Corporate Insurance,116827.76,Partial,Under Treatment
HP103215,20-08-2025,27-08-2025,Priya Nayak,70,Female,A+,Orthopedics,Dr. Sneha Rao,Chest Pain,Medication,201,Scheduled / Planned,Corporate Insurance,125420.38,Pending,Admitted
HP103216,21-07-2021,27-07-2021,Kiran Reddy,59,Male,B+,Cardiology,Dr. Priya Desai,Arthritis,Radiation Therapy,320,OPD,Corporate Insurance,142039.77,Paid,Discharged
HP103217,27-08-2026,30-08-2026,Isha Sharma,6,Female,AB+,Dermatology,Dr. Manish Gupta,Hypertension,Emergency Care,111,Referral,Corporate Insurance,26841.51,Partial,Discharged
HP103218,02-06-2022,16-06-2022,Meera Sharma,31,Male,A-,Orthopedics,Dr. Manish Gupta,Heart Disease,Surgery,319,Emergency,Government Insurance,54413.22,Pending,Discharged
HP103219,10-09-2024,23-09-2024,Isha Gupta,56,Male,B+,Gynecology,Dr. Kavita Nair,Cancer,Chemotherapy,101,Scheduled / Planned,Government Insurance,147968.16,Paid,Under Treatment
HP103220,06-12-2024,13-12-2024,Vikram Nayak,54,Female,AB-,Dermatology,Dr. Kavita Nair,Asthma,Radiation Therapy,314,OPD,Corporate Insurance,91207.76,Paid,Discharged
HP103221,03-09-2024,08-09-2024,Isha Shetty,85,Male,AB+,Orthopedics,Dr. Manish Gupta,Heart Disease,Surgery,411,Referral,Self Pay,102168.84,Partial,Discharged
HP103222,12-11-2022,19-11-2022,Rahul Joshi,41,Male,A+,Neurology,Dr. Priya Desai,Pregnancy Care,Medication,208,Transfer from Another Hospital,Corporate Insurance,133193.81,Partial,Discharged
HP103223,12-06-2026,14-06-2026,Aarav Verma,18,Male,B-,Emergency,Dr. Neha Shah,Stroke,Emergency Care,119,Direct Admission,Private Insurance,105201.39,Paid,Discharged
HP103224,31-01-2025,06-02-2025,Neha Sharma,23,Male,O+,Emergency,Dr. Kiran Shetty,Sinusitis,Emergency Care,116,Day Care,Corporate Insurance,104068.88,Paid,Discharged
HP103225,01-03-2022,15-03-2022,Aditya Shetty,36,Female,B+,Dermatology,Dr. Priya Desai,Asthma,Radiation Therapy,307,Maternity / Obstetric,Government Insurance,20152.93,Paid,Discharged
HP103226,23-05-2026,31-05-2026,Rohan Desai,25,Other,O-,Pediatrics,Dr. Priya Desai,Chest Pain,Chemotherapy,502,Surgical Admission,Private Insurance,78491.93,Pending,Discharged
HP103227,09-09-2025,10-09-2025,Arjun Sharma,7,Female,A-,General Medicine,Dr. Sameer Khan,Pregnancy Care,Radiation Therapy,505,Observation,Private Insurance,102613.05,Paid,Discharged
HP103228,17-02-2023,21-02-2023,Isha Gupta,82,Female,A-,General Medicine,Dr. Anil Rao,Infection,IV Therapy,211,ICU Admission,Government Insurance,122057.3,Paid,Discharged
HP103229,16-11-2026,27-11-2026,Vikram Patil,20,Female,AB+,Cardiology,Dr. Suresh Patil,Hypertension,Surgery,217,Post-Operative Admission,Government Insurance,64919.52,Paid,Discharged
HP103230,01-01-2026,02-01-2026,Vikram Sharma,5,Female,B+,General Medicine,Dr. Anil Rao,Sinusitis,IV Therapy,506,Readmission,Private Insurance,22912.58,Paid,Discharged
HP103231,27-07-2021,10-08-2021,Arjun Kulkarni,18,Male,A+,Dermatology,Dr. Sameer Khan,Skin Infection,Surgery,507,Trauma / Accident,Government Insurance,58044.72,Paid,Discharged
HP103232,18-03-2025,19-03-2025,Rohan Desai,33,Female,O-,Pediatrics,Dr. Neha Shah,Sinusitis,Routine Treatment,318,Elective Admission,Government Insurance,67311.63,Paid,Discharged
HP103233,18-07-2025,28-07-2025,Sneha Joshi,79,Male,AB+,Emergency,Dr. Kiran Shetty,Asthma,IV Therapy,403,Emergency,Corporate Insurance,113896.3,Paid,Discharged
HP103234,22-01-2021,03-02-2021,Aarav Shetty,35,Female,AB-,General Medicine,Dr. Kavita Nair,Pregnancy Care,Medication,311,Scheduled / Planned,Private Insurance,7868.23,Paid,Discharged
HP103235,03-06-2021,17-06-2021,Meera Patil,65,Male,A-,Orthopedics,Dr. Meena Shah,Migraine,Routine Treatment,203,OPD,Government Insurance,60940.68,Partial,Under Treatment
HP103236,17-05-2026,31-05-2026,Priya Shetty,63,Female,O-,Gynecology,Dr. Neha Shah,Fracture,IV Therapy,117,Referral,Government Insurance,69943.12,Paid,Under Treatment
HP103237,07-08-2021,18-08-2021,Meera Kulkarni,85,Female,AB-,General Medicine,Dr. Priya Desai,Migraine,Medication,502,Transfer from Another Hospital,Private Insurance,84766.76,Pending,Discharged
HP103238,31-10-2022,08-11-2022,Rahul Reddy,72,Other,O-,Neurology,Dr. Sameer Khan,Migraine,Routine Treatment,405,Direct Admission,Corporate Insurance,145649.93,Paid,Discharged
HP103239,27-02-2025,06-03-2025,Priya Patil,71,Female,B+,Pediatrics,Dr. Kiran Shetty,Heart Disease,Routine Treatment,513,Day Care,Government Insurance,112387.3,Paid,Discharged
HP103240,30-08-2026,11-09-2026,Aisha Reddy,41,Male,B-,General Medicine,Dr. Raj Malhotra,Stroke,Routine Treatment,511,Maternity / Obstetric,Corporate Insurance,37252.24,Paid,Referred
HP103241,08-08-2023,18-08-2023,Diya Desai,50,Female,O-,Pediatrics,Dr. Manish Gupta,Skin Infection,Emergency Care,518,Surgical Admission,Corporate Insurance,96881.03,Pending,Discharged
HP103242,07-02-2022,20-02-2022,Neha Desai,30,Male,O-,Emergency,Dr. Meena Shah,Fever,Surgery,306,Observation,Corporate Insurance,55188.57,Paid,Discharged
HP103243,19-08-2022,20-08-2022,Arjun Desai,38,Male,AB-,General Medicine,Dr. Priya Desai,Fracture,Chemotherapy,318,ICU Admission,Self Pay,122655.11,Paid,Discharged
HP103244,08-12-2024,19-12-2024,Aarav Sharma,35,Male,O+,Gynecology,Dr. Kiran Shetty,Fracture,Surgery,405,Post-Operative Admission,Private Insurance,29805.11,Paid,Admitted
HP103245,03-03-2024,17-03-2024,Isha Kulkarni,66,Male,A+,General Medicine,Dr. Priya Desai,Asthma,Observation,104,Readmission,Self Pay,25952.95,Paid,Discharged
HP103246,09-10-2025,22-10-2025,Aisha Patil,46,Female,O+,Cardiology,Dr. Manish Gupta,Migraine,Observation,501,Trauma / Accident,Private Insurance,19702.11,Partial,Discharged
HP103247,30-07-2024,01-08-2024,Rahul Sharma,8,Female,A-,Neurology,Dr. Manish Gupta,Infection,Chemotherapy,311,Elective Admission,Corporate Insurance,83895.18,Paid,Discharged
HP103248,14-03-2021,18-03-2021,Rahul Desai,68,Female,O+,Gynecology,Dr. Neha Shah,Skin Infection,Emergency Care,510,Emergency,Corporate Insurance,22871.98,Paid,Discharged
HP103249,26-04-2022,27-04-2022,Rohan Shetty,37,Male,B+,ENT,Dr. Suresh Patil,Diabetes,Chemotherapy,315,Scheduled / Planned,Corporate Insurance,11054.27,Pending,Discharged
HP103250,14-07-2022,17-07-2022,Aarav Kulkarni,85,Male,O-,Emergency,Dr. Sameer Khan,Arthritis,Emergency Care,314,OPD,Corporate Insurance,53206.13,Paid,Discharged
HP103251,15-01-2023,23-01-2023,Aarav Shetty,13,Male,B-,General Medicine,Dr. Manish Gupta,Asthma,Medication,508,Referral,Corporate Insurance,120734.15,Pending,Admitted
HP103252,06-01-2025,14-01-2025,Aditya Gupta,73,Male,A-,Gynecology,Dr. Neha Shah,Asthma,Observation,120,Transfer from Another Hospital,Self Pay,27630.7,Paid,Discharged
HP103253,10-04-2021,18-04-2021,Aarav Nayak,45,Male,B-,Orthopedics,Dr. Suresh Patil,Skin Infection,Physiotherapy,304,Direct Admission,Corporate Insurance,56894.09,Partial,Discharged
HP103254,19-12-2023,25-12-2023,Meera Desai,29,Male,A-,Emergency,Dr. Meena Shah,Migraine,Chemotherapy,202,Day Care,Corporate Insurance,68182.01,Paid,Discharged
HP103255,17-02-2022,23-02-2022,Rahul Reddy,41,Female,AB+,ENT,Dr. Anil Rao,Migraine,Chemotherapy,203,Maternity / Obstetric,Corporate Insurance,132015.67,Paid,Discharged
HP103256,25-12-2023,30-12-2023,Rahul Desai,56,Female,O+,Cardiology,Dr. Neha Shah,Cancer,Observation,409,Surgical Admission,Self Pay,74072.69,Paid,Referred
HP103257,23-03-2024,05-04-2024,Vikram Patil,16,Female,AB+,Neurology,Dr. Kiran Shetty,Fever,Chemotherapy,520,Observation,Government Insurance,79233.53,Pending,Discharged
HP103258,02-07-2026,11-07-2026,Arjun Sharma,12,Male,AB+,Oncology,Dr. Sneha Rao,Stroke,Observation,515,ICU Admission,Private Insurance,41920.59,Paid,Discharged
HP103259,01-04-2023,05-04-2023,Rohan Kulkarni,66,Female,B+,Emergency,Dr. Raj Malhotra,Sinusitis,Routine Treatment,403,Post-Operative Admission,Private Insurance,101938.73,Partial,Discharged
HP103260,24-10-2022,03-11-2022,Arjun Shetty,62,Female,O-,Oncology,Dr. Manish Gupta,Diabetes,Physiotherapy,110,Readmission,Government Insurance,8721.05,Paid,Discharged
HP103261,14-07-2022,29-07-2022,Rohan Joshi,19,Male,AB+,Orthopedics,Dr. Priya Desai,Arthritis,Surgery,120,Trauma / Accident,Government Insurance,144843.79,Paid,Referred
HP103262,25-06-2024,07-07-2024,Meera Reddy,30,Male,B+,Orthopedics,Dr. Kiran Shetty,Cancer,IV Therapy,305,Elective Admission,Self Pay,77227.44,Paid,Discharged
HP103263,19-12-2025,31-12-2025,Diya Reddy,16,Male,A+,Oncology,Dr. Kavita Nair,Infection,Routine Treatment,311,Emergency,Private Insurance,13962.92,Paid,Admitted
HP103264,02-09-2022,14-09-2022,Pooja Sharma,13,Male,AB+,Emergency,Dr. Neha Shah,Asthma,Physiotherapy,404,Scheduled / Planned,Government Insurance,86079.71,Paid,Admitted
HP103265,25-01-2021,01-02-2021,Isha Joshi,69,Male,B+,Orthopedics,Dr. Meena Shah,Fracture,Medication,215,OPD,Government Insurance,79527.41,Paid,Discharged
HP103266,22-07-2026,23-07-2026,Sneha Verma,23,Male,O-,Oncology,Dr. Sameer Khan,Migraine,Routine Treatment,113,Referral,Self Pay,39901.86,Paid,Admitted
HP103267,11-10-2021,26-10-2021,Neha Gupta,62,Male,A-,Pediatrics,Dr. Manish Gupta,Skin Infection,IV Therapy,412,Transfer from Another Hospital,Self Pay,35277.39,Paid,Discharged
HP103268,12-01-2025,21-01-2025,Aisha Joshi,31,Male,B+,Gynecology,Dr. Manish Gupta,Migraine,Surgery,201,Direct Admission,Corporate Insurance,44261.05,Paid,Discharged
HP103269,28-10-2021,04-11-2021,Rahul Joshi,53,Female,AB-,Orthopedics,Dr. Kavita Nair,Sinusitis,Emergency Care,220,Day Care,Government Insurance,23811.14,Paid,Discharged
HP103270,28-12-2023,07-01-2024,Sneha Kulkarni,17,Male,B+,Oncology,Dr. Anil Rao,Skin Infection,Physiotherapy,502,Maternity / Obstetric,Self Pay,82056.25,Partial,Discharged
HP103271,28-10-2023,09-11-2023,Kavya Joshi,49,Female,O+,ENT,Dr. Sneha Rao,Fracture,Routine Treatment,304,Surgical Admission,Private Insurance,132445.72,Paid,Under Treatment
HP103272,28-03-2023,06-04-2023,Aditya Kulkarni,49,Male,AB-,Neurology,Dr. Kavita Nair,Sinusitis,Physiotherapy,410,Observation,Self Pay,138853.5,Partial,Discharged
HP103273,24-03-2021,31-03-2021,Isha Patil,67,Male,A-,Gynecology,Dr. Suresh Patil,Diabetes,Surgery,518,ICU Admission,Private Insurance,143183.12,Paid,Referred
HP103274,05-04-2026,07-04-2026,Diya Sharma,26,Female,O-,Neurology,Dr. Manish Gupta,Heart Disease,Physiotherapy,504,Post-Operative Admission,Corporate Insurance,92054.26,Paid,Admitted
HP103275,25-09-2026,10-10-2026,Neha Kulkarni,13,Female,O+,Emergency,Dr. Anil Rao,Infection,Emergency Care,217,Readmission,Government Insurance,95124.61,Paid,Discharged
HP103276,10-09-2022,16-09-2022,Ananya Joshi,38,Male,B+,Gynecology,Dr. Meena Shah,Fracture,Physiotherapy,201,Trauma / Accident,Government Insurance,50024.93,Partial,Admitted
HP103277,25-06-2021,05-07-2021,Neha Kulkarni,22,Female,O+,Emergency,Dr. Manish Gupta,Heart Disease,Routine Treatment,309,Elective Admission,Self Pay,133375.11,Partial,Admitted
HP103278,04-04-2024,16-04-2024,Pooja Nayak,85,Female,O-,General Medicine,Dr. Kavita Nair,Sinusitis,Routine Treatment,506,Emergency,Corporate Insurance,75781.1,Paid,Discharged
HP103279,22-04-2023,03-05-2023,Meera Desai,29,Male,A-,Orthopedics,Dr. Meena Shah,Fracture,Routine Treatment,313,Scheduled / Planned,Government Insurance,45499.75,Paid,Discharged
HP103280,05-01-2022,09-01-2022,Aarav Shetty,45,Male,O+,Neurology,Dr. Anil Rao,Skin Infection,Surgery,303,OPD,Self Pay,145021.84,Pending,Referred
HP103281,24-12-2025,27-12-2025,Aisha Sharma,46,Female,AB-,ENT,Dr. Kiran Shetty,Fever,Chemotherapy,512,Referral,Self Pay,107279.83,Partial,Under Treatment
HP103282,03-10-2026,05-10-2026,Neha Shetty,39,Male,B-,General Medicine,Dr. Anil Rao,Asthma,Surgery,418,Transfer from Another Hospital,Self Pay,72374.46,Pending,Referred
HP103283,21-11-2022,27-11-2022,Meera Kulkarni,69,Male,AB+,Neurology,Dr. Priya Desai,Infection,Medication,412,Direct Admission,Self Pay,14952.34,Partial,Discharged
HP103284,15-11-2025,23-11-2025,Priya Reddy,78,Male,AB-,Emergency,Dr. Meena Shah,Arthritis,IV Therapy,216,Day Care,Private Insurance,25323.43,Partial,Under Treatment
HP103285,26-09-2024,02-10-2024,Rahul Shetty,82,Female,O-,ENT,Dr. Raj Malhotra,Migraine,Radiation Therapy,208,Maternity / Obstetric,Corporate Insurance,33489.12,Pending,Under Treatment
HP103286,03-12-2024,12-12-2024,Priya Sharma,68,Female,A+,Pediatrics,Dr. Suresh Patil,Infection,Physiotherapy,114,Surgical Admission,Private Insurance,135911.91,Paid,Discharged
HP103287,02-01-2022,16-01-2022,Aisha Reddy,39,Female,B+,ENT,Dr. Raj Malhotra,Arthritis,Chemotherapy,213,Observation,Government Insurance,145880.37,Paid,Under Treatment
HP103288,06-10-2022,11-10-2022,Vikram Nayak,20,Female,O+,Pediatrics,Dr. Priya Desai,Fracture,Emergency Care,213,ICU Admission,Corporate Insurance,43711.92,Paid,Discharged
HP103289,14-03-2021,16-03-2021,Vikram Desai,77,Other,A-,Dermatology,Dr. Sneha Rao,Skin Infection,Medication,413,Post-Operative Admission,Self Pay,77255.68,Paid,Discharged
HP103290,25-06-2024,03-07-2024,Priya Desai,68,Female,AB+,Pediatrics,Dr. Kiran Shetty,Chest Pain,Chemotherapy,105,Readmission,Government Insurance,119823.37,Paid,Discharged
HP103291,10-05-2023,19-05-2023,Aditya Shetty,35,Female,O-,Pediatrics,Dr. Priya Desai,Stroke,Physiotherapy,416,Trauma / Accident,Self Pay,60772.44,Paid,Discharged
HP103292,12-02-2021,26-02-2021,Isha Verma,8,Other,O+,General Medicine,Dr. Meena Shah,Skin Infection,Observation,410,Elective Admission,Government Insurance,76394.71,Paid,Discharged
HP103293,01-12-2023,11-12-2023,Aarav Sharma,52,Male,B+,Pediatrics,Dr. Neha Shah,Pregnancy Care,Surgery,302,Emergency,Corporate Insurance,133705.41,Pending,Under Treatment
HP103294,25-02-2025,01-03-2025,Sneha Desai,40,Female,AB+,Dermatology,Dr. Meena Shah,Skin Infection,Medication,509,Scheduled / Planned,Corporate Insurance,35089.1,Paid,Discharged
HP103295,18-09-2026,24-09-2026,Aarav Joshi,36,Female,B-,Orthopedics,Dr. Priya Desai,Sinusitis,IV Therapy,205,OPD,Private Insurance,149108.61,Partial,Discharged
HP103296,04-01-2022,19-01-2022,Sneha Sharma,6,Female,B+,General Medicine,Dr. Neha Shah,Sinusitis,Emergency Care,401,Referral,Corporate Insurance,71164.4,Paid,Discharged
HP103297,31-05-2021,11-06-2021,Neha Patil,70,Female,O+,ENT,Dr. Neha Shah,Infection,Surgery,312,Transfer from Another Hospital,Government Insurance,42453.93,Partial,Discharged
HP103298,09-02-2024,19-02-2024,Aisha Joshi,73,Female,A-,Gynecology,Dr. Meena Shah,Infection,Emergency Care,512,Direct Admission,Corporate Insurance,134411.62,Paid,Under Treatment
HP103299,12-02-2025,20-02-2025,Vikram Patil,16,Female,B-,ENT,Dr. Neha Shah,Infection,Emergency Care,405,Day Care,Corporate Insurance,16093.08,Paid,Referred
HP103300,30-12-2024,08-01-2025,Isha Verma,46,Female,B+,Neurology,Dr. Asha Nair,Heart Disease,Radiation Therapy,402,Maternity / Obstetric,Corporate Insurance,98136.29,Pending,Discharged
HP103301,07-12-2023,19-12-2023,Neha Verma,59,Male,AB+,Emergency,Dr. Sneha Rao,Fracture,Radiation Therapy,115,Surgical Admission,Self Pay,13944.94,Paid,Admitted
HP103302,21-10-2023,26-10-2023,Vivaan Sharma,38,Male,O+,Dermatology,Dr. Sameer Khan,Skin Infection,Emergency Care,517,Observation,Self Pay,142197.93,Paid,Discharged
HP103303,18-05-2025,30-05-2025,Diya Verma,18,Female,B-,Pediatrics,Dr. Asha Nair,Infection,Chemotherapy,208,ICU Admission,Corporate Insurance,97759.32,Paid,Discharged
HP103304,03-08-2026,09-08-2026,Vivaan Nayak,12,Male,A-,Dermatology,Dr. Kiran Shetty,Pregnancy Care,Observation,203,Post-Operative Admission,Government Insurance,62705.74,Paid,Discharged
HP103305,21-10-2024,01-11-2024,Meera Sharma,54,Male,B+,Neurology,Dr. Asha Nair,Chest Pain,IV Therapy,309,Readmission,Corporate Insurance,66538.44,Partial,Discharged
HP103306,10-03-2021,14-03-2021,Diya Patil,47,Male,AB+,General Medicine,Dr. Anil Rao,Stroke,Emergency Care,303,Trauma / Accident,Government Insurance,28944.8,Partial,Discharged
HP103307,02-08-2023,07-08-2023,Rahul Patil,1,Female,O+,Dermatology,Dr. Neha Shah,Heart Disease,Emergency Care,207,Elective Admission,Corporate Insurance,57201.18,Pending,Under Treatment
HP103308,13-03-2023,20-03-2023,Aisha Sharma,15,Male,AB+,Neurology,Dr. Priya Desai,Diabetes,Physiotherapy,407,Emergency,Self Pay,136050.85,Paid,Under Treatment
HP103309,02-03-2021,11-03-2021,Aditya Joshi,80,Female,O-,ENT,Dr. Anil Rao,Sinusitis,Routine Treatment,406,Scheduled / Planned,Government Insurance,121779.37,Paid,Admitted
HP103310,04-08-2023,14-08-2023,Diya Desai,21,Female,AB-,Oncology,Dr. Anil Rao,Arthritis,Observation,314,OPD,Private Insurance,100914.91,Paid,Discharged
HP103311,30-08-2024,10-09-2024,Rohan Shetty,1,Female,B-,Oncology,Dr. Sneha Rao,Chest Pain,Radiation Therapy,419,Referral,Self Pay,145328.42,Paid,Discharged
HP103312,30-03-2024,12-04-2024,Isha Gupta,67,Male,O+,Pediatrics,Dr. Kiran Shetty,Fever,Observation,317,Transfer from Another Hospital,Self Pay,88148.32,Pending,Discharged
HP103313,27-11-2021,03-12-2021,Ananya Shetty,12,Female,B+,Pediatrics,Dr. Meena Shah,Skin Infection,Emergency Care,519,Direct Admission,Corporate Insurance,30560.33,Partial,Discharged
HP103314,01-04-2025,15-04-2025,Rohan Verma,28,Female,AB-,ENT,Dr. Priya Desai,Skin Infection,Medication,417,Day Care,Private Insurance,108474.2,Partial,Admitted
HP103315,04-12-2021,10-12-2021,Diya Verma,39,Male,AB+,Cardiology,Dr. Suresh Patil,Chest Pain,Surgery,120,Maternity / Obstetric,Government Insurance,90827.67,Partial,Discharged
HP103316,18-06-2025,26-06-2025,Vikram Reddy,37,Male,B-,Gynecology,Dr. Suresh Patil,Skin Infection,Emergency Care,416,Surgical Admission,Private Insurance,68299.33,Paid,Discharged
HP103317,20-08-2024,31-08-2024,Pooja Verma,60,Male,A+,Neurology,Dr. Kiran Shetty,Skin Infection,Physiotherapy,218,Observation,Corporate Insurance,26312.34,Paid,Discharged
HP103318,07-03-2025,11-03-2025,Diya Gupta,31,Male,O+,Cardiology,Dr. Manish Gupta,Heart Disease,Chemotherapy,404,ICU Admission,Self Pay,103260.56,Partial,Under Treatment
HP103319,01-08-2025,04-08-2025,Ananya Gupta,58,Male,AB+,Dermatology,Dr. Priya Desai,Migraine,Medication,501,Post-Operative Admission,Private Insurance,69389.55,Pending,Discharged
HP103320,23-09-2024,07-10-2024,Aditya Kulkarni,11,Male,B-,General Medicine,Dr. Sameer Khan,Arthritis,Physiotherapy,512,Readmission,Government Insurance,88901.85,Paid,Under Treatment
HP103321,23-04-2025,30-04-2025,Priya Reddy,29,Female,A+,Cardiology,Dr. Asha Nair,Infection,Physiotherapy,218,Trauma / Accident,Government Insurance,50733.33,Pending,Discharged
HP103322,02-10-2021,07-10-2021,Rahul Reddy,13,Female,O+,Oncology,Dr. Suresh Patil,Sinusitis,Medication,510,Elective Admission,Self Pay,27580.5,Paid,Discharged
HP103323,02-04-2024,04-04-2024,Rohan Desai,51,Female,B-,Gynecology,Dr. Asha Nair,Stroke,Observation,216,Emergency,Corporate Insurance,57186.59,Pending,Discharged
HP103324,17-06-2026,19-06-2026,Vivaan Shetty,54,Female,AB+,Oncology,Dr. Suresh Patil,Chest Pain,Radiation Therapy,320,Scheduled / Planned,Self Pay,128555.2,Partial,Discharged
HP103325,20-05-2023,31-05-2023,Sneha Joshi,19,Female,A+,Gynecology,Dr. Kiran Shetty,Fracture,Chemotherapy,506,OPD,Private Insurance,28137.06,Partial,Under Treatment
HP103326,12-10-2023,18-10-2023,Isha Kulkarni,58,Female,O-,Orthopedics,Dr. Priya Desai,Diabetes,Chemotherapy,112,Referral,Corporate Insurance,73328.83,Pending,Referred
HP103327,27-03-2026,04-04-2026,Neha Joshi,36,Male,O+,Gynecology,Dr. Asha Nair,Cancer,IV Therapy,110,Transfer from Another Hospital,Government Insurance,48153.22,Paid,Admitted
HP103328,26-08-2022,27-08-2022,Meera Verma,28,Male,B-,Oncology,Dr. Meena Shah,Sinusitis,Observation,305,Direct Admission,Corporate Insurance,144538.17,Paid,Admitted
HP103329,05-12-2025,20-12-2025,Isha Shetty,68,Female,B+,Emergency,Dr. Sneha Rao,Fracture,Emergency Care,215,Day Care,Corporate Insurance,17277.66,Paid,Under Treatment
HP103330,22-11-2022,03-12-2022,Aisha Reddy,3,Female,A+,Gynecology,Dr. Raj Malhotra,Arthritis,Surgery,419,Maternity / Obstetric,Private Insurance,40575.6,Paid,Discharged
HP103331,09-05-2022,15-05-2022,Rohan Reddy,41,Male,B-,Cardiology,Dr. Neha Shah,Fever,Medication,108,Surgical Admission,Self Pay,70185.73,Paid,Admitted
HP103332,05-05-2022,17-05-2022,Sneha Gupta,35,Male,B+,Oncology,Dr. Kiran Shetty,Chest Pain,Chemotherapy,504,Observation,Private Insurance,40855.33,Paid,Discharged
HP103333,25-01-2022,27-01-2022,Vikram Reddy,76,Female,O-,Gynecology,Dr. Sneha Rao,Stroke,Observation,309,ICU Admission,Government Insurance,107455.95,Paid,Discharged
HP103334,22-10-2021,24-10-2021,Neha Verma,84,Male,A+,ENT,Dr. Raj Malhotra,Heart Disease,Chemotherapy,517,Post-Operative Admission,Self Pay,58778.34,Paid,Discharged
HP103335,24-10-2024,31-10-2024,Rahul Verma,81,Male,B-,Dermatology,Dr. Asha Nair,Fracture,Emergency Care,319,Readmission,Corporate Insurance,118212.66,Partial,Discharged
HP103336,14-09-2025,24-09-2025,Vivaan Nayak,76,Female,AB+,ENT,Dr. Kiran Shetty,Fever,Routine Treatment,314,Trauma / Accident,Private Insurance,84934.65,Paid,Discharged
HP103337,11-10-2022,12-10-2022,Kavya Joshi,50,Female,A+,ENT,Dr. Meena Shah,Heart Disease,Emergency Care,205,Elective Admission,Corporate Insurance,66889.48,Partial,Discharged
HP103338,17-02-2026,23-02-2026,Rahul Reddy,74,Female,A+,Emergency,Dr. Kiran Shetty,Heart Disease,Physiotherapy,412,Emergency,Private Insurance,57907.04,Paid,Discharged
HP103339,22-07-2022,05-08-2022,Sneha Sharma,82,Female,O+,Orthopedics,Dr. Manish Gupta,Heart Disease,Chemotherapy,509,Scheduled / Planned,Government Insurance,37192.71,Partial,Discharged
HP103340,21-03-2022,28-03-2022,Kiran Gupta,30,Female,B+,Dermatology,Dr. Asha Nair,Migraine,Routine Treatment,314,OPD,Government Insurance,41620.97,Pending,Discharged
HP103341,29-12-2021,12-01-2022,Neha Nayak,72,Female,AB-,Gynecology,Dr. Sneha Rao,Diabetes,Emergency Care,114,Referral,Private Insurance,30575.06,Pending,Discharged
HP103342,11-12-2026,19-12-2026,Meera Gupta,77,Male,O+,Neurology,Dr. Manish Gupta,Sinusitis,Chemotherapy,418,Transfer from Another Hospital,Government Insurance,128503.06,Paid,Under Treatment
HP103343,26-04-2024,03-05-2024,Rahul Verma,70,Male,AB-,Pediatrics,Dr. Suresh Patil,Heart Disease,Radiation Therapy,306,Direct Admission,Corporate Insurance,84501.14,Pending,Discharged
HP103344,12-01-2023,18-01-2023,Neha Desai,54,Female,B-,Orthopedics,Dr. Kavita Nair,Skin Infection,Observation,401,Day Care,Self Pay,75016.9,Paid,Discharged
HP103345,04-08-2026,13-08-2026,Vikram Desai,71,Male,AB+,Pediatrics,Dr. Sameer Khan,Heart Disease,IV Therapy,503,Maternity / Obstetric,Private Insurance,51726.4,Paid,Discharged
HP103346,11-11-2022,24-11-2022,Aisha Joshi,85,Male,B+,Emergency,Dr. Kiran Shetty,Fracture,Observation,518,Surgical Admission,Corporate Insurance,79945.99,Paid,Discharged
HP103347,01-07-2025,04-07-2025,Isha Patil,51,Male,A+,ENT,Dr. Manish Gupta,Chest Pain,Medication,420,Observation,Private Insurance,132970.35,Paid,Discharged
HP103348,22-04-2025,03-05-2025,Aditya Shetty,28,Male,AB-,Emergency,Dr. Kiran Shetty,Pregnancy Care,Emergency Care,316,ICU Admission,Self Pay,129134.3,Paid,Discharged
HP103349,20-09-2024,26-09-2024,Neha Sharma,64,Male,B+,Emergency,Dr. Anil Rao,Pregnancy Care,Chemotherapy,207,Post-Operative Admission,Government Insurance,91868.2,Pending,Discharged
HP103350,10-11-2026,14-11-2026,Aarav Verma,85,Female,B+,ENT,Dr. Kavita Nair,Diabetes,Surgery,309,Readmission,Self Pay,81843.77,Paid,Discharged
HP103351,04-03-2021,06-03-2021,Isha Desai,21,Male,O+,ENT,Dr. Priya Desai,Skin Infection,Emergency Care,203,Trauma / Accident,Self Pay,37738.38,Paid,Discharged
HP103352,08-03-2024,09-03-2024,Kavya Reddy,27,Male,B+,Gynecology,Dr. Priya Desai,Infection,Surgery,106,Elective Admission,Private Insurance,105474.58,Pending,Discharged
HP103353,13-05-2024,25-05-2024,Aarav Desai,27,Female,A+,Gynecology,Dr. Meena Shah,Migraine,IV Therapy,515,Emergency,Self Pay,128731.09,Paid,Discharged
HP103354,13-09-2021,25-09-2021,Arjun Kulkarni,77,Female,O+,Gynecology,Dr. Neha Shah,Fever,Medication,205,Scheduled / Planned,Government Insurance,49325.24,Partial,Discharged
HP103355,15-05-2021,29-05-2021,Meera Patil,50,Male,A-,Oncology,Dr. Anil Rao,Migraine,Physiotherapy,508,OPD,Private Insurance,68153.41,Partial,Discharged
HP103356,25-05-2023,26-05-2023,Vikram Verma,29,Female,B+,Gynecology,Dr. Kavita Nair,Cancer,Observation,519,Referral,Government Insurance,20473,Pending,Under Treatment
HP103357,02-04-2023,13-04-2023,Neha Reddy,39,Female,A-,Emergency,Dr. Kavita Nair,Skin Infection,Observation,103,Transfer from Another Hospital,Self Pay,129438.64,Paid,Discharged
HP103358,06-11-2026,16-11-2026,Vivaan Verma,57,Female,AB-,Oncology,Dr. Meena Shah,Chest Pain,Surgery,514,Direct Admission,Self Pay,19167.73,Pending,Discharged
HP103359,03-04-2023,06-04-2023,Neha Joshi,37,Male,AB+,Cardiology,Dr. Asha Nair,Fever,Radiation Therapy,509,Day Care,Government Insurance,107128.93,Paid,Discharged
HP103360,01-09-2023,05-09-2023,Sneha Kulkarni,64,Female,O+,Oncology,Dr. Sameer Khan,Asthma,Emergency Care,309,Maternity / Obstetric,Private Insurance,32112.05,Paid,Referred
HP103361,13-11-2025,15-11-2025,Diya Reddy,48,Female,AB-,Gynecology,Dr. Meena Shah,Cancer,Routine Treatment,314,Surgical Admission,Self Pay,111379.06,Paid,Discharged
HP103362,01-05-2021,14-05-2021,Isha Kulkarni,22,Female,O+,ENT,Dr. Meena Shah,Chest Pain,Emergency Care,101,Observation,Corporate Insurance,98188.42,Paid,Discharged
HP103363,26-06-2025,08-07-2025,Aarav Joshi,30,Male,AB+,Cardiology,Dr. Meena Shah,Fracture,Physiotherapy,303,ICU Admission,Self Pay,105107.34,Pending,Discharged
HP103364,26-09-2024,07-10-2024,Aarav Patil,28,Female,AB+,Gynecology,Dr. Anil Rao,Stroke,Surgery,304,Post-Operative Admission,Self Pay,97190.7,Paid,Discharged
HP103365,05-10-2023,16-10-2023,Diya Joshi,23,Female,O+,Emergency,Dr. Suresh Patil,Cancer,Routine Treatment,120,Readmission,Corporate Insurance,62517.24,Paid,Discharged
HP103366,14-07-2023,28-07-2023,Arjun Gupta,4,Male,AB-,Gynecology,Dr. Sameer Khan,Stroke,Physiotherapy,413,Trauma / Accident,Private Insurance,94928.02,Paid,Discharged
HP103367,07-10-2022,18-10-2022,Ananya Shetty,3,Male,B-,Neurology,Dr. Kavita Nair,Migraine,Emergency Care,408,Elective Admission,Private Insurance,39024.79,Paid,Discharged
HP103368,26-07-2026,27-07-2026,Pooja Patil,61,Female,O-,Cardiology,Dr. Meena Shah,Skin Infection,Surgery,319,Emergency,Self Pay,44720.9,Pending,Discharged
HP103369,31-08-2026,04-09-2026,Aditya Joshi,4,Male,A+,General Medicine,Dr. Anil Rao,Sinusitis,Chemotherapy,207,Scheduled / Planned,Corporate Insurance,14444.32,Partial,Under Treatment
HP103370,30-08-2021,14-09-2021,Diya Nayak,65,Female,A-,Gynecology,Dr. Anil Rao,Fracture,Medication,104,OPD,Private Insurance,93860.01,Pending,Admitted
HP103371,08-06-2025,15-06-2025,Pooja Kulkarni,12,Male,B-,Oncology,Dr. Meena Shah,Diabetes,Routine Treatment,401,Referral,Corporate Insurance,126915.27,Partial,Discharged
HP103372,14-03-2023,24-03-2023,Priya Verma,13,Male,A-,Oncology,Dr. Anil Rao,Pregnancy Care,Medication,303,Emergency,Corporate Insurance,59875.25,Paid,Admitted
HP103373,22-08-2023,02-09-2023,Diya Nayak,34,Female,O+,Emergency,Dr. Neha Shah,Cancer,Routine Treatment,107,Scheduled / Planned,Corporate Insurance,35258.35,Paid,Discharged
HP103374,10-03-2021,16-03-2021,Ananya Desai,59,Male,A+,Pediatrics,Dr. Meena Shah,Arthritis,Medication,103,OPD,Corporate Insurance,124469.79,Pending,Discharged
HP103375,27-02-2024,04-03-2024,Aditya Joshi,73,Female,O+,Dermatology,Dr. Raj Malhotra,Hypertension,Medication,115,Referral,Government Insurance,98398.33,Paid,Under Treatment
HP103376,15-07-2021,26-07-2021,Kavya Desai,31,Female,B+,Gynecology,Dr. Neha Shah,Asthma,Radiation Therapy,311,Transfer from Another Hospital,Self Pay,134561.8,Pending,Under Treatment
HP103377,28-12-2026,06-01-2027,Ananya Verma,71,Female,O+,Gynecology,Dr. Suresh Patil,Fracture,Medication,203,Direct Admission,Government Insurance,5905.33,Partial,Admitted
HP103378,16-01-2023,30-01-2023,Isha Kulkarni,13,Female,AB-,Emergency,Dr. Asha Nair,Arthritis,Radiation Therapy,320,Day Care,Corporate Insurance,63167.69,Pending,Discharged
HP103379,16-08-2025,31-08-2025,Kiran Reddy,54,Female,B-,Pediatrics,Dr. Sneha Rao,Fever,Physiotherapy,309,Maternity / Obstetric,Private Insurance,135638.92,Paid,Discharged
HP103380,04-10-2021,06-10-2021,Rohan Gupta,2,Male,O+,Neurology,Dr. Priya Desai,Chest Pain,Observation,517,Surgical Admission,Private Insurance,102930.53,Paid,Discharged
HP103381,02-03-2021,06-03-2021,Aisha Shetty,33,Female,A+,ENT,Dr. Meena Shah,Cancer,Surgery,409,Observation,Government Insurance,72985.59,Paid,Discharged
HP103382,29-03-2026,03-04-2026,Isha Joshi,50,Male,AB-,Orthopedics,Dr. Kavita Nair,Fever,Emergency Care,213,ICU Admission,Corporate Insurance,65109.58,Pending,Admitted
HP103383,01-10-2026,02-10-2026,Aisha Reddy,7,Male,B-,Emergency,Dr. Neha Shah,Cancer,Chemotherapy,514,Post-Operative Admission,Corporate Insurance,134798.27,Partial,Discharged
HP103384,08-11-2025,16-11-2025,Sneha Patil,18,Female,O+,Pediatrics,Dr. Sneha Rao,Skin Infection,Physiotherapy,414,Readmission,Private Insurance,125610.29,Paid,Discharged
HP103385,27-08-2024,04-09-2024,Vivaan Shetty,51,Female,AB+,Cardiology,Dr. Raj Malhotra,Pregnancy Care,Routine Treatment,511,Trauma / Accident,Self Pay,6785.21,Paid,Discharged
HP103386,12-01-2026,18-01-2026,Aarav Shetty,8,Male,O+,General Medicine,Dr. Priya Desai,Chest Pain,Physiotherapy,410,Elective Admission,Government Insurance,22558.06,Paid,Discharged
HP103387,21-07-2022,02-08-2022,Diya Desai,55,Male,O-,Emergency,Dr. Asha Nair,Diabetes,Chemotherapy,512,Emergency,Government Insurance,79285.72,Partial,Under Treatment
HP103388,21-04-2025,26-04-2025,Aarav Reddy,76,Female,B-,Cardiology,Dr. Asha Nair,Fever,Observation,515,Scheduled / Planned,Self Pay,21622.25,Paid,Discharged
HP103389,14-09-2022,22-09-2022,Kiran Sharma,43,Male,B+,ENT,Dr. Asha Nair,Asthma,IV Therapy,508,OPD,Corporate Insurance,44840.79,Paid,Under Treatment
HP103390,19-07-2026,22-07-2026,Ananya Shetty,59,Female,B+,ENT,Dr. Asha Nair,Chest Pain,Routine Treatment,204,Referral,Private Insurance,126061.76,Pending,Under Treatment
HP103391,15-04-2024,18-04-2024,Meera Kulkarni,30,Female,A-,Emergency,Dr. Kiran Shetty,Sinusitis,Physiotherapy,515,Transfer from Another Hospital,Government Insurance,60990.19,Pending,Under Treatment
HP103392,10-11-2021,12-11-2021,Pooja Desai,59,Male,O-,Emergency,Dr. Priya Desai,Fever,Physiotherapy,106,Direct Admission,Government Insurance,70382.61,Paid,Discharged
HP103393,15-11-2026,20-11-2026,Aisha Sharma,9,Male,B-,Gynecology,Dr. Sameer Khan,Asthma,Routine Treatment,209,Day Care,Corporate Insurance,30257.7,Pending,Discharged
HP103394,21-05-2024,24-05-2024,Arjun Shetty,68,Female,O+,Pediatrics,Dr. Kiran Shetty,Stroke,Routine Treatment,507,Maternity / Obstetric,Self Pay,92335.53,Pending,Discharged
HP103395,17-05-2021,20-05-2021,Priya Joshi,39,Male,AB+,Dermatology,Dr. Sameer Khan,Arthritis,Observation,404,Surgical Admission,Private Insurance,22444.97,Pending,Discharged
HP103396,27-10-2023,11-11-2023,Ananya Nayak,81,Male,O+,Emergency,Dr. Raj Malhotra,Diabetes,Medication,211,Observation,Corporate Insurance,96382.1,Partial,Admitted
HP103397,27-11-2026,03-12-2026,Vikram Desai,11,Male,B+,Pediatrics,Dr. Neha Shah,Diabetes,Medication,307,ICU Admission,Government Insurance,113276.7,Paid,Discharged
HP103398,24-10-2022,01-11-2022,Sneha Sharma,2,Male,O-,Orthopedics,Dr. Raj Malhotra,Cancer,Routine Treatment,210,Post-Operative Admission,Private Insurance,131673.29,Pending,Discharged
HP103399,28-03-2021,30-03-2021,Neha Verma,23,Male,A-,Emergency,Dr. Manish Gupta,Chest Pain,Emergency Care,317,Readmission,Corporate Insurance,89454.94,Pending,Admitted
HP103400,25-10-2026,29-10-2026,Aisha Reddy,63,Female,O+,Oncology,Dr. Manish Gupta,Sinusitis,IV Therapy,301,Trauma / Accident,Government Insurance,53133.4,Paid,Discharged
HP103401,01-08-2024,12-08-2024,Diya Desai,22,Female,AB+,Cardiology,Dr. Kavita Nair,Asthma,Physiotherapy,213,Elective Admission,Private Insurance,128493.13,Paid,Under Treatment
HP103402,28-08-2025,04-09-2025,Vikram Kulkarni,61,Female,AB+,Cardiology,Dr. Kiran Shetty,Cancer,Physiotherapy,102,Emergency,Corporate Insurance,91510.52,Pending,Admitted
HP103403,10-05-2022,11-05-2022,Sneha Shetty,26,Female,O+,Oncology,Dr. Anil Rao,Migraine,Surgery,119,Scheduled / Planned,Government Insurance,56929.95,Paid,Discharged
HP103404,06-07-2025,07-07-2025,Arjun Desai,12,Male,AB+,General Medicine,Dr. Meena Shah,Diabetes,Chemotherapy,109,OPD,Private Insurance,51768.21,Paid,Discharged
HP103405,27-04-2026,09-05-2026,Ananya Reddy,32,Male,A+,Neurology,Dr. Priya Desai,Heart Disease,Routine Treatment,112,Referral,Private Insurance,51489.05,Partial,Under Treatment
HP103406,05-12-2023,18-12-2023,Pooja Gupta,9,Female,B+,Dermatology,Dr. Manish Gupta,Skin Infection,Emergency Care,411,Transfer from Another Hospital,Government Insurance,13169.8,Paid,Admitted
HP103407,25-11-2024,05-12-2024,Kavya Joshi,69,Female,A+,Neurology,Dr. Anil Rao,Migraine,Medication,520,Direct Admission,Private Insurance,19693.48,Pending,Discharged
HP103408,20-08-2022,27-08-2022,Ananya Gupta,71,Female,A+,Dermatology,Dr. Manish Gupta,Fever,Emergency Care,504,Day Care,Private Insurance,18007.54,Pending,Under Treatment
HP103409,26-03-2022,09-04-2022,Aisha Reddy,33,Female,B+,ENT,Dr. Neha Shah,Stroke,Radiation Therapy,210,Maternity / Obstetric,Self Pay,50267.26,Paid,Discharged
HP103410,30-04-2022,07-05-2022,Priya Nayak,24,Female,B-,ENT,Dr. Asha Nair,Arthritis,Radiation Therapy,117,Surgical Admission,Self Pay,73726.62,Pending,Discharged
HP103411,08-10-2022,09-10-2022,Meera Nayak,69,Male,AB-,Orthopedics,Dr. Meena Shah,Diabetes,Physiotherapy,404,Observation,Self Pay,26399.1,Paid,Discharged
HP103412,18-06-2025,19-06-2025,Meera Nayak,38,Female,A-,Emergency,Dr. Meena Shah,Arthritis,Medication,114,ICU Admission,Corporate Insurance,125052.93,Paid,Discharged
HP103413,24-10-2022,28-10-2022,Aisha Joshi,11,Female,O-,Oncology,Dr. Asha Nair,Diabetes,IV Therapy,402,Post-Operative Admission,Corporate Insurance,14514.38,Partial,Referred
HP103414,28-01-2023,02-02-2023,Neha Patil,32,Other,O+,Oncology,Dr. Manish Gupta,Hypertension,Emergency Care,213,Readmission,Self Pay,142070.19,Paid,Under Treatment
HP103415,16-10-2021,21-10-2021,Vivaan Gupta,64,Female,O-,Oncology,Dr. Sameer Khan,Skin Infection,Routine Treatment,214,Trauma / Accident,Private Insurance,15792.94,Paid,Discharged
HP103416,22-12-2022,26-12-2022,Aditya Nayak,72,Female,AB-,Gynecology,Dr. Asha Nair,Infection,Surgery,111,Elective Admission,Government Insurance,134726.6,Paid,Discharged
HP103417,30-09-2022,08-10-2022,Kiran Gupta,20,Female,AB-,General Medicine,Dr. Anil Rao,Sinusitis,Medication,401,Emergency,Corporate Insurance,42802.69,Paid,Under Treatment
HP103418,14-05-2022,21-05-2022,Neha Kulkarni,34,Female,AB-,ENT,Dr. Suresh Patil,Infection,Chemotherapy,417,Scheduled / Planned,Government Insurance,148078.28,Paid,Under Treatment
HP103419,26-09-2022,05-10-2022,Aisha Reddy,42,Other,AB-,General Medicine,Dr. Sameer Khan,Fracture,Surgery,108,OPD,Self Pay,80592.53,Paid,Discharged
HP103420,01-08-2025,08-08-2025,Rahul Sharma,8,Female,B+,General Medicine,Dr. Meena Shah,Stroke,Surgery,120,Referral,Government Insurance,7654.61,Paid,Under Treatment
HP103421,24-07-2026,08-08-2026,Isha Joshi,66,Female,AB-,ENT,Dr. Anil Rao,Diabetes,Physiotherapy,313,Transfer from Another Hospital,Government Insurance,45987.01,Paid,Discharged
HP103422,25-04-2021,05-05-2021,Kavya Kulkarni,21,Male,A-,General Medicine,Dr. Raj Malhotra,Stroke,Observation,113,Direct Admission,Private Insurance,141323.69,Paid,Discharged
HP103423,05-11-2022,06-11-2022,Kavya Nayak,79,Female,O+,Cardiology,Dr. Raj Malhotra,Skin Infection,Chemotherapy,213,Day Care,Private Insurance,48451.54,Paid,Under Treatment
HP103424,03-10-2025,16-10-2025,Vivaan Verma,70,Female,B-,Gynecology,Dr. Kiran Shetty,Pregnancy Care,Medication,310,Maternity / Obstetric,Government Insurance,57143.2,Paid,Discharged
HP103425,11-06-2024,25-06-2024,Kavya Nayak,5,Female,B+,ENT,Dr. Neha Shah,Sinusitis,Emergency Care,402,Surgical Admission,Private Insurance,11401.49,Paid,Discharged
HP103426,27-05-2021,03-06-2021,Pooja Nayak,67,Male,AB-,Orthopedics,Dr. Kiran Shetty,Fever,Chemotherapy,314,Observation,Self Pay,41722.18,Pending,Referred
HP103427,06-12-2026,07-12-2026,Aditya Joshi,43,Female,AB+,Neurology,Dr. Anil Rao,Stroke,Physiotherapy,217,ICU Admission,Self Pay,42601.42,Paid,Discharged
HP103428,16-02-2022,23-02-2022,Aisha Patil,16,Male,O+,Gynecology,Dr. Sameer Khan,Infection,Physiotherapy,501,Post-Operative Admission,Government Insurance,108816.2,Partial,Discharged
HP103429,15-08-2025,25-08-2025,Neha Sharma,73,Female,B+,Cardiology,Dr. Meena Shah,Fracture,Surgery,115,Readmission,Corporate Insurance,78336.4,Pending,Under Treatment
HP103430,13-03-2025,21-03-2025,Diya Sharma,35,Male,B-,Pediatrics,Dr. Neha Shah,Migraine,IV Therapy,115,Trauma / Accident,Government Insurance,28346.11,Partial,Under Treatment
HP103431,17-05-2021,28-05-2021,Rahul Kulkarni,83,Female,AB-,Gynecology,Dr. Suresh Patil,Sinusitis,Chemotherapy,220,Elective Admission,Corporate Insurance,120361.91,Paid,Discharged
HP103432,19-01-2021,28-01-2021,Kiran Sharma,43,Male,A+,ENT,Dr. Neha Shah,Arthritis,Physiotherapy,502,Emergency,Corporate Insurance,93670.22,Paid,Discharged
HP103433,14-05-2026,26-05-2026,Aarav Gupta,39,Male,B+,Dermatology,Dr. Priya Desai,Migraine,Chemotherapy,119,Scheduled / Planned,Corporate Insurance,43926.6,Paid,Discharged
HP103434,29-09-2023,02-10-2023,Aditya Nayak,10,Female,O+,Gynecology,Dr. Kiran Shetty,Skin Infection,Radiation Therapy,309,OPD,Self Pay,37448.63,Partial,Discharged
HP103435,25-03-2022,09-04-2022,Aarav Gupta,74,Male,O+,Neurology,Dr. Kiran Shetty,Cancer,Physiotherapy,407,Referral,Government Insurance,139111.67,Paid,Under Treatment
HP103436,03-05-2026,07-05-2026,Kavya Joshi,20,Female,AB+,ENT,Dr. Raj Malhotra,Sinusitis,Medication,212,Transfer from Another Hospital,Corporate Insurance,97373.16,Paid,Discharged
HP103437,04-08-2023,08-08-2023,Ananya Joshi,1,Female,O+,ENT,Dr. Asha Nair,Asthma,Physiotherapy,317,Direct Admission,Government Insurance,122075.43,Paid,Discharged
HP103438,09-10-2024,21-10-2024,Diya Nayak,6,Female,B+,Pediatrics,Dr. Neha Shah,Diabetes,Emergency Care,212,Day Care,Private Insurance,37700.03,Paid,Discharged
HP103439,03-03-2025,12-03-2025,Aditya Shetty,53,Male,A+,Orthopedics,Dr. Meena Shah,Pregnancy Care,Medication,215,Maternity / Obstetric,Private Insurance,90366.73,Paid,Discharged
HP103440,21-05-2021,03-06-2021,Kiran Gupta,46,Female,B+,ENT,Dr. Neha Shah,Heart Disease,Routine Treatment,508,Surgical Admission,Corporate Insurance,12755.99,Pending,Referred
HP103441,05-04-2026,12-04-2026,Aditya Patil,66,Male,AB+,Pediatrics,Dr. Kavita Nair,Infection,Physiotherapy,214,Observation,Self Pay,91234.45,Paid,Discharged
HP103442,03-04-2021,06-04-2021,Neha Verma,38,Female,B-,Orthopedics,Dr. Asha Nair,Sinusitis,Physiotherapy,110,ICU Admission,Self Pay,34519.47,Paid,Discharged
HP103443,27-08-2021,06-09-2021,Neha Sharma,33,Female,AB+,Emergency,Dr. Suresh Patil,Sinusitis,Chemotherapy,416,Post-Operative Admission,Corporate Insurance,102018.46,Paid,Discharged
HP103444,24-07-2021,29-07-2021,Kiran Joshi,67,Male,B-,Emergency,Dr. Priya Desai,Infection,Chemotherapy,517,Readmission,Self Pay,140135.13,Paid,Under Treatment
HP103445,27-12-2024,03-01-2025,Aisha Patil,77,Male,AB+,Dermatology,Dr. Kavita Nair,Migraine,Emergency Care,111,Trauma / Accident,Self Pay,71512.91,Paid,Under Treatment
HP103446,02-09-2021,10-09-2021,Sneha Shetty,35,Male,A-,ENT,Dr. Suresh Patil,Cancer,Chemotherapy,313,Elective Admission,Corporate Insurance,49282.47,Paid,Under Treatment
HP103447,12-04-2023,13-04-2023,Vikram Patil,79,Female,B+,Pediatrics,Dr. Manish Gupta,Infection,IV Therapy,107,Emergency,Self Pay,22873.74,Paid,Discharged
HP103448,22-10-2021,03-11-2021,Vivaan Desai,45,Male,O-,Pediatrics,Dr. Anil Rao,Heart Disease,Radiation Therapy,303,Scheduled / Planned,Private Insurance,102235.8,Pending,Under Treatment
HP103449,06-05-2023,08-05-2023,Aarav Reddy,22,Female,O+,Pediatrics,Dr. Manish Gupta,Migraine,Surgery,214,OPD,Government Insurance,89705.78,Paid,Discharged
HP103450,27-08-2026,03-09-2026,Arjun Reddy,68,Female,B+,Neurology,Dr. Raj Malhotra,Diabetes,IV Therapy,220,Referral,Corporate Insurance,83962.75,Partial,Discharged
HP103451,12-03-2021,23-03-2021,Kavya Kulkarni,17,Female,A+,Orthopedics,Dr. Kavita Nair,Migraine,Routine Treatment,108,Transfer from Another Hospital,Self Pay,140715.08,Paid,Discharged
HP103452,16-07-2024,31-07-2024,Priya Nayak,5,Female,A-,ENT,Dr. Anil Rao,Hypertension,Observation,402,Direct Admission,Self Pay,146832.52,Paid,Discharged
HP103453,10-09-2024,23-09-2024,Kiran Sharma,85,Male,A+,Gynecology,Dr. Raj Malhotra,Fever,Radiation Therapy,214,Day Care,Corporate Insurance,108962.65,Paid,Discharged
HP103454,01-11-2021,15-11-2021,Rahul Shetty,57,Female,B+,Emergency,Dr. Kavita Nair,Heart Disease,Physiotherapy,120,Maternity / Obstetric,Private Insurance,33418.46,Paid,Discharged
HP103455,28-10-2023,10-11-2023,Pooja Joshi,40,Female,A+,Dermatology,Dr. Neha Shah,Chest Pain,Emergency Care,109,Surgical Admission,Private Insurance,142280.7,Pending,Discharged
HP103456,30-08-2024,14-09-2024,Vivaan Gupta,30,Female,B-,Gynecology,Dr. Raj Malhotra,Fracture,Radiation Therapy,114,Observation,Private Insurance,55014.37,Paid,Under Treatment
HP103457,28-03-2023,30-03-2023,Pooja Sharma,42,Male,A-,General Medicine,Dr. Sameer Khan,Asthma,Routine Treatment,213,ICU Admission,Private Insurance,16477.47,Pending,Discharged
HP103458,01-02-2024,08-02-2024,Neha Kulkarni,7,Male,O+,Dermatology,Dr. Raj Malhotra,Fever,Chemotherapy,519,Post-Operative Admission,Government Insurance,39957.29,Pending,Under Treatment
HP103459,01-04-2023,16-04-2023,Arjun Desai,71,Male,AB+,General Medicine,Dr. Kavita Nair,Chest Pain,Emergency Care,308,Readmission,Corporate Insurance,125404.58,Paid,Discharged
HP103460,12-07-2021,21-07-2021,Meera Reddy,19,Male,B-,Dermatology,Dr. Neha Shah,Heart Disease,Emergency Care,307,Trauma / Accident,Government Insurance,34545.9,Pending,Discharged
HP103461,12-11-2025,23-11-2025,Diya Reddy,41,Male,AB-,Pediatrics,Dr. Neha Shah,Diabetes,Emergency Care,117,Elective Admission,Private Insurance,62284.77,Paid,Discharged
HP103462,13-06-2022,15-06-2022,Aisha Gupta,34,Female,AB+,Neurology,Dr. Anil Rao,Heart Disease,Routine Treatment,407,Emergency,Private Insurance,44658.38,Partial,Admitted
HP103463,08-09-2021,15-09-2021,Rahul Nayak,22,Female,A+,Dermatology,Dr. Asha Nair,Asthma,Physiotherapy,417,Scheduled / Planned,Corporate Insurance,11933.55,Pending,Discharged
HP103464,24-11-2025,28-11-2025,Rahul Joshi,52,Female,B+,ENT,Dr. Kiran Shetty,Cancer,Observation,520,OPD,Self Pay,86449.27,Paid,Discharged
HP103465,20-07-2026,31-07-2026,Neha Joshi,6,Female,B-,Oncology,Dr. Anil Rao,Stroke,Physiotherapy,419,Referral,Corporate Insurance,96169.77,Paid,Discharged
HP103466,04-11-2024,17-11-2024,Pooja Reddy,74,Male,A-,Neurology,Dr. Meena Shah,Fever,Routine Treatment,110,Transfer from Another Hospital,Government Insurance,119716.35,Paid,Discharged
HP103467,13-03-2024,15-03-2024,Vikram Shetty,25,Female,AB+,Gynecology,Dr. Kiran Shetty,Stroke,IV Therapy,417,Direct Admission,Self Pay,65125.77,Paid,Discharged
HP103468,04-09-2026,17-09-2026,Meera Desai,66,Female,AB-,General Medicine,Dr. Sameer Khan,Infection,Radiation Therapy,509,Day Care,Private Insurance,25492.92,Paid,Discharged
HP103469,02-01-2024,09-01-2024,Kavya Gupta,10,Female,B-,Pediatrics,Dr. Suresh Patil,Diabetes,Radiation Therapy,105,Maternity / Obstetric,Corporate Insurance,99562.59,Pending,Admitted
HP103470,22-01-2026,04-02-2026,Vivaan Gupta,74,Female,O+,Cardiology,Dr. Sameer Khan,Chest Pain,Routine Treatment,311,Surgical Admission,Self Pay,134059.45,Paid,Referred
HP103471,20-05-2022,25-05-2022,Kavya Patil,26,Male,O+,Gynecology,Dr. Sameer Khan,Stroke,Chemotherapy,412,Observation,Corporate Insurance,22374.1,Paid,Referred
HP103472,10-06-2025,11-06-2025,Priya Kulkarni,5,Female,B+,ENT,Dr. Manish Gupta,Fracture,Physiotherapy,508,ICU Admission,Private Insurance,31479.45,Pending,Under Treatment
HP103473,19-10-2024,24-10-2024,Rohan Kulkarni,68,Male,A-,Neurology,Dr. Priya Desai,Infection,IV Therapy,108,Post-Operative Admission,Government Insurance,52733.73,Pending,Discharged
HP103474,07-05-2024,19-05-2024,Kavya Desai,71,Male,A-,Cardiology,Dr. Meena Shah,Diabetes,Physiotherapy,218,Readmission,Self Pay,99292.99,Paid,Discharged
HP103475,19-12-2022,31-12-2022,Sneha Reddy,50,Male,AB+,Emergency,Dr. Kiran Shetty,Fever,Surgery,310,Trauma / Accident,Self Pay,80952.79,Paid,Discharged
HP103476,05-12-2021,08-12-2021,Ananya Sharma,17,Female,B-,Neurology,Dr. Suresh Patil,Cancer,Physiotherapy,112,Elective Admission,Self Pay,108293.43,Paid,Discharged
HP103477,21-10-2022,28-10-2022,Vikram Gupta,11,Male,B-,ENT,Dr. Raj Malhotra,Fever,Routine Treatment,405,Emergency,Government Insurance,9543.96,Pending,Under Treatment
HP103478,20-08-2023,26-08-2023,Kavya Desai,53,Female,O-,Pediatrics,Dr. Sneha Rao,Fracture,Routine Treatment,317,Scheduled / Planned,Government Insurance,122516.38,Paid,Discharged
HP103479,05-03-2022,13-03-2022,Meera Kulkarni,50,Male,A-,Neurology,Dr. Manish Gupta,Hypertension,Radiation Therapy,315,OPD,Self Pay,148184.97,Paid,Discharged
HP103480,18-06-2023,01-07-2023,Rahul Verma,8,Female,O+,Pediatrics,Dr. Manish Gupta,Stroke,Chemotherapy,312,Referral,Self Pay,11766.35,Partial,Under Treatment
HP103481,19-05-2021,24-05-2021,Rahul Reddy,62,Female,O-,Emergency,Dr. Anil Rao,Infection,Medication,308,Transfer from Another Hospital,Self Pay,76835.24,Pending,Discharged
HP103482,26-06-2022,28-06-2022,Aarav Verma,85,Male,A+,Gynecology,Dr. Suresh Patil,Sinusitis,Routine Treatment,301,Direct Admission,Private Insurance,112287.56,Paid,Discharged
HP103483,06-10-2026,15-10-2026,Pooja Joshi,76,Male,A-,Orthopedics,Dr. Manish Gupta,Infection,Surgery,406,Day Care,Corporate Insurance,74077.91,Pending,Discharged
HP103484,09-06-2024,23-06-2024,Neha Patil,29,Female,B+,ENT,Dr. Raj Malhotra,Fracture,Emergency Care,215,Maternity / Obstetric,Private Insurance,90976.27,Partial,Discharged
HP103485,19-01-2022,30-01-2022,Meera Kulkarni,44,Male,B-,Cardiology,Dr. Sameer Khan,Asthma,IV Therapy,220,Surgical Admission,Private Insurance,138534.41,Paid,Discharged
HP103486,13-07-2021,21-07-2021,Aditya Desai,45,Female,O+,Emergency,Dr. Meena Shah,Migraine,Emergency Care,406,Observation,Government Insurance,83277.32,Pending,Discharged
HP103487,11-03-2026,17-03-2026,Meera Shetty,29,Female,AB+,Emergency,Dr. Manish Gupta,Skin Infection,Radiation Therapy,302,ICU Admission,Self Pay,39306.25,Paid,Admitted
HP103488,02-01-2023,15-01-2023,Meera Joshi,59,Male,O-,General Medicine,Dr. Manish Gupta,Heart Disease,Radiation Therapy,215,Post-Operative Admission,Private Insurance,112100.89,Paid,Discharged
HP103489,04-12-2026,14-12-2026,Rahul Sharma,15,Male,B-,ENT,Dr. Raj Malhotra,Fracture,Surgery,416,Readmission,Self Pay,59437.25,Pending,Discharged
HP103490,16-11-2022,23-11-2022,Kiran Gupta,70,Male,O+,Orthopedics,Dr. Kiran Shetty,Chest Pain,Chemotherapy,417,Trauma / Accident,Government Insurance,46341.69,Paid,Admitted
HP103491,23-03-2021,01-04-2021,Neha Shetty,44,Male,A-,Gynecology,Dr. Kavita Nair,Skin Infection,Surgery,120,Elective Admission,Private Insurance,41018.79,Paid,Under Treatment
HP103492,16-06-2022,23-06-2022,Priya Shetty,36,Male,B+,Oncology,Dr. Sameer Khan,Cancer,Medication,112,Emergency,Self Pay,16507.72,Paid,Discharged
HP103493,07-06-2026,10-06-2026,Isha Joshi,84,Male,A+,Oncology,Dr. Meena Shah,Skin Infection,Radiation Therapy,405,Scheduled / Planned,Government Insurance,140271.56,Pending,Discharged
HP103494,09-08-2021,15-08-2021,Ananya Verma,57,Male,O+,ENT,Dr. Meena Shah,Asthma,Routine Treatment,103,OPD,Government Insurance,86686.85,Paid,Discharged
HP103495,27-09-2022,08-10-2022,Pooja Gupta,64,Male,O+,Emergency,Dr. Raj Malhotra,Diabetes,Chemotherapy,306,Referral,Private Insurance,143489.59,Pending,Under Treatment
HP103496,05-11-2025,18-11-2025,Rahul Patil,76,Female,B-,ENT,Dr. Meena Shah,Stroke,Observation,503,Transfer from Another Hospital,Government Insurance,129959.38,Pending,Discharged
HP103497,18-02-2026,01-03-2026,Vivaan Joshi,38,Female,A-,Emergency,Dr. Priya Desai,Hypertension,Chemotherapy,306,Direct Admission,Corporate Insurance,9383.13,Paid,Under Treatment
HP103498,03-01-2021,10-01-2021,Ananya Kulkarni,17,Female,AB-,General Medicine,Dr. Meena Shah,Infection,Observation,513,Day Care,Government Insurance,40856.36,Paid,Discharged
HP103499,14-09-2025,16-09-2025,Rahul Patil,27,Male,A-,Oncology,Dr. Anil Rao,Diabetes,Chemotherapy,519,Maternity / Obstetric,Private Insurance,50727.38,Paid,Discharged
HP103500,25-07-2021,28-07-2021,Neha Sharma,17,Male,A-,Cardiology,Dr. Asha Nair,Sinusitis,Observation,307,Surgical Admission,Self Pay,76024.16,Paid,Discharged
HP103501,30-01-2026,03-02-2026,Pooja Desai,63,Female,B+,Dermatology,Dr. Kiran Shetty,Asthma,Routine Treatment,520,Observation,Corporate Insurance,108838.65,Paid,Discharged
HP103502,09-02-2021,19-02-2021,Vikram Gupta,11,Female,O-,Oncology,Dr. Kavita Nair,Stroke,IV Therapy,219,ICU Admission,Government Insurance,103711.42,Partial,Admitted
HP103503,08-10-2026,14-10-2026,Diya Patil,64,Male,O-,General Medicine,Dr. Meena Shah,Migraine,Chemotherapy,303,Post-Operative Admission,Self Pay,148154.43,Paid,Discharged
HP103504,06-10-2022,07-10-2022,Diya Verma,39,Male,A-,Cardiology,Dr. Kavita Nair,Diabetes,Radiation Therapy,306,Readmission,Self Pay,138881.78,Partial,Discharged
HP103505,11-03-2025,20-03-2025,Aarav Joshi,2,Female,O+,Orthopedics,Dr. Sameer Khan,Sinusitis,IV Therapy,514,Trauma / Accident,Self Pay,32008.67,Pending,Discharged
HP103506,23-03-2026,28-03-2026,Aditya Gupta,66,Female,A-,Dermatology,Dr. Meena Shah,Pregnancy Care,Medication,309,Elective Admission,Private Insurance,129680.73,Paid,Discharged
HP103507,14-11-2026,27-11-2026,Sneha Patil,54,Male,A-,Orthopedics,Dr. Sameer Khan,Migraine,Observation,216,Emergency,Government Insurance,127225.61,Paid,Discharged
HP103508,17-06-2023,29-06-2023,Rahul Desai,29,Female,O-,Cardiology,Dr. Suresh Patil,Diabetes,Physiotherapy,413,Scheduled / Planned,Corporate Insurance,88345.77,Partial,Discharged
HP103509,22-12-2023,05-01-2024,Vivaan Gupta,45,Female,B-,Dermatology,Dr. Sneha Rao,Infection,Chemotherapy,202,OPD,Private Insurance,54027.51,Paid,Discharged
HP103510,03-07-2024,10-07-2024,Vivaan Verma,80,Female,A-,ENT,Dr. Priya Desai,Asthma,Emergency Care,101,Referral,Self Pay,35249.44,Pending,Discharged
HP103511,02-11-2022,11-11-2022,Diya Patil,31,Female,B+,Pediatrics,Dr. Meena Shah,Diabetes,Emergency Care,314,Transfer from Another Hospital,Government Insurance,35806.32,Paid,Under Treatment
HP103512,14-02-2025,23-02-2025,Vikram Nayak,49,Male,AB-,Gynecology,Dr. Sameer Khan,Infection,Surgery,414,Direct Admission,Self Pay,53984.8,Pending,Discharged
HP103513,20-12-2022,21-12-2022,Meera Sharma,9,Female,B-,Orthopedics,Dr. Kavita Nair,Infection,Emergency Care,112,Day Care,Corporate Insurance,78072.24,Pending,Under Treatment
HP103514,08-12-2023,23-12-2023,Arjun Patil,27,Female,O-,Pediatrics,Dr. Asha Nair,Hypertension,Radiation Therapy,209,Maternity / Obstetric,Self Pay,89654.03,Paid,Under Treatment
HP103515,10-05-2026,11-05-2026,Sneha Sharma,56,Female,O+,Orthopedics,Dr. Manish Gupta,Arthritis,IV Therapy,417,Surgical Admission,Private Insurance,52130.81,Partial,Discharged
HP103516,05-03-2024,08-03-2024,Ananya Kulkarni,78,Female,AB-,Neurology,Dr. Sneha Rao,Cancer,Routine Treatment,218,Observation,Private Insurance,56703.97,Paid,Discharged
HP103517,07-09-2021,13-09-2021,Isha Sharma,45,Female,A-,Dermatology,Dr. Sneha Rao,Pregnancy Care,Surgery,219,ICU Admission,Corporate Insurance,6960.31,Paid,Discharged
HP103518,08-03-2026,10-03-2026,Vivaan Nayak,43,Male,A+,Oncology,Dr. Manish Gupta,Asthma,Chemotherapy,407,Post-Operative Admission,Corporate Insurance,5307.33,Paid,Discharged
HP103519,28-01-2026,07-02-2026,Rohan Shetty,22,Male,AB-,Dermatology,Dr. Manish Gupta,Pregnancy Care,Emergency Care,305,Readmission,Government Insurance,136541.46,Partial,Discharged
HP103520,12-02-2025,24-02-2025,Pooja Sharma,33,Female,B+,ENT,Dr. Kavita Nair,Heart Disease,Emergency Care,507,Trauma / Accident,Government Insurance,7031.99,Paid,Discharged
HP103521,19-05-2024,30-05-2024,Kiran Joshi,27,Male,O-,Cardiology,Dr. Anil Rao,Fracture,Observation,117,Elective Admission,Self Pay,9802.61,Paid,Discharged
HP103522,13-02-2021,14-02-2021,Vikram Nayak,40,Male,A+,Neurology,Dr. Sneha Rao,Chest Pain,Routine Treatment,103,Emergency,Self Pay,34817.12,Paid,Under Treatment
HP103523,06-08-2022,07-08-2022,Priya Patil,26,Male,B+,Neurology,Dr. Priya Desai,Fracture,Emergency Care,201,Scheduled / Planned,Corporate Insurance,112792.78,Partial,Admitted
HP103524,12-07-2024,25-07-2024,Rahul Reddy,83,Female,O+,Orthopedics,Dr. Asha Nair,Asthma,Radiation Therapy,507,OPD,Corporate Insurance,103443.46,Paid,Discharged
HP103525,08-08-2021,13-08-2021,Sneha Shetty,45,Male,A+,Dermatology,Dr. Sameer Khan,Skin Infection,Radiation Therapy,203,Referral,Corporate Insurance,98840.68,Paid,Discharged
HP103526,10-04-2026,14-04-2026,Rahul Patil,45,Female,A-,Dermatology,Dr. Suresh Patil,Diabetes,Observation,203,Transfer from Another Hospital,Self Pay,88368.21,Paid,Discharged
HP103527,18-09-2023,19-09-2023,Ananya Nayak,26,Male,A+,Dermatology,Dr. Asha Nair,Diabetes,IV Therapy,407,Direct Admission,Private Insurance,34246.35,Pending,Discharged
HP103528,18-12-2025,22-12-2025,Isha Kulkarni,70,Male,O+,Cardiology,Dr. Kiran Shetty,Fever,Surgery,119,Day Care,Corporate Insurance,62700.39,Paid,Referred
HP103529,08-05-2023,11-05-2023,Vikram Patil,67,Male,AB-,Neurology,Dr. Sameer Khan,Heart Disease,Observation,507,Maternity / Obstetric,Corporate Insurance,74324.5,Paid,Discharged
HP103530,15-03-2023,17-03-2023,Arjun Reddy,6,Male,O-,ENT,Dr. Asha Nair,Fracture,Emergency Care,301,Surgical Admission,Government Insurance,89454.21,Paid,Admitted
HP103531,05-05-2022,14-05-2022,Aditya Kulkarni,28,Female,A+,Emergency,Dr. Neha Shah,Sinusitis,Surgery,214,Observation,Private Insurance,33772.25,Paid,Discharged
HP103532,16-11-2025,30-11-2025,Priya Gupta,67,Female,B+,Oncology,Dr. Anil Rao,Stroke,Surgery,203,ICU Admission,Private Insurance,110709.88,Pending,Discharged
HP103533,02-02-2025,17-02-2025,Sneha Patil,13,Female,A-,Dermatology,Dr. Raj Malhotra,Infection,Chemotherapy,517,Post-Operative Admission,Self Pay,49792.62,Paid,Discharged
HP103534,02-09-2025,13-09-2025,Ananya Nayak,63,Male,B+,Cardiology,Dr. Manish Gupta,Cancer,IV Therapy,111,Readmission,Corporate Insurance,100732.49,Paid,Under Treatment
HP103535,23-02-2021,24-02-2021,Aditya Shetty,13,Female,A-,General Medicine,Dr. Manish Gupta,Migraine,Physiotherapy,406,Trauma / Accident,Self Pay,79527.56,Paid,Under Treatment
HP103536,08-09-2022,15-09-2022,Priya Gupta,77,Male,AB-,Oncology,Dr. Sameer Khan,Skin Infection,Physiotherapy,314,Elective Admission,Self Pay,90871.1,Paid,Discharged
HP103537,19-12-2023,02-01-2024,Aisha Joshi,1,Male,AB+,ENT,Dr. Priya Desai,Stroke,Chemotherapy,115,Emergency,Private Insurance,64906.52,Paid,Discharged
HP103538,23-01-2026,05-02-2026,Kavya Reddy,40,Female,B-,Pediatrics,Dr. Kavita Nair,Skin Infection,Physiotherapy,219,Scheduled / Planned,Self Pay,69535.01,Paid,Discharged
HP103539,13-08-2023,17-08-2023,Kavya Verma,37,Female,AB-,Cardiology,Dr. Asha Nair,Chest Pain,IV Therapy,314,OPD,Corporate Insurance,130887.21,Paid,Discharged
HP103540,18-06-2025,23-06-2025,Rohan Joshi,31,Male,O+,Dermatology,Dr. Kiran Shetty,Infection,Surgery,316,Referral,Private Insurance,74001.92,Paid,Discharged
HP103541,12-10-2022,22-10-2022,Isha Nayak,17,Male,AB-,Gynecology,Dr. Anil Rao,Heart Disease,Physiotherapy,202,Transfer from Another Hospital,Private Insurance,120113.88,Paid,Discharged
HP103542,30-01-2022,04-02-2022,Pooja Nayak,9,Female,B-,Emergency,Dr. Manish Gupta,Cancer,Observation,116,Direct Admission,Corporate Insurance,62278.56,Paid,Discharged
HP103543,21-09-2024,22-09-2024,Neha Kulkarni,64,Male,B+,General Medicine,Dr. Suresh Patil,Cancer,Medication,304,Day Care,Private Insurance,106577.16,Paid,Discharged
HP103544,06-01-2022,12-01-2022,Aarav Reddy,57,Female,AB-,General Medicine,Dr. Kavita Nair,Fracture,Observation,311,Maternity / Obstetric,Government Insurance,38769.8,Paid,Discharged
HP103545,08-05-2023,21-05-2023,Vivaan Patil,13,Other,A-,ENT,Dr. Manish Gupta,Sinusitis,Observation,105,Surgical Admission,Corporate Insurance,137967.76,Pending,Discharged
HP103546,02-03-2023,11-03-2023,Vikram Kulkarni,37,Female,A+,General Medicine,Dr. Anil Rao,Skin Infection,Physiotherapy,509,Observation,Private Insurance,145255.07,Pending,Discharged
HP103547,20-10-2022,22-10-2022,Isha Gupta,14,Male,O-,Orthopedics,Dr. Kiran Shetty,Arthritis,Routine Treatment,109,ICU Admission,Self Pay,135692.03,Paid,Under Treatment
HP103548,24-10-2024,31-10-2024,Ananya Nayak,75,Female,AB-,Dermatology,Dr. Priya Desai,Chest Pain,Physiotherapy,416,Post-Operative Admission,Self Pay,55230.52,Paid,Under Treatment
HP103549,19-01-2022,25-01-2022,Meera Shetty,25,Male,B-,Pediatrics,Dr. Kiran Shetty,Hypertension,Surgery,205,Readmission,Corporate Insurance,45091.06,Paid,Discharged
HP103550,11-10-2026,16-10-2026,Pooja Gupta,78,Male,AB-,Emergency,Dr. Raj Malhotra,Asthma,Chemotherapy,415,Trauma / Accident,Corporate Insurance,31453.75,Paid,Under Treatment
HP103551,27-08-2021,31-08-2021,Diya Verma,57,Female,B+,Pediatrics,Dr. Sameer Khan,Fracture,Routine Treatment,319,Elective Admission,Corporate Insurance,131584.17,Pending,Discharged
HP103552,14-07-2021,18-07-2021,Rahul Reddy,71,Male,O-,Emergency,Dr. Sameer Khan,Chest Pain,Emergency Care,105,Emergency,Government Insurance,22199.39,Paid,Discharged
HP103553,10-10-2026,16-10-2026,Meera Reddy,42,Male,B+,Gynecology,Dr. Suresh Patil,Sinusitis,IV Therapy,303,Scheduled / Planned,Self Pay,98137.89,Paid,Discharged
HP103554,27-02-2024,02-03-2024,Isha Joshi,42,Female,O-,Gynecology,Dr. Priya Desai,Diabetes,Medication,503,OPD,Self Pay,53062.28,Paid,Discharged
HP103555,09-07-2026,14-07-2026,Arjun Patil,47,Female,B+,Gynecology,Dr. Kavita Nair,Pregnancy Care,Physiotherapy,103,Referral,Corporate Insurance,32248.11,Paid,Under Treatment
HP103556,05-06-2021,18-06-2021,Priya Joshi,44,Male,A-,Dermatology,Dr. Kiran Shetty,Fever,Routine Treatment,412,Transfer from Another Hospital,Self Pay,31750.37,Pending,Discharged
HP103557,12-07-2023,18-07-2023,Pooja Desai,41,Male,O+,General Medicine,Dr. Kiran Shetty,Hypertension,Radiation Therapy,114,Direct Admission,Government Insurance,131290.66,Paid,Discharged
HP103558,29-05-2025,03-06-2025,Arjun Sharma,3,Male,O+,General Medicine,Dr. Manish Gupta,Diabetes,Routine Treatment,304,Day Care,Private Insurance,129673.98,Paid,Discharged
HP103559,02-09-2023,09-09-2023,Vivaan Verma,1,Male,AB-,Emergency,Dr. Priya Desai,Sinusitis,Radiation Therapy,313,Maternity / Obstetric,Government Insurance,44444.17,Partial,Discharged
HP103560,15-05-2024,24-05-2024,Kavya Patil,79,Female,O-,Dermatology,Dr. Sneha Rao,Migraine,Medication,113,Surgical Admission,Corporate Insurance,9896.21,Paid,Discharged
HP103561,20-12-2025,30-12-2025,Pooja Verma,11,Female,B+,Oncology,Dr. Meena Shah,Diabetes,Radiation Therapy,512,Observation,Government Insurance,131017.58,Pending,Discharged
HP103562,18-04-2023,25-04-2023,Diya Verma,7,Female,AB+,Gynecology,Dr. Sneha Rao,Stroke,Radiation Therapy,215,ICU Admission,Self Pay,13312.17,Pending,Discharged
HP103563,01-07-2026,08-07-2026,Priya Verma,12,Male,A+,Cardiology,Dr. Sneha Rao,Infection,IV Therapy,303,Post-Operative Admission,Self Pay,17284.43,Pending,Under Treatment
HP103564,25-09-2024,29-09-2024,Arjun Gupta,38,Male,O+,Dermatology,Dr. Meena Shah,Infection,Emergency Care,302,Readmission,Government Insurance,124178.5,Paid,Discharged
HP103565,23-07-2021,24-07-2021,Aditya Reddy,54,Male,B+,Gynecology,Dr. Raj Malhotra,Infection,Surgery,206,Trauma / Accident,Corporate Insurance,123496.84,Partial,Discharged
HP103566,10-06-2021,24-06-2021,Aditya Verma,67,Male,O+,General Medicine,Dr. Raj Malhotra,Pregnancy Care,Medication,116,Elective Admission,Corporate Insurance,34361.01,Paid,Discharged
HP103567,27-01-2022,04-02-2022,Aditya Patil,53,Male,O-,ENT,Dr. Anil Rao,Sinusitis,Radiation Therapy,209,Emergency,Private Insurance,10541.66,Pending,Discharged
HP103568,08-02-2023,12-02-2023,Vikram Reddy,32,Male,A-,Dermatology,Dr. Anil Rao,Heart Disease,Chemotherapy,316,Scheduled / Planned,Government Insurance,14132.42,Partial,Admitted
HP103569,30-12-2023,31-12-2023,Vikram Shetty,45,Male,A+,ENT,Dr. Kiran Shetty,Cancer,Observation,414,OPD,Private Insurance,70741.44,Paid,Under Treatment
HP103570,09-02-2022,14-02-2022,Vikram Gupta,51,Female,A+,Emergency,Dr. Sameer Khan,Fever,Chemotherapy,418,Referral,Self Pay,65644.01,Pending,Discharged
HP103571,31-08-2022,14-09-2022,Meera Sharma,37,Female,B-,Cardiology,Dr. Priya Desai,Sinusitis,Surgery,218,Transfer from Another Hospital,Government Insurance,31431.9,Partial,Discharged
HP103572,03-06-2025,17-06-2025,Kavya Gupta,59,Female,B+,Orthopedics,Dr. Neha Shah,Fever,Surgery,403,Direct Admission,Private Insurance,136810.84,Paid,Discharged
HP103573,21-03-2025,29-03-2025,Kavya Nayak,54,Male,B+,Neurology,Dr. Neha Shah,Skin Infection,Chemotherapy,207,Day Care,Government Insurance,85099.34,Paid,Discharged
HP103574,12-01-2026,16-01-2026,Pooja Verma,18,Female,AB-,Orthopedics,Dr. Sameer Khan,Chest Pain,Physiotherapy,507,Maternity / Obstetric,Government Insurance,122064.14,Paid,Discharged
HP103575,21-11-2022,04-12-2022,Diya Reddy,1,Female,A-,Neurology,Dr. Anil Rao,Stroke,Emergency Care,504,Surgical Admission,Self Pay,20040.27,Partial,Discharged
HP103576,25-05-2024,06-06-2024,Rohan Patil,21,Male,AB+,Gynecology,Dr. Manish Gupta,Stroke,Chemotherapy,115,Observation,Private Insurance,146151.49,Paid,Discharged
HP103577,05-10-2026,13-10-2026,Priya Verma,28,Female,AB-,Emergency,Dr. Sneha Rao,Fracture,Chemotherapy,510,ICU Admission,Private Insurance,122411.96,Paid,Discharged
HP103578,01-01-2022,09-01-2022,Rahul Nayak,16,Female,AB+,Neurology,Dr. Priya Desai,Infection,Observation,205,Post-Operative Admission,Private Insurance,46734.49,Pending,Discharged
HP103579,19-09-2025,22-09-2025,Ananya Verma,48,Female,B-,General Medicine,Dr. Kavita Nair,Pregnancy Care,Physiotherapy,419,Readmission,Private Insurance,8013.9,Paid,Discharged
HP103580,31-03-2022,09-04-2022,Vikram Gupta,28,Male,O+,Pediatrics,Dr. Sameer Khan,Asthma,Medication,116,Trauma / Accident,Private Insurance,28853.77,Partial,Admitted
HP103581,14-04-2021,17-04-2021,Vikram Kulkarni,22,Male,O+,Pediatrics,Dr. Raj Malhotra,Fever,Chemotherapy,404,Elective Admission,Self Pay,65683.39,Pending,Discharged
HP103582,18-03-2021,19-03-2021,Kavya Kulkarni,83,Female,AB+,Cardiology,Dr. Neha Shah,Arthritis,Routine Treatment,111,Emergency,Government Insurance,5432.89,Partial,Discharged
HP103583,18-08-2021,20-08-2021,Vivaan Sharma,1,Male,O+,Gynecology,Dr. Kiran Shetty,Arthritis,Medication,101,Scheduled / Planned,Self Pay,10921.87,Paid,Discharged
HP103584,22-04-2026,07-05-2026,Pooja Joshi,42,Female,O-,Pediatrics,Dr. Suresh Patil,Cancer,IV Therapy,112,OPD,Government Insurance,19302.22,Paid,Under Treatment
HP103585,20-04-2024,26-04-2024,Aisha Patil,70,Female,A-,Gynecology,Dr. Asha Nair,Fever,Observation,410,Referral,Private Insurance,122408.89,Paid,Discharged
HP103586,12-06-2023,24-06-2023,Kavya Desai,3,Male,O-,General Medicine,Dr. Kavita Nair,Infection,Surgery,120,Transfer from Another Hospital,Self Pay,84295.54,Paid,Discharged
HP103587,23-04-2025,03-05-2025,Meera Verma,80,Female,O+,Gynecology,Dr. Kavita Nair,Migraine,Chemotherapy,503,Direct Admission,Corporate Insurance,32692.21,Paid,Discharged
HP103588,06-09-2026,08-09-2026,Rohan Shetty,81,Female,B-,Emergency,Dr. Priya Desai,Fracture,Chemotherapy,204,Day Care,Government Insurance,43347.61,Partial,Discharged
HP103589,03-08-2025,09-08-2025,Aisha Nayak,44,Male,B+,Cardiology,Dr. Priya Desai,Asthma,Radiation Therapy,313,Maternity / Obstetric,Government Insurance,98115.92,Paid,Admitted
HP103590,26-10-2021,09-11-2021,Priya Patil,27,Male,AB+,Gynecology,Dr. Raj Malhotra,Skin Infection,Physiotherapy,413,Surgical Admission,Government Insurance,51198.47,Pending,Under Treatment
HP103591,15-08-2023,16-08-2023,Rohan Patil,51,Female,A-,Cardiology,Dr. Meena Shah,Arthritis,Emergency Care,401,Observation,Private Insurance,103909.21,Pending,Discharged
HP103592,20-01-2024,31-01-2024,Vivaan Joshi,24,Female,A-,Dermatology,Dr. Sameer Khan,Cancer,Observation,203,ICU Admission,Self Pay,117843.1,Paid,Under Treatment
HP103593,14-01-2025,27-01-2025,Arjun Nayak,20,Male,B+,General Medicine,Dr. Neha Shah,Pregnancy Care,Physiotherapy,513,Post-Operative Admission,Government Insurance,49460.54,Paid,Discharged
HP103594,31-12-2021,01-01-2022,Pooja Reddy,32,Male,O+,Gynecology,Dr. Meena Shah,Arthritis,Observation,416,Readmission,Private Insurance,58144.34,Paid,Discharged
HP103595,26-08-2025,31-08-2025,Vikram Shetty,13,Female,A-,Dermatology,Dr. Neha Shah,Migraine,Medication,105,Trauma / Accident,Self Pay,12260.76,Paid,Under Treatment
HP103596,17-12-2021,27-12-2021,Arjun Patil,43,Female,B-,Pediatrics,Dr. Manish Gupta,Migraine,Chemotherapy,310,Elective Admission,Corporate Insurance,123870.76,Partial,Discharged
HP103597,20-03-2026,02-04-2026,Ananya Patil,20,Male,B-,Emergency,Dr. Sameer Khan,Sinusitis,Chemotherapy,309,Emergency,Government Insurance,92880.2,Paid,Discharged
HP103598,09-10-2023,20-10-2023,Meera Nayak,2,Female,O-,ENT,Dr. Asha Nair,Fever,Chemotherapy,207,Scheduled / Planned,Private Insurance,133798.93,Partial,Under Treatment
HP103599,14-05-2022,23-05-2022,Neha Verma,68,Male,AB-,Orthopedics,Dr. Sameer Khan,Arthritis,Surgery,407,OPD,Government Insurance,32393.34,Paid,Discharged
HP103600,08-08-2023,22-08-2023,Meera Shetty,60,Male,A+,Cardiology,Dr. Kiran Shetty,Hypertension,Medication,306,Referral,Private Insurance,144287.06,Paid,Admitted
HP103601,18-06-2026,26-06-2026,Vivaan Reddy,4,Female,B+,Oncology,Dr. Sneha Rao,Pregnancy Care,Routine Treatment,513,Transfer from Another Hospital,Corporate Insurance,107476.67,Pending,Discharged
HP103602,09-08-2026,12-08-2026,Rohan Sharma,17,Male,O+,ENT,Dr. Manish Gupta,Fever,Surgery,212,Direct Admission,Self Pay,33508.5,Paid,Discharged
HP103603,23-05-2022,07-06-2022,Vivaan Patil,1,Female,A-,General Medicine,Dr. Suresh Patil,Chest Pain,IV Therapy,502,Day Care,Government Insurance,72130.91,Pending,Discharged
HP103604,20-08-2024,23-08-2024,Diya Gupta,33,Male,AB+,Dermatology,Dr. Raj Malhotra,Chest Pain,IV Therapy,513,Maternity / Obstetric,Corporate Insurance,106347.89,Paid,Admitted
HP103605,15-06-2021,30-06-2021,Rahul Sharma,30,Female,AB-,General Medicine,Dr. Meena Shah,Migraine,Radiation Therapy,110,Surgical Admission,Corporate Insurance,7461.03,Partial,Discharged
HP103606,09-07-2023,10-07-2023,Kavya Joshi,5,Male,O-,Dermatology,Dr. Sameer Khan,Infection,Medication,210,Observation,Corporate Insurance,118141.56,Paid,Discharged
HP103607,24-04-2021,08-05-2021,Pooja Gupta,12,Male,B-,Cardiology,Dr. Asha Nair,Fracture,Chemotherapy,411,ICU Admission,Private Insurance,142413.64,Paid,Discharged
HP103608,19-09-2023,22-09-2023,Vivaan Patil,32,Female,B+,Cardiology,Dr. Meena Shah,Asthma,Physiotherapy,104,Post-Operative Admission,Private Insurance,16816.97,Pending,Admitted
HP103609,06-05-2026,21-05-2026,Kiran Reddy,38,Female,O+,Neurology,Dr. Asha Nair,Fracture,Surgery,119,Readmission,Private Insurance,135227.08,Pending,Discharged
HP103610,12-06-2024,26-06-2024,Aarav Kulkarni,17,Female,B+,Pediatrics,Dr. Suresh Patil,Skin Infection,IV Therapy,213,Trauma / Accident,Self Pay,72344.37,Paid,Under Treatment
HP103611,30-05-2022,11-06-2022,Ananya Gupta,58,Female,O+,Oncology,Dr. Neha Shah,Cancer,Observation,209,Elective Admission,Corporate Insurance,79761.81,Paid,Discharged
HP103612,16-05-2024,28-05-2024,Meera Patil,40,Female,B-,Gynecology,Dr. Kavita Nair,Infection,Routine Treatment,210,Emergency,Private Insurance,126815.66,Paid,Under Treatment
HP103613,10-12-2022,22-12-2022,Vikram Shetty,24,Female,O-,Neurology,Dr. Asha Nair,Migraine,Medication,420,Scheduled / Planned,Government Insurance,90500.43,Paid,Discharged
HP103614,26-12-2026,08-01-2027,Ananya Gupta,12,Female,A+,Cardiology,Dr. Sameer Khan,Pregnancy Care,Physiotherapy,304,OPD,Self Pay,55956.73,Paid,Discharged
HP103615,05-12-2021,16-12-2021,Sneha Joshi,19,Female,B+,Emergency,Dr. Sneha Rao,Heart Disease,Physiotherapy,412,Referral,Government Insurance,111225.71,Pending,Discharged
HP103616,09-03-2021,10-03-2021,Arjun Shetty,29,Female,A-,Dermatology,Dr. Manish Gupta,Skin Infection,Observation,414,Transfer from Another Hospital,Private Insurance,25057.44,Paid,Under Treatment
HP103617,16-05-2025,24-05-2025,Aarav Gupta,85,Female,AB+,ENT,Dr. Asha Nair,Infection,Chemotherapy,319,Direct Admission,Corporate Insurance,101609.9,Partial,Discharged
HP103618,14-04-2025,15-04-2025,Sneha Verma,52,Male,AB+,Gynecology,Dr. Suresh Patil,Fever,IV Therapy,310,Day Care,Private Insurance,117320.45,Paid,Discharged
HP103619,18-01-2022,23-01-2022,Vivaan Sharma,17,Female,B-,Emergency,Dr. Meena Shah,Stroke,Emergency Care,418,Maternity / Obstetric,Government Insurance,53541.61,Paid,Under Treatment
HP103620,19-01-2021,28-01-2021,Kiran Reddy,73,Male,B+,ENT,Dr. Sneha Rao,Fever,Physiotherapy,318,Surgical Admission,Government Insurance,145683.74,Paid,Discharged
HP103621,23-10-2026,30-10-2026,Sneha Kulkarni,21,Male,AB+,General Medicine,Dr. Raj Malhotra,Skin Infection,IV Therapy,517,Observation,Self Pay,97887.27,Paid,Discharged
HP103622,27-07-2022,31-07-2022,Aarav Desai,60,Male,B+,Pediatrics,Dr. Kiran Shetty,Chest Pain,Surgery,506,ICU Admission,Private Insurance,18873.41,Paid,Discharged
HP103623,23-07-2024,03-08-2024,Isha Joshi,75,Female,B-,Neurology,Dr. Kiran Shetty,Stroke,Observation,209,Post-Operative Admission,Corporate Insurance,145111.24,Pending,Discharged
HP103624,28-04-2026,07-05-2026,Rohan Sharma,20,Female,A+,Cardiology,Dr. Kiran Shetty,Hypertension,Physiotherapy,504,Readmission,Self Pay,112878.99,Paid,Admitted
HP103625,13-10-2022,22-10-2022,Aarav Desai,53,Female,AB+,Gynecology,Dr. Manish Gupta,Hypertension,Physiotherapy,503,Trauma / Accident,Private Insurance,105868.49,Paid,Discharged
HP103626,04-07-2025,06-07-2025,Rahul Desai,80,Male,A-,Orthopedics,Dr. Sameer Khan,Hypertension,Observation,419,Elective Admission,Corporate Insurance,41721.21,Pending,Under Treatment
HP103627,21-09-2023,01-10-2023,Vivaan Verma,63,Male,O-,General Medicine,Dr. Kiran Shetty,Infection,Radiation Therapy,101,Emergency,Government Insurance,73606.3,Partial,Admitted
HP103628,31-08-2024,10-09-2024,Rohan Gupta,57,Female,AB-,Cardiology,Dr. Meena Shah,Fracture,Radiation Therapy,103,Scheduled / Planned,Corporate Insurance,135652.38,Partial,Discharged
HP103629,20-06-2023,01-07-2023,Ananya Kulkarni,29,Male,B-,Gynecology,Dr. Raj Malhotra,Heart Disease,Medication,318,OPD,Self Pay,49682.38,Pending,Discharged
HP103630,12-08-2025,24-08-2025,Neha Desai,1,Male,AB-,ENT,Dr. Kavita Nair,Infection,IV Therapy,211,Referral,Private Insurance,66383.12,Paid,Discharged
HP103631,05-05-2025,11-05-2025,Vivaan Joshi,82,Male,O-,Oncology,Dr. Kiran Shetty,Heart Disease,Surgery,102,Transfer from Another Hospital,Government Insurance,42229.04,Paid,Discharged
HP103632,08-04-2026,12-04-2026,Aisha Desai,59,Female,O-,General Medicine,Dr. Sameer Khan,Heart Disease,Emergency Care,404,Direct Admission,Self Pay,36305.74,Partial,Discharged
HP103633,17-11-2025,25-11-2025,Diya Patil,64,Male,A+,Oncology,Dr. Sneha Rao,Cancer,Physiotherapy,114,Day Care,Self Pay,11338.68,Partial,Discharged
HP103634,11-02-2024,23-02-2024,Neha Verma,72,Male,A-,ENT,Dr. Kiran Shetty,Hypertension,Routine Treatment,316,Maternity / Obstetric,Self Pay,111850.46,Paid,Discharged
HP103635,29-04-2026,10-05-2026,Diya Reddy,71,Female,AB-,Oncology,Dr. Manish Gupta,Fracture,Routine Treatment,214,Surgical Admission,Government Insurance,18160.08,Partial,Under Treatment
HP103636,04-11-2023,11-11-2023,Vikram Verma,44,Male,A-,Orthopedics,Dr. Anil Rao,Fracture,Radiation Therapy,215,Observation,Self Pay,82042.01,Pending,Discharged
HP103637,05-10-2025,12-10-2025,Neha Nayak,48,Female,AB+,Dermatology,Dr. Priya Desai,Diabetes,Surgery,309,ICU Admission,Private Insurance,12220.34,Paid,Discharged
HP103638,15-10-2021,26-10-2021,Isha Sharma,75,Male,B+,Orthopedics,Dr. Priya Desai,Hypertension,Surgery,516,Post-Operative Admission,Government Insurance,147662.16,Paid,Discharged
HP103639,10-05-2025,20-05-2025,Kavya Nayak,15,Male,B-,Gynecology,Dr. Asha Nair,Stroke,Surgery,110,Readmission,Self Pay,107869.64,Paid,Discharged
HP103640,12-10-2025,21-10-2025,Aisha Reddy,35,Female,A-,General Medicine,Dr. Meena Shah,Asthma,IV Therapy,509,Trauma / Accident,Government Insurance,96405.77,Paid,Discharged
HP103641,04-01-2024,17-01-2024,Ananya Kulkarni,23,Female,O-,Gynecology,Dr. Meena Shah,Infection,Routine Treatment,410,Elective Admission,Private Insurance,32027.05,Paid,Under Treatment
HP103642,29-07-2023,03-08-2023,Aisha Gupta,53,Female,AB+,Dermatology,Dr. Anil Rao,Fracture,Chemotherapy,120,Emergency,Self Pay,81567.84,Paid,Discharged
HP103643,19-12-2024,25-12-2024,Rohan Verma,45,Female,O-,ENT,Dr. Raj Malhotra,Diabetes,Chemotherapy,316,Scheduled / Planned,Government Insurance,78015.92,Paid,Discharged
HP103644,25-07-2022,26-07-2022,Rahul Nayak,85,Male,A+,Gynecology,Dr. Sneha Rao,Pregnancy Care,Physiotherapy,513,OPD,Government Insurance,57004.06,Pending,Referred
HP103645,28-09-2023,04-10-2023,Kiran Desai,13,Male,O+,General Medicine,Dr. Asha Nair,Stroke,Physiotherapy,511,Referral,Corporate Insurance,27636.23,Paid,Under Treatment
HP103646,20-04-2024,22-04-2024,Aisha Gupta,34,Male,A-,Emergency,Dr. Sneha Rao,Migraine,Physiotherapy,103,Transfer from Another Hospital,Private Insurance,58233.99,Paid,Discharged
HP103647,07-07-2023,13-07-2023,Sneha Shetty,38,Female,A+,Dermatology,Dr. Neha Shah,Arthritis,Medication,402,Direct Admission,Private Insurance,93320.09,Paid,Discharged
HP103648,18-02-2026,27-02-2026,Kiran Patil,70,Female,B-,Emergency,Dr. Asha Nair,Chest Pain,Radiation Therapy,519,Day Care,Corporate Insurance,75665.8,Paid,Under Treatment
HP103649,13-04-2023,21-04-2023,Kiran Reddy,68,Female,AB+,Orthopedics,Dr. Asha Nair,Fracture,Surgery,411,Maternity / Obstetric,Government Insurance,87656.42,Paid,Discharged
HP103650,06-08-2025,15-08-2025,Priya Nayak,5,Male,A+,Pediatrics,Dr. Sameer Khan,Cancer,Chemotherapy,203,Surgical Admission,Self Pay,87942.59,Partial,Referred
HP103651,08-09-2022,21-09-2022,Aarav Nayak,40,Female,B+,Cardiology,Dr. Meena Shah,Migraine,Routine Treatment,413,Observation,Self Pay,40477.84,Partial,Referred
HP103652,10-02-2022,25-02-2022,Vikram Kulkarni,70,Female,AB-,ENT,Dr. Anil Rao,Asthma,Surgery,520,ICU Admission,Government Insurance,21091.4,Paid,Under Treatment
HP103653,16-10-2025,26-10-2025,Aditya Desai,21,Female,A+,Cardiology,Dr. Priya Desai,Sinusitis,Medication,409,Post-Operative Admission,Private Insurance,80653.95,Paid,Referred
HP103654,03-04-2021,11-04-2021,Aditya Desai,28,Female,A+,Cardiology,Dr. Sneha Rao,Stroke,IV Therapy,107,Readmission,Corporate Insurance,134393.96,Paid,Discharged
HP103655,16-10-2022,19-10-2022,Neha Nayak,3,Female,O-,Dermatology,Dr. Priya Desai,Migraine,IV Therapy,101,Trauma / Accident,Self Pay,149328.06,Paid,Discharged
HP103656,10-03-2022,18-03-2022,Meera Patil,23,Male,AB+,ENT,Dr. Sneha Rao,Pregnancy Care,Medication,303,Elective Admission,Self Pay,118955.44,Partial,Discharged
HP103657,10-02-2024,16-02-2024,Vivaan Joshi,72,Male,AB+,Orthopedics,Dr. Asha Nair,Infection,Routine Treatment,416,Emergency,Private Insurance,37061.94,Paid,Discharged
HP103658,10-01-2022,23-01-2022,Vivaan Verma,19,Male,A-,Neurology,Dr. Meena Shah,Stroke,Physiotherapy,518,Scheduled / Planned,Private Insurance,96396.89,Paid,Discharged
HP103659,03-12-2023,09-12-2023,Kiran Gupta,75,Male,AB-,Dermatology,Dr. Anil Rao,Skin Infection,Surgery,109,OPD,Private Insurance,39635.63,Partial,Discharged
HP103660,26-07-2021,01-08-2021,Aarav Desai,50,Male,O-,Oncology,Dr. Kiran Shetty,Infection,Chemotherapy,511,Referral,Corporate Insurance,88585.58,Paid,Under Treatment
HP103661,19-02-2023,22-02-2023,Arjun Patil,74,Male,A+,Pediatrics,Dr. Asha Nair,Asthma,IV Therapy,406,Transfer from Another Hospital,Government Insurance,74699.77,Paid,Discharged
HP103662,12-08-2024,22-08-2024,Rahul Patil,58,Male,A+,Cardiology,Dr. Asha Nair,Stroke,Observation,109,Direct Admission,Corporate Insurance,60325.58,Paid,Discharged
HP103663,16-02-2024,17-02-2024,Aditya Nayak,20,Female,AB+,Neurology,Dr. Asha Nair,Sinusitis,Observation,217,Day Care,Government Insurance,98037.69,Paid,Discharged
HP103664,16-06-2022,28-06-2022,Pooja Kulkarni,72,Female,O+,Orthopedics,Dr. Kiran Shetty,Migraine,Routine Treatment,313,Maternity / Obstetric,Corporate Insurance,129368.23,Pending,Admitted
HP103665,31-03-2021,14-04-2021,Aisha Reddy,83,Female,B+,Gynecology,Dr. Sneha Rao,Hypertension,Routine Treatment,414,Surgical Admission,Government Insurance,53934.09,Pending,Discharged
HP103666,23-01-2024,27-01-2024,Isha Kulkarni,53,Male,O-,Cardiology,Dr. Meena Shah,Fracture,Medication,408,Observation,Private Insurance,75506.9,Paid,Discharged
HP103667,13-01-2021,23-01-2021,Pooja Sharma,85,Male,O+,ENT,Dr. Kavita Nair,Fever,Chemotherapy,313,ICU Admission,Government Insurance,71094.61,Paid,Discharged
HP103668,01-02-2026,13-02-2026,Sneha Kulkarni,82,Male,O-,Neurology,Dr. Neha Shah,Diabetes,Radiation Therapy,406,Post-Operative Admission,Private Insurance,41137.48,Paid,Discharged
HP103669,16-03-2023,22-03-2023,Ananya Shetty,9,Female,AB+,Pediatrics,Dr. Asha Nair,Chest Pain,IV Therapy,402,Readmission,Corporate Insurance,66061.18,Paid,Under Treatment
HP103670,03-08-2023,14-08-2023,Isha Desai,4,Female,B+,ENT,Dr. Kavita Nair,Stroke,Chemotherapy,211,Trauma / Accident,Government Insurance,8129.75,Paid,Discharged
HP103671,01-02-2026,13-02-2026,Aisha Verma,41,Male,AB-,Pediatrics,Dr. Asha Nair,Stroke,Radiation Therapy,303,Elective Admission,Government Insurance,80027.64,Pending,Discharged
HP103672,30-05-2025,09-06-2025,Kiran Verma,25,Female,O+,ENT,Dr. Kiran Shetty,Chest Pain,Radiation Therapy,308,Emergency,Self Pay,109514.95,Paid,Discharged
HP103673,14-05-2026,16-05-2026,Arjun Verma,34,Male,AB+,Gynecology,Dr. Priya Desai,Cancer,Routine Treatment,517,Scheduled / Planned,Private Insurance,58303.66,Partial,Discharged
HP103674,19-11-2023,26-11-2023,Meera Reddy,73,Female,AB-,Dermatology,Dr. Sameer Khan,Asthma,IV Therapy,301,OPD,Self Pay,113253.26,Paid,Discharged
HP103675,23-10-2021,30-10-2021,Aisha Nayak,9,Male,B-,ENT,Dr. Neha Shah,Cancer,Surgery,520,Referral,Corporate Insurance,113845.14,Partial,Under Treatment
HP103676,15-07-2023,26-07-2023,Neha Kulkarni,82,Male,A+,Orthopedics,Dr. Anil Rao,Skin Infection,Emergency Care,108,Transfer from Another Hospital,Corporate Insurance,147696.73,Paid,Under Treatment
HP103677,02-10-2022,06-10-2022,Vivaan Nayak,75,Female,AB-,Pediatrics,Dr. Priya Desai,Cancer,Medication,505,Direct Admission,Private Insurance,84161.9,Partial,Discharged
HP103678,20-09-2022,24-09-2022,Ananya Nayak,13,Female,B+,Oncology,Dr. Sameer Khan,Migraine,Emergency Care,318,Day Care,Corporate Insurance,63589.3,Pending,Under Treatment
HP103679,13-03-2024,28-03-2024,Arjun Patil,9,Female,B-,Dermatology,Dr. Kavita Nair,Cancer,Physiotherapy,416,Maternity / Obstetric,Corporate Insurance,97731.03,Paid,Under Treatment
HP103680,31-07-2023,01-08-2023,Isha Patil,80,Female,B+,Emergency,Dr. Raj Malhotra,Hypertension,Physiotherapy,312,Surgical Admission,Government Insurance,95853.56,Paid,Under Treatment
HP103681,10-04-2023,23-04-2023,Vivaan Reddy,4,Male,A-,Gynecology,Dr. Suresh Patil,Infection,Chemotherapy,219,Observation,Government Insurance,148164.62,Pending,Discharged
HP103682,06-11-2025,08-11-2025,Kiran Reddy,34,Male,A-,Oncology,Dr. Kiran Shetty,Infection,Observation,418,ICU Admission,Government Insurance,107615.61,Pending,Discharged
HP103683,03-09-2023,12-09-2023,Aisha Joshi,7,Female,A+,Cardiology,Dr. Sameer Khan,Sinusitis,IV Therapy,508,Post-Operative Admission,Private Insurance,49454.17,Pending,Discharged
HP103684,13-08-2023,23-08-2023,Kavya Joshi,15,Female,B-,ENT,Dr. Asha Nair,Asthma,Emergency Care,214,Readmission,Private Insurance,32188.93,Paid,Under Treatment
HP103685,16-06-2024,24-06-2024,Vivaan Nayak,38,Female,B-,Gynecology,Dr. Sameer Khan,Stroke,Emergency Care,515,Trauma / Accident,Government Insurance,119945.3,Paid,Discharged
HP103686,10-08-2023,18-08-2023,Ananya Gupta,75,Male,A-,Cardiology,Dr. Kiran Shetty,Skin Infection,Surgery,206,Elective Admission,Corporate Insurance,31065.14,Paid,Under Treatment
HP103687,02-08-2023,11-08-2023,Arjun Kulkarni,52,Female,A+,General Medicine,Dr. Priya Desai,Cancer,Physiotherapy,110,Emergency,Self Pay,95979.17,Paid,Discharged
HP103688,19-04-2024,04-05-2024,Diya Reddy,81,Male,AB-,Gynecology,Dr. Anil Rao,Diabetes,Medication,311,Scheduled / Planned,Government Insurance,24185.86,Pending,Discharged
HP103689,06-11-2026,13-11-2026,Pooja Gupta,83,Female,A-,Oncology,Dr. Priya Desai,Sinusitis,Physiotherapy,306,OPD,Government Insurance,109212.29,Paid,Under Treatment
HP103690,15-03-2025,28-03-2025,Kavya Verma,7,Female,B-,Cardiology,Dr. Sneha Rao,Arthritis,Radiation Therapy,109,Referral,Corporate Insurance,118519.75,Pending,Referred
HP103691,02-01-2024,11-01-2024,Kiran Joshi,45,Female,B+,Oncology,Dr. Priya Desai,Sinusitis,Observation,504,Emergency,Corporate Insurance,148628.29,Paid,Discharged
HP103692,28-06-2021,08-07-2021,Arjun Kulkarni,59,Male,O+,Pediatrics,Dr. Raj Malhotra,Stroke,Surgery,320,Scheduled / Planned,Government Insurance,143361.46,Paid,Discharged
HP103693,03-01-2026,15-01-2026,Sneha Verma,21,Male,B-,Orthopedics,Dr. Sameer Khan,Infection,Observation,311,OPD,Government Insurance,108502.02,Paid,Admitted
HP103694,11-06-2024,13-06-2024,Arjun Verma,28,Male,A+,Dermatology,Dr. Neha Shah,Hypertension,Chemotherapy,317,Referral,Self Pay,45241.85,Paid,Discharged
HP103695,10-04-2022,16-04-2022,Diya Desai,3,Female,B-,ENT,Dr. Kiran Shetty,Arthritis,Routine Treatment,508,Transfer from Another Hospital,Self Pay,11339.13,Paid,Discharged
HP103696,10-11-2025,25-11-2025,Kiran Desai,14,Male,AB+,Orthopedics,Dr. Kiran Shetty,Asthma,IV Therapy,308,Direct Admission,Corporate Insurance,85510.02,Paid,Discharged
HP103697,15-05-2024,18-05-2024,Meera Patil,2,Female,B-,Oncology,Dr. Kavita Nair,Skin Infection,IV Therapy,319,Day Care,Self Pay,116067.16,Partial,Discharged
HP103698,04-06-2023,15-06-2023,Priya Desai,29,Female,AB+,Orthopedics,Dr. Suresh Patil,Hypertension,IV Therapy,203,Maternity / Obstetric,Corporate Insurance,6540.44,Partial,Discharged
HP103699,25-08-2024,09-09-2024,Kiran Patil,18,Female,A-,Orthopedics,Dr. Suresh Patil,Asthma,Routine Treatment,108,Surgical Admission,Private Insurance,81096.18,Paid,Discharged
HP103700,13-07-2025,19-07-2025,Rahul Patil,37,Female,AB-,Gynecology,Dr. Raj Malhotra,Stroke,Chemotherapy,108,Observation,Government Insurance,133018.75,Paid,Discharged
HP103701,03-08-2023,06-08-2023,Pooja Patil,45,Female,AB+,Gynecology,Dr. Manish Gupta,Chest Pain,Physiotherapy,407,ICU Admission,Private Insurance,97396.59,Paid,Referred
HP103702,14-07-2023,22-07-2023,Aarav Verma,45,Female,B-,Orthopedics,Dr. Meena Shah,Migraine,Surgery,112,Post-Operative Admission,Government Insurance,104148.25,Partial,Discharged
HP103703,23-04-2026,08-05-2026,Priya Joshi,24,Male,AB-,Gynecology,Dr. Asha Nair,Cancer,Routine Treatment,502,Readmission,Self Pay,73778.17,Paid,Discharged
HP103704,09-05-2022,20-05-2022,Rohan Shetty,46,Female,O-,Emergency,Dr. Sneha Rao,Stroke,Physiotherapy,115,Trauma / Accident,Government Insurance,141756.75,Partial,Discharged
HP103705,27-03-2025,11-04-2025,Aarav Kulkarni,12,Female,O+,ENT,Dr. Suresh Patil,Infection,Radiation Therapy,315,Elective Admission,Corporate Insurance,59323.85,Paid,Discharged
HP103706,24-05-2026,06-06-2026,Isha Kulkarni,53,Male,AB-,Dermatology,Dr. Anil Rao,Fracture,Observation,519,Emergency,Corporate Insurance,59969.05,Pending,Discharged
HP103707,31-12-2023,04-01-2024,Vivaan Nayak,45,Female,B-,Dermatology,Dr. Kiran Shetty,Arthritis,IV Therapy,415,Scheduled / Planned,Self Pay,80071.97,Pending,Referred
HP103708,31-12-2025,12-01-2026,Rohan Sharma,32,Female,B-,ENT,Dr. Anil Rao,Arthritis,Radiation Therapy,418,OPD,Corporate Insurance,89960.17,Pending,Under Treatment
HP103709,02-02-2023,12-02-2023,Aisha Sharma,18,Female,O+,Dermatology,Dr. Asha Nair,Stroke,IV Therapy,504,Referral,Government Insurance,82926.64,Paid,Discharged
HP103710,19-02-2021,25-02-2021,Neha Reddy,13,Male,O-,Orthopedics,Dr. Kavita Nair,Cancer,Surgery,315,Transfer from Another Hospital,Government Insurance,123701.58,Partial,Discharged
HP103711,25-06-2023,10-07-2023,Ananya Shetty,4,Female,A+,ENT,Dr. Kavita Nair,Skin Infection,Emergency Care,105,Direct Admission,Self Pay,126004.38,Paid,Discharged
HP103712,18-07-2022,27-07-2022,Rohan Kulkarni,23,Male,A-,ENT,Dr. Neha Shah,Heart Disease,Chemotherapy,520,Day Care,Government Insurance,24091.47,Pending,Discharged
HP103713,22-02-2023,24-02-2023,Diya Joshi,62,Female,AB+,Cardiology,Dr. Meena Shah,Hypertension,Medication,110,Maternity / Obstetric,Self Pay,91443.76,Pending,Discharged
HP103714,03-08-2026,05-08-2026,Isha Reddy,54,Male,B+,Oncology,Dr. Suresh Patil,Pregnancy Care,Routine Treatment,206,Surgical Admission,Self Pay,147665.39,Pending,Discharged
HP103715,06-01-2026,13-01-2026,Sneha Shetty,74,Female,AB+,Pediatrics,Dr. Priya Desai,Arthritis,Emergency Care,204,Observation,Corporate Insurance,91950.45,Pending,Discharged
HP103716,07-08-2022,22-08-2022,Kiran Sharma,55,Male,B-,Pediatrics,Dr. Priya Desai,Fever,Observation,307,ICU Admission,Corporate Insurance,104783.79,Partial,Discharged
HP103717,12-08-2024,14-08-2024,Aisha Shetty,69,Male,B+,Cardiology,Dr. Kiran Shetty,Pregnancy Care,Surgery,220,Post-Operative Admission,Government Insurance,129898.6,Paid,Under Treatment
HP103718,24-08-2021,26-08-2021,Rahul Gupta,40,Male,B+,Gynecology,Dr. Manish Gupta,Diabetes,Routine Treatment,202,Readmission,Corporate Insurance,130657.27,Paid,Discharged
HP103719,05-10-2026,09-10-2026,Pooja Kulkarni,14,Male,AB+,Gynecology,Dr. Raj Malhotra,Fracture,Emergency Care,318,Trauma / Accident,Self Pay,7492.66,Partial,Referred
HP103720,27-04-2026,06-05-2026,Priya Shetty,28,Female,O+,General Medicine,Dr. Kiran Shetty,Fracture,Routine Treatment,407,Elective Admission,Private Insurance,39717.71,Partial,Discharged
HP103721,26-12-2021,03-01-2022,Sneha Nayak,72,Female,AB+,Gynecology,Dr. Priya Desai,Arthritis,Surgery,405,Emergency,Corporate Insurance,130117.34,Partial,Discharged
HP103722,15-04-2026,17-04-2026,Aditya Patil,80,Male,AB+,Gynecology,Dr. Kiran Shetty,Fracture,IV Therapy,214,Scheduled / Planned,Corporate Insurance,101729.6,Paid,Discharged
HP103723,20-04-2021,28-04-2021,Rahul Joshi,71,Male,AB+,Cardiology,Dr. Kiran Shetty,Migraine,Emergency Care,218,OPD,Private Insurance,96597.34,Pending,Under Treatment
HP103724,11-07-2021,15-07-2021,Neha Patil,67,Male,O+,Pediatrics,Dr. Suresh Patil,Infection,IV Therapy,409,Referral,Government Insurance,129691.9,Paid,Discharged
HP103725,23-06-2023,25-06-2023,Aisha Patil,29,Female,O+,Neurology,Dr. Manish Gupta,Fracture,Emergency Care,209,Transfer from Another Hospital,Self Pay,121949.76,Paid,Discharged
HP103726,22-01-2024,02-02-2024,Vivaan Sharma,61,Male,A-,Dermatology,Dr. Asha Nair,Hypertension,Physiotherapy,107,Direct Admission,Private Insurance,113945.84,Paid,Discharged
HP103727,12-05-2023,22-05-2023,Vivaan Verma,68,Male,A+,Emergency,Dr. Kavita Nair,Stroke,Routine Treatment,417,Day Care,Private Insurance,11866.16,Pending,Admitted
HP103728,20-12-2023,27-12-2023,Ananya Shetty,9,Male,A+,Emergency,Dr. Kiran Shetty,Diabetes,Surgery,412,Maternity / Obstetric,Self Pay,118339.96,Partial,Discharged
HP103729,12-10-2022,18-10-2022,Rahul Kulkarni,17,Male,AB+,Emergency,Dr. Kiran Shetty,Fever,Surgery,518,Surgical Admission,Private Insurance,34088.35,Paid,Discharged
HP103730,08-02-2021,22-02-2021,Sneha Shetty,49,Male,A+,Dermatology,Dr. Raj Malhotra,Fracture,IV Therapy,505,Observation,Private Insurance,8771.27,Paid,Under Treatment
HP103731,29-09-2022,09-10-2022,Aarav Verma,63,Male,AB+,Dermatology,Dr. Priya Desai,Migraine,Physiotherapy,503,ICU Admission,Corporate Insurance,76324.03,Paid,Discharged
HP103732,03-11-2023,08-11-2023,Rahul Kulkarni,84,Female,AB+,Cardiology,Dr. Kiran Shetty,Stroke,Surgery,106,Post-Operative Admission,Government Insurance,141642.22,Paid,Under Treatment
HP103733,05-02-2021,16-02-2021,Arjun Gupta,78,Female,AB+,Gynecology,Dr. Neha Shah,Skin Infection,Emergency Care,407,Readmission,Government Insurance,133535.71,Paid,Discharged
HP103734,19-11-2026,20-11-2026,Rahul Sharma,46,Male,AB-,Pediatrics,Dr. Asha Nair,Skin Infection,Emergency Care,308,Trauma / Accident,Corporate Insurance,147398.3,Paid,Discharged
HP103735,23-09-2024,25-09-2024,Vikram Nayak,13,Female,A-,ENT,Dr. Kiran Shetty,Fever,Chemotherapy,109,Elective Admission,Corporate Insurance,40747.16,Partial,Discharged
HP103736,07-06-2026,15-06-2026,Rahul Sharma,45,Male,B-,ENT,Dr. Asha Nair,Sinusitis,Observation,107,Emergency,Self Pay,105831.97,Paid,Discharged
HP103737,15-06-2021,16-06-2021,Aarav Desai,53,Female,A+,General Medicine,Dr. Raj Malhotra,Hypertension,Radiation Therapy,120,Scheduled / Planned,Self Pay,13097.71,Paid,Referred
HP103738,23-02-2026,26-02-2026,Aditya Patil,17,Male,A+,Cardiology,Dr. Anil Rao,Sinusitis,Physiotherapy,214,OPD,Private Insurance,121500.66,Partial,Discharged
HP103739,31-01-2021,02-02-2021,Aditya Verma,47,Female,A-,Gynecology,Dr. Raj Malhotra,Sinusitis,Medication,210,Referral,Government Insurance,80945.8,Paid,Discharged
HP103740,11-01-2021,16-01-2021,Pooja Nayak,62,Female,A-,Oncology,Dr. Raj Malhotra,Cancer,IV Therapy,311,Transfer from Another Hospital,Self Pay,149461.48,Partial,Discharged
HP103741,05-07-2026,09-07-2026,Kavya Kulkarni,50,Male,AB+,Cardiology,Dr. Manish Gupta,Asthma,Emergency Care,102,Direct Admission,Private Insurance,39799.2,Partial,Discharged
HP103742,14-11-2026,27-11-2026,Aisha Desai,43,Female,AB+,Pediatrics,Dr. Priya Desai,Asthma,Physiotherapy,317,Day Care,Government Insurance,118773.99,Partial,Discharged
HP103743,01-05-2022,08-05-2022,Sneha Sharma,68,Female,AB-,Pediatrics,Dr. Raj Malhotra,Stroke,Surgery,311,Maternity / Obstetric,Self Pay,29788.58,Paid,Discharged
HP103744,13-07-2024,18-07-2024,Vikram Sharma,84,Female,AB-,Orthopedics,Dr. Meena Shah,Fracture,Physiotherapy,407,Surgical Admission,Government Insurance,46641.4,Paid,Discharged
HP103745,18-12-2024,26-12-2024,Kiran Verma,75,Male,O-,Pediatrics,Dr. Manish Gupta,Cancer,Physiotherapy,111,Observation,Private Insurance,47856.64,Paid,Discharged
HP103746,28-04-2026,02-05-2026,Meera Gupta,72,Male,B-,Gynecology,Dr. Neha Shah,Chest Pain,Chemotherapy,403,ICU Admission,Corporate Insurance,88790.72,Pending,Discharged
HP103747,18-05-2026,02-06-2026,Arjun Reddy,28,Female,A+,Pediatrics,Dr. Priya Desai,Cancer,Medication,316,Post-Operative Admission,Private Insurance,57940.89,Paid,Discharged
HP103748,26-01-2026,07-02-2026,Kiran Shetty,45,Male,A-,Cardiology,Dr. Suresh Patil,Fracture,Observation,205,Readmission,Corporate Insurance,68613.68,Paid,Discharged
HP103749,09-01-2025,15-01-2025,Vikram Gupta,41,Female,B-,Dermatology,Dr. Manish Gupta,Heart Disease,Physiotherapy,118,Trauma / Accident,Corporate Insurance,80661.87,Pending,Under Treatment
HP103750,28-09-2024,02-10-2024,Vikram Nayak,36,Male,A+,Orthopedics,Dr. Raj Malhotra,Fever,Chemotherapy,302,Elective Admission,Private Insurance,13151.91,Paid,Under Treatment
HP103751,18-09-2023,20-09-2023,Ananya Kulkarni,84,Female,B-,Dermatology,Dr. Sneha Rao,Chest Pain,Medication,202,Emergency,Corporate Insurance,101477.54,Paid,Discharged
HP103752,05-04-2023,06-04-2023,Pooja Nayak,33,Male,O-,Pediatrics,Dr. Sneha Rao,Heart Disease,Radiation Therapy,119,Scheduled / Planned,Government Insurance,99143.7,Pending,Discharged
HP103753,02-01-2025,16-01-2025,Arjun Joshi,25,Male,B-,Orthopedics,Dr. Kavita Nair,Infection,Chemotherapy,309,OPD,Self Pay,144896.27,Paid,Discharged
HP103754,24-11-2026,08-12-2026,Pooja Gupta,19,Female,O+,Gynecology,Dr. Kiran Shetty,Hypertension,Radiation Therapy,409,Referral,Self Pay,24341.14,Pending,Discharged
HP103755,14-08-2021,15-08-2021,Priya Gupta,47,Male,AB+,Cardiology,Dr. Meena Shah,Arthritis,Radiation Therapy,511,Transfer from Another Hospital,Private Insurance,9490.18,Pending,Discharged
HP103756,16-02-2023,24-02-2023,Rohan Reddy,85,Male,B-,Gynecology,Dr. Meena Shah,Pregnancy Care,Routine Treatment,119,Direct Admission,Private Insurance,24317.9,Paid,Discharged
HP103757,18-01-2024,01-02-2024,Pooja Joshi,33,Male,AB+,General Medicine,Dr. Manish Gupta,Diabetes,Medication,106,Day Care,Private Insurance,66257.4,Paid,Discharged
HP103758,19-11-2022,23-11-2022,Vivaan Patil,67,Male,A+,General Medicine,Dr. Asha Nair,Stroke,Routine Treatment,118,Maternity / Obstetric,Private Insurance,36020.35,Paid,Discharged
HP103759,14-06-2022,19-06-2022,Sneha Kulkarni,14,Male,AB-,Pediatrics,Dr. Kavita Nair,Fever,Medication,101,Surgical Admission,Government Insurance,36366.1,Paid,Under Treatment
HP103760,30-08-2023,10-09-2023,Vivaan Sharma,79,Female,A+,Emergency,Dr. Sneha Rao,Migraine,Physiotherapy,418,Observation,Private Insurance,131062.71,Paid,Referred
HP103761,25-07-2023,02-08-2023,Isha Nayak,33,Male,O-,Cardiology,Dr. Raj Malhotra,Cancer,Chemotherapy,120,ICU Admission,Private Insurance,51955.5,Paid,Discharged
HP103762,23-11-2024,05-12-2024,Pooja Desai,42,Male,AB+,Orthopedics,Dr. Neha Shah,Fever,Radiation Therapy,314,Post-Operative Admission,Self Pay,65435.6,Paid,Discharged
HP103763,24-11-2026,09-12-2026,Diya Sharma,65,Male,AB-,General Medicine,Dr. Kiran Shetty,Fever,IV Therapy,207,Readmission,Government Insurance,104201.87,Paid,Discharged
HP103764,18-07-2024,25-07-2024,Kavya Verma,47,Male,O+,Neurology,Dr. Neha Shah,Asthma,Medication,120,Trauma / Accident,Private Insurance,54291.6,Partial,Admitted
HP103765,22-06-2026,05-07-2026,Arjun Nayak,35,Female,B+,Emergency,Dr. Sneha Rao,Heart Disease,Physiotherapy,115,Elective Admission,Government Insurance,85381.68,Paid,Under Treatment
HP103766,07-03-2025,15-03-2025,Pooja Shetty,84,Male,AB-,Dermatology,Dr. Sneha Rao,Fracture,Chemotherapy,307,Emergency,Private Insurance,80817.12,Partial,Admitted
HP103767,10-11-2022,23-11-2022,Priya Shetty,32,Female,B-,Cardiology,Dr. Anil Rao,Stroke,Surgery,309,Scheduled / Planned,Government Insurance,42920.21,Pending,Under Treatment
HP103768,09-02-2021,17-02-2021,Meera Reddy,55,Male,O-,Emergency,Dr. Kiran Shetty,Stroke,Surgery,417,OPD,Private Insurance,108978.66,Paid,Referred
HP103769,11-01-2024,17-01-2024,Kavya Joshi,54,Female,O-,Gynecology,Dr. Asha Nair,Skin Infection,Routine Treatment,517,Referral,Private Insurance,125946.47,Pending,Discharged
HP103770,25-04-2023,05-05-2023,Isha Gupta,76,Male,A+,Neurology,Dr. Meena Shah,Diabetes,Emergency Care,214,Transfer from Another Hospital,Government Insurance,118601.05,Paid,Discharged
HP103771,10-10-2025,12-10-2025,Diya Gupta,51,Male,O+,Cardiology,Dr. Asha Nair,Migraine,Observation,518,Direct Admission,Private Insurance,62317,Paid,Discharged
HP103772,23-03-2022,29-03-2022,Sneha Patil,80,Female,B-,Gynecology,Dr. Sameer Khan,Diabetes,Routine Treatment,408,Day Care,Private Insurance,140278.98,Paid,Discharged
HP103773,19-05-2024,02-06-2024,Ananya Desai,59,Male,O+,Dermatology,Dr. Meena Shah,Skin Infection,Chemotherapy,211,Maternity / Obstetric,Government Insurance,135349.85,Paid,Discharged
HP103774,12-09-2024,13-09-2024,Vikram Desai,72,Female,AB-,Oncology,Dr. Anil Rao,Sinusitis,Chemotherapy,503,Surgical Admission,Self Pay,43691.18,Pending,Discharged
HP103775,15-08-2021,16-08-2021,Isha Shetty,14,Female,B+,Gynecology,Dr. Sameer Khan,Pregnancy Care,Radiation Therapy,302,Observation,Corporate Insurance,22971.49,Partial,Discharged
HP103776,17-02-2021,28-02-2021,Kiran Verma,18,Male,B-,Dermatology,Dr. Asha Nair,Asthma,Physiotherapy,214,ICU Admission,Self Pay,134602.14,Partial,Under Treatment
HP103777,02-01-2025,05-01-2025,Aditya Sharma,55,Female,B+,Gynecology,Dr. Kavita Nair,Cancer,Surgery,417,Post-Operative Admission,Private Insurance,113004.22,Paid,Discharged
HP103778,05-01-2026,08-01-2026,Aisha Reddy,56,Female,A-,ENT,Dr. Sameer Khan,Fever,Medication,109,Readmission,Government Insurance,50093.63,Pending,Discharged
HP103779,06-07-2021,17-07-2021,Isha Gupta,49,Female,B+,Neurology,Dr. Kiran Shetty,Heart Disease,Surgery,409,Trauma / Accident,Self Pay,49207.13,Paid,Discharged
HP103780,17-04-2026,30-04-2026,Kavya Verma,60,Female,A+,Emergency,Dr. Priya Desai,Diabetes,Physiotherapy,304,Elective Admission,Government Insurance,51714.39,Paid,Discharged
HP103781,29-04-2023,04-05-2023,Vivaan Sharma,53,Male,AB-,Emergency,Dr. Kiran Shetty,Fever,IV Therapy,214,Emergency,Self Pay,129893.42,Partial,Under Treatment
HP103782,26-07-2026,27-07-2026,Vivaan Kulkarni,71,Male,AB+,Emergency,Dr. Sameer Khan,Fever,Radiation Therapy,408,Scheduled / Planned,Corporate Insurance,39833.53,Paid,Discharged
HP103783,06-06-2024,16-06-2024,Kiran Patil,6,Female,AB+,Dermatology,Dr. Kiran Shetty,Hypertension,Physiotherapy,204,OPD,Private Insurance,99407.57,Pending,Discharged
HP103784,14-11-2024,20-11-2024,Kavya Desai,70,Male,O-,Emergency,Dr. Anil Rao,Fever,Chemotherapy,115,Referral,Government Insurance,125994.35,Paid,Admitted
HP103785,06-09-2023,13-09-2023,Aisha Shetty,8,Female,B-,Cardiology,Dr. Neha Shah,Fever,IV Therapy,204,Transfer from Another Hospital,Private Insurance,61165.08,Paid,Discharged
HP103786,01-06-2025,11-06-2025,Pooja Nayak,15,Male,AB-,Orthopedics,Dr. Sameer Khan,Fracture,IV Therapy,109,Direct Admission,Private Insurance,13916.23,Paid,Discharged
HP103787,14-10-2023,26-10-2023,Neha Verma,26,Female,O-,Neurology,Dr. Sneha Rao,Stroke,Radiation Therapy,212,Day Care,Corporate Insurance,115033.83,Pending,Discharged
HP103788,25-02-2026,10-03-2026,Aarav Sharma,39,Male,O+,Cardiology,Dr. Suresh Patil,Asthma,IV Therapy,319,Maternity / Obstetric,Corporate Insurance,7881.07,Pending,Discharged
HP103789,27-09-2021,08-10-2021,Neha Gupta,3,Male,A-,Pediatrics,Dr. Priya Desai,Arthritis,Chemotherapy,519,Surgical Admission,Private Insurance,125477.36,Paid,Discharged
HP103790,19-06-2025,22-06-2025,Vivaan Reddy,57,Female,O-,Cardiology,Dr. Raj Malhotra,Hypertension,Radiation Therapy,312,Observation,Government Insurance,57324.79,Paid,Discharged
HP103791,06-11-2021,10-11-2021,Meera Desai,10,Male,B-,Orthopedics,Dr. Neha Shah,Hypertension,Radiation Therapy,211,ICU Admission,Corporate Insurance,121191.54,Partial,Under Treatment
HP103792,06-08-2026,16-08-2026,Rohan Joshi,3,Male,B+,Gynecology,Dr. Meena Shah,Infection,Physiotherapy,504,Post-Operative Admission,Corporate Insurance,84077.37,Paid,Under Treatment
HP103793,24-04-2025,05-05-2025,Priya Desai,46,Male,AB+,Gynecology,Dr. Manish Gupta,Hypertension,Observation,101,Readmission,Corporate Insurance,57086.35,Paid,Admitted
HP103794,01-01-2024,11-01-2024,Aarav Reddy,22,Female,B+,Orthopedics,Dr. Kiran Shetty,Pregnancy Care,Radiation Therapy,502,Trauma / Accident,Self Pay,135402.63,Paid,Discharged
HP103795,23-08-2025,06-09-2025,Vikram Patil,67,Female,AB+,General Medicine,Dr. Anil Rao,Migraine,IV Therapy,118,Elective Admission,Corporate Insurance,116221.45,Paid,Discharged
HP103796,16-12-2024,28-12-2024,Neha Shetty,65,Male,O-,Dermatology,Dr. Anil Rao,Heart Disease,Medication,311,Emergency,Private Insurance,16702.58,Pending,Discharged
HP103797,08-12-2026,23-12-2026,Ananya Nayak,19,Male,AB+,Gynecology,Dr. Kiran Shetty,Pregnancy Care,Chemotherapy,317,Scheduled / Planned,Government Insurance,139935.76,Pending,Discharged
HP103798,08-08-2021,18-08-2021,Pooja Joshi,62,Male,AB+,Neurology,Dr. Meena Shah,Hypertension,Physiotherapy,102,OPD,Self Pay,72716.11,Paid,Discharged
HP103799,22-02-2021,08-03-2021,Kavya Verma,57,Female,O-,Emergency,Dr. Priya Desai,Stroke,Surgery,213,Referral,Corporate Insurance,26599.68,Paid,Discharged
HP103800,24-10-2025,03-11-2025,Aarav Reddy,76,Male,AB-,Gynecology,Dr. Priya Desai,Asthma,IV Therapy,304,Transfer from Another Hospital,Private Insurance,116825.69,Paid,Under Treatment
HP103801,14-01-2025,24-01-2025,Vikram Joshi,13,Male,O+,Neurology,Dr. Neha Shah,Pregnancy Care,Medication,314,Direct Admission,Self Pay,80053.91,Partial,Under Treatment
HP103802,25-07-2025,28-07-2025,Aisha Patil,16,Male,O-,Dermatology,Dr. Kiran Shetty,Migraine,Routine Treatment,217,Day Care,Self Pay,102546.4,Pending,Discharged
HP103803,14-06-2024,15-06-2024,Meera Desai,16,Female,O+,Oncology,Dr. Kavita Nair,Infection,IV Therapy,515,Maternity / Obstetric,Government Insurance,105635.48,Partial,Discharged
HP103804,21-12-2022,29-12-2022,Pooja Reddy,52,Female,O+,Oncology,Dr. Asha Nair,Fracture,Emergency Care,316,Surgical Admission,Corporate Insurance,33592.73,Paid,Under Treatment
HP103805,10-02-2022,23-02-2022,Arjun Joshi,84,Female,A+,General Medicine,Dr. Kavita Nair,Cancer,Chemotherapy,212,Observation,Government Insurance,145775.54,Partial,Discharged
HP103806,13-03-2021,23-03-2021,Isha Desai,41,Male,O-,Cardiology,Dr. Raj Malhotra,Stroke,Routine Treatment,406,ICU Admission,Government Insurance,20303.75,Paid,Admitted
HP103807,28-01-2026,07-02-2026,Pooja Verma,48,Female,AB-,Oncology,Dr. Kavita Nair,Asthma,IV Therapy,401,Post-Operative Admission,Self Pay,92840.2,Paid,Discharged
HP103808,16-08-2026,18-08-2026,Isha Kulkarni,39,Female,B+,Emergency,Dr. Anil Rao,Pregnancy Care,Observation,217,Readmission,Corporate Insurance,26217.9,Paid,Discharged
HP103809,14-05-2024,15-05-2024,Aditya Sharma,13,Male,O+,Oncology,Dr. Neha Shah,Arthritis,Physiotherapy,417,Trauma / Accident,Self Pay,132208.38,Paid,Discharged
HP103810,17-04-2025,01-05-2025,Isha Gupta,4,Male,AB-,ENT,Dr. Sameer Khan,Arthritis,IV Therapy,509,Elective Admission,Government Insurance,30120.7,Paid,Discharged
HP103811,22-01-2022,30-01-2022,Kavya Reddy,43,Male,O+,Pediatrics,Dr. Suresh Patil,Hypertension,Physiotherapy,106,Emergency,Self Pay,68950.38,Paid,Under Treatment
HP103812,27-11-2025,04-12-2025,Arjun Nayak,81,Female,B-,Orthopedics,Dr. Sneha Rao,Heart Disease,IV Therapy,417,Scheduled / Planned,Self Pay,17596.43,Paid,Under Treatment
HP103813,30-11-2022,07-12-2022,Vivaan Patil,46,Female,A-,General Medicine,Dr. Raj Malhotra,Chest Pain,Radiation Therapy,210,OPD,Self Pay,69964.83,Pending,Discharged
HP103814,15-04-2024,19-04-2024,Rohan Sharma,47,Female,B-,Orthopedics,Dr. Suresh Patil,Fracture,Surgery,201,Referral,Government Insurance,5589.03,Paid,Discharged
HP103815,07-04-2023,18-04-2023,Kiran Shetty,53,Male,AB-,Oncology,Dr. Kiran Shetty,Stroke,Observation,501,Transfer from Another Hospital,Private Insurance,69303.18,Paid,Discharged
HP103816,28-12-2025,06-01-2026,Diya Reddy,25,Male,B+,ENT,Dr. Kavita Nair,Stroke,Radiation Therapy,503,Direct Admission,Private Insurance,104744.38,Paid,Referred
HP103817,15-12-2021,21-12-2021,Sneha Nayak,41,Female,A-,Pediatrics,Dr. Sneha Rao,Skin Infection,IV Therapy,316,Day Care,Government Insurance,31510.35,Paid,Discharged
HP103818,02-07-2024,04-07-2024,Priya Patil,3,Male,B-,ENT,Dr. Suresh Patil,Sinusitis,Radiation Therapy,202,Maternity / Obstetric,Corporate Insurance,85182.93,Partial,Under Treatment
HP103819,04-11-2021,18-11-2021,Vivaan Patil,77,Female,A-,Cardiology,Dr. Meena Shah,Asthma,Emergency Care,217,Surgical Admission,Self Pay,73785.63,Paid,Under Treatment
HP103820,25-02-2024,26-02-2024,Rahul Sharma,13,Female,B+,Emergency,Dr. Raj Malhotra,Cancer,Medication,104,Observation,Government Insurance,53572.23,Paid,Under Treatment
HP103821,15-05-2026,16-05-2026,Priya Patil,18,Male,AB+,Oncology,Dr. Asha Nair,Chest Pain,IV Therapy,406,ICU Admission,Private Insurance,102265.85,Paid,Discharged
HP103822,05-02-2023,14-02-2023,Diya Patil,37,Male,B+,Orthopedics,Dr. Raj Malhotra,Hypertension,Surgery,505,Post-Operative Admission,Government Insurance,149295.04,Paid,Under Treatment
HP103823,26-12-2022,30-12-2022,Aarav Kulkarni,43,Female,O+,Cardiology,Dr. Sneha Rao,Hypertension,Chemotherapy,409,Readmission,Private Insurance,140977.97,Pending,Admitted
HP103824,08-06-2025,13-06-2025,Pooja Gupta,34,Male,A+,Orthopedics,Dr. Suresh Patil,Hypertension,Observation,504,Trauma / Accident,Corporate Insurance,145664.95,Partial,Under Treatment
HP103825,18-01-2022,21-01-2022,Kiran Sharma,81,Female,A-,Neurology,Dr. Sneha Rao,Diabetes,Surgery,105,Elective Admission,Private Insurance,7930.88,Paid,Admitted
HP103826,09-06-2022,13-06-2022,Ananya Patil,55,Male,B+,Dermatology,Dr. Kiran Shetty,Skin Infection,Medication,115,Emergency,Corporate Insurance,42177.25,Paid,Discharged
HP103827,03-10-2021,15-10-2021,Meera Verma,52,Female,AB+,Oncology,Dr. Neha Shah,Diabetes,IV Therapy,413,Scheduled / Planned,Corporate Insurance,138799.65,Paid,Under Treatment
HP103828,03-12-2021,11-12-2021,Diya Reddy,85,Female,O-,General Medicine,Dr. Sneha Rao,Arthritis,Radiation Therapy,504,OPD,Corporate Insurance,12002.47,Pending,Under Treatment
HP103829,28-05-2026,10-06-2026,Rohan Nayak,36,Female,AB+,Dermatology,Dr. Priya Desai,Migraine,Radiation Therapy,219,Referral,Government Insurance,57897.3,Pending,Discharged
HP103830,26-04-2022,30-04-2022,Vikram Desai,54,Male,B+,Orthopedics,Dr. Manish Gupta,Hypertension,Surgery,408,Transfer from Another Hospital,Government Insurance,99569.32,Paid,Discharged
HP103831,30-06-2023,09-07-2023,Sneha Shetty,59,Female,B-,Gynecology,Dr. Anil Rao,Chest Pain,Emergency Care,102,Direct Admission,Corporate Insurance,147533.11,Partial,Discharged
HP103832,20-06-2026,29-06-2026,Kavya Sharma,52,Male,B+,Dermatology,Dr. Kavita Nair,Skin Infection,Chemotherapy,403,Day Care,Private Insurance,44986.94,Paid,Under Treatment
HP103833,13-09-2024,19-09-2024,Arjun Patil,19,Male,AB+,Dermatology,Dr. Asha Nair,Diabetes,Medication,306,Maternity / Obstetric,Self Pay,115806.65,Paid,Discharged
HP103834,27-07-2026,29-07-2026,Diya Kulkarni,12,Male,O-,Pediatrics,Dr. Anil Rao,Fever,IV Therapy,405,Surgical Admission,Self Pay,100753.51,Partial,Discharged
HP103835,21-10-2025,02-11-2025,Sneha Sharma,11,Male,B+,Gynecology,Dr. Priya Desai,Fracture,Emergency Care,503,Observation,Private Insurance,93952.9,Pending,Discharged
HP103836,19-04-2021,29-04-2021,Priya Patil,48,Male,A+,Orthopedics,Dr. Meena Shah,Fever,Chemotherapy,405,ICU Admission,Self Pay,112725.51,Paid,Discharged
HP103837,24-11-2021,05-12-2021,Kavya Sharma,79,Male,B-,General Medicine,Dr. Neha Shah,Fever,Routine Treatment,503,Post-Operative Admission,Private Insurance,41819.22,Paid,Under Treatment
HP103838,05-12-2025,12-12-2025,Vikram Joshi,16,Female,B+,Gynecology,Dr. Asha Nair,Arthritis,Physiotherapy,219,Readmission,Private Insurance,54109.25,Partial,Discharged
HP103839,11-11-2021,20-11-2021,Meera Patil,71,Female,AB+,Orthopedics,Dr. Neha Shah,Pregnancy Care,Radiation Therapy,406,Trauma / Accident,Corporate Insurance,86267.27,Paid,Under Treatment
HP103840,09-02-2024,15-02-2024,Aditya Kulkarni,47,Male,B+,Dermatology,Dr. Neha Shah,Cancer,Physiotherapy,513,Elective Admission,Private Insurance,68652.26,Paid,Discharged
HP103841,20-02-2023,23-02-2023,Rahul Gupta,67,Other,O+,Orthopedics,Dr. Meena Shah,Fracture,Routine Treatment,105,Emergency,Government Insurance,109688.88,Paid,Referred
HP103842,01-03-2025,15-03-2025,Aisha Patil,31,Male,B+,Emergency,Dr. Meena Shah,Asthma,Radiation Therapy,220,Scheduled / Planned,Government Insurance,121091.07,Paid,Discharged
HP103843,05-06-2021,20-06-2021,Isha Shetty,76,Male,A-,General Medicine,Dr. Neha Shah,Hypertension,Routine Treatment,210,OPD,Government Insurance,81561.45,Paid,Discharged
HP103844,05-02-2025,12-02-2025,Aarav Sharma,8,Female,B+,Neurology,Dr. Meena Shah,Stroke,IV Therapy,116,Referral,Private Insurance,62123.67,Paid,Referred
HP103845,21-09-2025,26-09-2025,Rohan Sharma,61,Male,O-,Gynecology,Dr. Kavita Nair,Infection,Routine Treatment,203,Emergency,Government Insurance,137217.67,Paid,Discharged
HP103846,06-06-2023,07-06-2023,Meera Gupta,44,Female,A+,Emergency,Dr. Meena Shah,Cancer,Physiotherapy,101,Scheduled / Planned,Corporate Insurance,113728.1,Paid,Admitted
HP103847,23-12-2022,26-12-2022,Sneha Verma,50,Male,AB+,Oncology,Dr. Anil Rao,Hypertension,Chemotherapy,503,OPD,Corporate Insurance,102620.2,Paid,Discharged
HP103848,02-07-2023,07-07-2023,Vivaan Shetty,35,Male,AB-,Oncology,Dr. Manish Gupta,Migraine,Physiotherapy,301,Referral,Self Pay,13308.4,Paid,Discharged
HP103849,21-05-2023,28-05-2023,Pooja Patil,76,Male,A-,Neurology,Dr. Sameer Khan,Chest Pain,Emergency Care,304,Transfer from Another Hospital,Self Pay,81537.4,Paid,Referred
HP103850,13-01-2021,16-01-2021,Isha Patil,61,Female,AB-,General Medicine,Dr. Kiran Shetty,Stroke,Radiation Therapy,505,Direct Admission,Corporate Insurance,22617.79,Paid,Discharged
HP103851,13-05-2022,19-05-2022,Vivaan Patil,85,Female,B+,Pediatrics,Dr. Sneha Rao,Pregnancy Care,Surgery,402,Day Care,Government Insurance,100773.46,Paid,Under Treatment
HP103852,23-10-2025,28-10-2025,Aditya Desai,55,Female,O+,Emergency,Dr. Manish Gupta,Hypertension,Radiation Therapy,307,Maternity / Obstetric,Corporate Insurance,48445.9,Paid,Under Treatment
HP103853,23-01-2024,05-02-2024,Pooja Reddy,66,Female,B-,Dermatology,Dr. Sameer Khan,Arthritis,Medication,210,Surgical Admission,Government Insurance,112083.15,Pending,Discharged
HP103854,09-04-2024,10-04-2024,Neha Verma,14,Male,A+,Pediatrics,Dr. Suresh Patil,Pregnancy Care,Observation,316,Observation,Private Insurance,117832.05,Paid,Discharged
HP103855,28-06-2026,08-07-2026,Isha Desai,4,Female,A+,Gynecology,Dr. Raj Malhotra,Sinusitis,Chemotherapy,108,ICU Admission,Government Insurance,48559.37,Paid,Discharged
HP103856,06-07-2025,12-07-2025,Pooja Reddy,17,Male,O+,Emergency,Dr. Asha Nair,Arthritis,Medication,301,Post-Operative Admission,Government Insurance,146558.67,Paid,Discharged
HP103857,10-05-2025,24-05-2025,Diya Nayak,69,Male,A+,General Medicine,Dr. Suresh Patil,Infection,Emergency Care,417,Readmission,Government Insurance,79920.74,Paid,Discharged
HP103858,30-01-2025,07-02-2025,Pooja Kulkarni,24,Female,O+,Neurology,Dr. Anil Rao,Cancer,Emergency Care,218,Trauma / Accident,Private Insurance,36591.19,Pending,Discharged
HP103859,23-05-2021,05-06-2021,Vivaan Kulkarni,49,Male,A-,Pediatrics,Dr. Neha Shah,Heart Disease,Chemotherapy,215,Elective Admission,Corporate Insurance,117403.54,Paid,Discharged
HP103860,09-05-2024,22-05-2024,Ananya Reddy,55,Male,O+,Dermatology,Dr. Suresh Patil,Diabetes,Routine Treatment,118,Emergency,Self Pay,115307.78,Pending,Admitted
HP103861,19-07-2022,20-07-2022,Arjun Gupta,71,Female,O-,General Medicine,Dr. Raj Malhotra,Diabetes,Chemotherapy,519,Scheduled / Planned,Private Insurance,65014.64,Pending,Discharged
HP103862,12-09-2025,14-09-2025,Kavya Patil,23,Female,O+,Cardiology,Dr. Priya Desai,Arthritis,Physiotherapy,207,OPD,Government Insurance,100498.78,Pending,Discharged
HP103863,21-02-2022,07-03-2022,Neha Joshi,81,Female,B+,ENT,Dr. Asha Nair,Stroke,Observation,115,Referral,Government Insurance,8150.36,Partial,Discharged
HP103864,23-01-2026,07-02-2026,Ananya Joshi,12,Male,A+,Pediatrics,Dr. Meena Shah,Heart Disease,Medication,317,Transfer from Another Hospital,Self Pay,47228.33,Partial,Under Treatment
HP103865,14-09-2025,18-09-2025,Pooja Desai,11,Male,B+,Oncology,Dr. Sameer Khan,Heart Disease,IV Therapy,310,Direct Admission,Government Insurance,132813.62,Paid,Discharged
HP103866,22-10-2024,03-11-2024,Neha Nayak,75,Female,B-,Neurology,Dr. Raj Malhotra,Fracture,Chemotherapy,502,Day Care,Corporate Insurance,38656.25,Paid,Discharged
HP103867,04-12-2023,06-12-2023,Vivaan Kulkarni,29,Female,O+,Orthopedics,Dr. Sneha Rao,Cancer,Physiotherapy,308,Maternity / Obstetric,Private Insurance,136309.99,Paid,Referred
HP103868,10-02-2026,21-02-2026,Arjun Sharma,62,Female,B+,Oncology,Dr. Meena Shah,Infection,Emergency Care,420,Surgical Admission,Private Insurance,89082.07,Partial,Discharged
HP103869,27-01-2024,05-02-2024,Ananya Sharma,53,Female,AB-,Oncology,Dr. Sameer Khan,Stroke,Physiotherapy,407,Observation,Private Insurance,135922.14,Paid,Discharged
HP103870,12-07-2024,22-07-2024,Isha Sharma,48,Female,B+,Pediatrics,Dr. Sameer Khan,Skin Infection,Observation,205,ICU Admission,Private Insurance,23976.32,Pending,Under Treatment
HP103871,12-12-2025,20-12-2025,Aarav Gupta,66,Male,B+,General Medicine,Dr. Manish Gupta,Diabetes,IV Therapy,502,Post-Operative Admission,Corporate Insurance,72269.67,Paid,Discharged
HP103872,28-12-2026,05-01-2027,Pooja Verma,48,Female,O+,Emergency,Dr. Suresh Patil,Cancer,Emergency Care,308,Readmission,Corporate Insurance,47986.57,Paid,Discharged
HP103873,13-02-2025,17-02-2025,Aditya Kulkarni,59,Female,O-,Emergency,Dr. Neha Shah,Fracture,Emergency Care,316,Trauma / Accident,Government Insurance,133603.67,Paid,Discharged
HP103874,14-10-2023,19-10-2023,Neha Sharma,71,Female,AB+,ENT,Dr. Sneha Rao,Diabetes,Medication,201,Elective Admission,Private Insurance,54526.07,Pending,Discharged
HP103875,11-08-2023,15-08-2023,Aisha Shetty,57,Male,AB-,Neurology,Dr. Raj Malhotra,Cancer,Radiation Therapy,116,Emergency,Government Insurance,90327.12,Paid,Discharged
HP103876,13-03-2021,26-03-2021,Kiran Desai,76,Female,A-,Pediatrics,Dr. Meena Shah,Fever,Physiotherapy,417,Scheduled / Planned,Private Insurance,125008.14,Pending,Admitted
HP103877,18-08-2025,27-08-2025,Vikram Desai,3,Female,O+,ENT,Dr. Kiran Shetty,Diabetes,Observation,106,OPD,Corporate Insurance,38208.34,Paid,Discharged
HP103878,15-07-2024,28-07-2024,Pooja Kulkarni,81,Female,B+,ENT,Dr. Neha Shah,Heart Disease,Radiation Therapy,517,Referral,Self Pay,11632.39,Paid,Admitted
HP103879,06-09-2024,08-09-2024,Neha Shetty,32,Female,A+,Dermatology,Dr. Neha Shah,Asthma,IV Therapy,211,Transfer from Another Hospital,Self Pay,76650.26,Paid,Discharged
HP103880,25-11-2026,08-12-2026,Rohan Shetty,8,Male,O+,General Medicine,Dr. Neha Shah,Migraine,Emergency Care,116,Direct Admission,Private Insurance,104131.46,Paid,Discharged
HP103881,02-06-2023,13-06-2023,Priya Gupta,30,Male,O-,Orthopedics,Dr. Kiran Shetty,Migraine,Medication,518,Day Care,Corporate Insurance,109293.01,Paid,Discharged
HP103882,19-05-2021,27-05-2021,Ananya Sharma,15,Male,AB+,ENT,Dr. Raj Malhotra,Asthma,Radiation Therapy,310,Maternity / Obstetric,Self Pay,65493.45,Paid,Referred
HP103883,13-02-2025,15-02-2025,Aarav Nayak,74,Male,B+,ENT,Dr. Anil Rao,Sinusitis,IV Therapy,406,Surgical Admission,Self Pay,16399.82,Paid,Under Treatment
HP103884,03-01-2023,04-01-2023,Aditya Patil,55,Female,AB+,Oncology,Dr. Neha Shah,Cancer,Medication,211,Observation,Self Pay,63456.44,Paid,Discharged
HP103885,15-10-2025,25-10-2025,Arjun Kulkarni,38,Male,A-,Pediatrics,Dr. Sneha Rao,Asthma,Chemotherapy,105,ICU Admission,Corporate Insurance,22688.65,Paid,Discharged
HP103886,28-02-2022,03-03-2022,Priya Desai,15,Female,O+,Orthopedics,Dr. Meena Shah,Stroke,Surgery,211,Post-Operative Admission,Self Pay,15471.82,Partial,Discharged
HP103887,11-05-2025,20-05-2025,Diya Nayak,30,Male,AB+,Pediatrics,Dr. Priya Desai,Chest Pain,Emergency Care,511,Readmission,Government Insurance,48998.11,Paid,Under Treatment
HP103888,25-01-2022,06-02-2022,Vikram Desai,46,Male,A+,General Medicine,Dr. Sameer Khan,Migraine,Physiotherapy,219,Trauma / Accident,Private Insurance,117696.89,Partial,Admitted
HP103889,08-12-2021,11-12-2021,Sneha Reddy,64,Male,B+,ENT,Dr. Neha Shah,Chest Pain,Emergency Care,109,Elective Admission,Self Pay,116409.96,Pending,Discharged
HP103890,04-08-2023,13-08-2023,Vikram Sharma,26,Female,A+,Neurology,Dr. Asha Nair,Stroke,Routine Treatment,214,Emergency,Corporate Insurance,93165.35,Partial,Under Treatment
HP103891,06-09-2022,13-09-2022,Rahul Desai,78,Male,O+,ENT,Dr. Sameer Khan,Hypertension,Emergency Care,512,Scheduled / Planned,Government Insurance,124804.75,Paid,Admitted
HP103892,08-05-2022,21-05-2022,Aarav Gupta,67,Male,O+,Oncology,Dr. Manish Gupta,Fever,Medication,413,OPD,Self Pay,77619.38,Pending,Discharged
HP103893,11-07-2021,21-07-2021,Priya Nayak,36,Female,O-,Gynecology,Dr. Priya Desai,Cancer,Emergency Care,109,Referral,Government Insurance,40299.45,Paid,Discharged
HP103894,14-05-2022,15-05-2022,Aditya Kulkarni,78,Other,B-,General Medicine,Dr. Priya Desai,Fever,Physiotherapy,106,Transfer from Another Hospital,Corporate Insurance,87645.81,Paid,Under Treatment
HP103895,02-04-2023,12-04-2023,Sneha Reddy,31,Female,AB+,Orthopedics,Dr. Asha Nair,Diabetes,Observation,201,Direct Admission,Private Insurance,138870.65,Partial,Under Treatment
HP103896,02-10-2025,07-10-2025,Vikram Desai,78,Male,AB+,Oncology,Dr. Neha Shah,Infection,Observation,120,Day Care,Government Insurance,10238.74,Paid,Discharged
HP103897,10-06-2024,19-06-2024,Diya Reddy,40,Male,AB+,Pediatrics,Dr. Asha Nair,Fever,Routine Treatment,301,Maternity / Obstetric,Private Insurance,144904.48,Paid,Discharged
HP103898,23-05-2026,04-06-2026,Pooja Sharma,74,Female,AB-,Gynecology,Dr. Anil Rao,Cancer,Radiation Therapy,315,Surgical Admission,Corporate Insurance,112925.99,Pending,Discharged
HP103899,15-08-2021,30-08-2021,Rahul Verma,73,Female,O+,Cardiology,Dr. Meena Shah,Fracture,Chemotherapy,120,Observation,Government Insurance,104505.06,Paid,Under Treatment
HP103900,26-10-2024,10-11-2024,Diya Joshi,46,Female,O+,Cardiology,Dr. Priya Desai,Fever,IV Therapy,408,ICU Admission,Corporate Insurance,94005.92,Paid,Discharged
HP103901,27-12-2026,30-12-2026,Isha Gupta,42,Male,A-,Oncology,Dr. Asha Nair,Chest Pain,Observation,312,Post-Operative Admission,Government Insurance,42371.86,Pending,Referred
HP103902,28-03-2023,06-04-2023,Meera Verma,18,Male,AB-,Orthopedics,Dr. Kavita Nair,Fracture,Physiotherapy,213,Readmission,Corporate Insurance,133432.79,Paid,Discharged
HP103903,13-01-2025,18-01-2025,Pooja Joshi,36,Male,A+,Neurology,Dr. Manish Gupta,Migraine,Medication,517,Trauma / Accident,Corporate Insurance,145861.85,Paid,Discharged
HP103904,23-12-2023,01-01-2024,Vivaan Sharma,76,Female,O+,Cardiology,Dr. Kavita Nair,Heart Disease,Routine Treatment,403,Elective Admission,Self Pay,138999.38,Paid,Under Treatment
HP103905,14-04-2021,24-04-2021,Aditya Shetty,50,Male,B-,ENT,Dr. Meena Shah,Chest Pain,Radiation Therapy,306,Emergency,Self Pay,20777.93,Paid,Discharged
HP103906,18-02-2026,24-02-2026,Priya Gupta,61,Other,O-,Cardiology,Dr. Kiran Shetty,Fracture,Medication,317,Scheduled / Planned,Corporate Insurance,111794.29,Partial,Discharged
HP103907,21-05-2023,30-05-2023,Aisha Verma,40,Male,A-,Oncology,Dr. Anil Rao,Heart Disease,Surgery,505,OPD,Government Insurance,85715.03,Paid,Under Treatment
HP103908,30-10-2022,06-11-2022,Sneha Patil,3,Female,A-,ENT,Dr. Kiran Shetty,Infection,Medication,311,Referral,Government Insurance,119308.86,Partial,Discharged
HP103909,05-08-2026,12-08-2026,Rohan Nayak,82,Male,B+,Pediatrics,Dr. Neha Shah,Arthritis,Medication,113,Transfer from Another Hospital,Government Insurance,56081.53,Pending,Discharged
HP103910,30-09-2021,08-10-2021,Vikram Kulkarni,7,Female,O+,General Medicine,Dr. Sneha Rao,Cancer,Routine Treatment,111,Direct Admission,Corporate Insurance,143760.42,Paid,Discharged
HP103911,27-10-2023,03-11-2023,Vivaan Verma,31,Male,B-,ENT,Dr. Neha Shah,Infection,IV Therapy,204,Day Care,Private Insurance,50328.2,Pending,Admitted
HP103912,18-11-2023,30-11-2023,Vikram Patil,65,Female,O+,ENT,Dr. Meena Shah,Migraine,Physiotherapy,210,Maternity / Obstetric,Government Insurance,112006.89,Partial,Discharged
HP103913,23-04-2025,02-05-2025,Aarav Reddy,64,Female,AB+,ENT,Dr. Kiran Shetty,Cancer,Surgery,311,Surgical Admission,Private Insurance,78052.49,Paid,Referred
HP103914,20-10-2021,31-10-2021,Kavya Shetty,77,Male,AB-,Orthopedics,Dr. Suresh Patil,Cancer,Radiation Therapy,201,Observation,Private Insurance,94448.38,Paid,Discharged
HP103915,07-10-2026,16-10-2026,Meera Kulkarni,3,Female,O-,ENT,Dr. Meena Shah,Pregnancy Care,Radiation Therapy,405,ICU Admission,Corporate Insurance,21771.77,Paid,Admitted
HP103916,16-07-2024,22-07-2024,Ananya Desai,35,Female,O-,Cardiology,Dr. Kiran Shetty,Heart Disease,Emergency Care,212,Post-Operative Admission,Private Insurance,93571.45,Paid,Admitted
HP103917,04-11-2021,11-11-2021,Rahul Joshi,15,Female,AB+,General Medicine,Dr. Sneha Rao,Stroke,Surgery,316,Readmission,Private Insurance,86712.58,Paid,Discharged
HP103918,04-09-2023,06-09-2023,Meera Desai,21,Female,O+,Pediatrics,Dr. Neha Shah,Hypertension,Medication,407,Trauma / Accident,Private Insurance,109244.35,Paid,Discharged
HP103919,05-06-2024,20-06-2024,Pooja Reddy,62,Female,B+,Gynecology,Dr. Raj Malhotra,Asthma,Emergency Care,513,Elective Admission,Private Insurance,46717.04,Pending,Discharged
HP103920,24-06-2024,03-07-2024,Priya Patil,83,Male,AB-,Pediatrics,Dr. Anil Rao,Migraine,Medication,308,Emergency,Corporate Insurance,125681.21,Paid,Admitted
HP103921,26-02-2025,10-03-2025,Meera Patil,28,Male,AB+,Pediatrics,Dr. Kavita Nair,Migraine,Emergency Care,108,Scheduled / Planned,Corporate Insurance,142064.95,Paid,Referred
HP103922,01-11-2026,14-11-2026,Diya Reddy,4,Other,O-,Pediatrics,Dr. Kavita Nair,Fever,Surgery,317,OPD,Private Insurance,132892.89,Partial,Discharged
HP103923,24-04-2024,25-04-2024,Pooja Desai,13,Male,A+,Emergency,Dr. Sameer Khan,Skin Infection,Chemotherapy,113,Referral,Corporate Insurance,61746.09,Pending,Referred
HP103924,10-10-2024,11-10-2024,Sneha Reddy,79,Male,O-,Oncology,Dr. Priya Desai,Pregnancy Care,Surgery,313,Transfer from Another Hospital,Government Insurance,115519.78,Paid,Discharged
HP103925,09-11-2025,12-11-2025,Isha Gupta,51,Female,AB+,Oncology,Dr. Suresh Patil,Diabetes,Surgery,308,Direct Admission,Private Insurance,57929.23,Paid,Discharged
HP103926,16-09-2025,28-09-2025,Pooja Verma,48,Male,O+,Orthopedics,Dr. Manish Gupta,Hypertension,Emergency Care,312,Day Care,Government Insurance,130151.45,Paid,Discharged
HP103927,05-08-2026,11-08-2026,Kiran Patil,39,Female,O-,Neurology,Dr. Suresh Patil,Arthritis,Observation,320,Maternity / Obstetric,Government Insurance,59431.44,Paid,Under Treatment
HP103928,07-03-2023,12-03-2023,Rahul Verma,67,Female,AB-,Oncology,Dr. Neha Shah,Migraine,Emergency Care,516,Surgical Admission,Private Insurance,31976.04,Partial,Discharged
HP103929,16-06-2023,01-07-2023,Kiran Patil,58,Female,A+,Neurology,Dr. Sameer Khan,Skin Infection,Radiation Therapy,206,Observation,Government Insurance,75913.98,Paid,Discharged
HP103930,16-05-2026,18-05-2026,Vikram Verma,84,Male,B+,ENT,Dr. Anil Rao,Pregnancy Care,Physiotherapy,217,ICU Admission,Corporate Insurance,24587.69,Pending,Under Treatment
HP103931,29-07-2021,07-08-2021,Arjun Verma,2,Male,O-,Pediatrics,Dr. Asha Nair,Cancer,IV Therapy,402,Post-Operative Admission,Government Insurance,90103.92,Pending,Discharged
HP103932,26-08-2023,09-09-2023,Aisha Desai,25,Male,B+,Pediatrics,Dr. Asha Nair,Fracture,IV Therapy,501,Readmission,Private Insurance,88601.98,Pending,Under Treatment
HP103933,17-04-2022,30-04-2022,Vivaan Sharma,11,Female,A+,Gynecology,Dr. Sameer Khan,Chest Pain,Routine Treatment,205,Trauma / Accident,Government Insurance,76167.68,Paid,Referred
HP103934,12-07-2023,22-07-2023,Kavya Desai,1,Male,AB-,Emergency,Dr. Asha Nair,Stroke,Chemotherapy,507,Elective Admission,Corporate Insurance,92540.87,Pending,Discharged
HP103935,17-05-2021,31-05-2021,Aisha Shetty,48,Male,AB-,Dermatology,Dr. Manish Gupta,Fracture,Routine Treatment,506,Emergency,Government Insurance,146420.72,Paid,Referred
HP103936,02-01-2022,06-01-2022,Vikram Patil,48,Female,AB+,Pediatrics,Dr. Raj Malhotra,Sinusitis,Radiation Therapy,217,Scheduled / Planned,Corporate Insurance,60575.21,Paid,Discharged
HP103937,03-07-2021,07-07-2021,Kiran Joshi,10,Female,O-,Pediatrics,Dr. Kiran Shetty,Cancer,Physiotherapy,313,OPD,Self Pay,66302.33,Partial,Under Treatment
HP103938,30-10-2024,04-11-2024,Meera Kulkarni,81,Female,B+,Oncology,Dr. Asha Nair,Diabetes,Surgery,514,Referral,Self Pay,44734.05,Paid,Under Treatment
HP103939,21-06-2022,06-07-2022,Aarav Desai,30,Female,B+,Emergency,Dr. Meena Shah,Arthritis,Physiotherapy,208,Transfer from Another Hospital,Private Insurance,31745.94,Paid,Discharged
HP103940,22-05-2025,30-05-2025,Vikram Sharma,35,Male,O-,Emergency,Dr. Asha Nair,Asthma,Emergency Care,313,Direct Admission,Private Insurance,46932.14,Paid,Under Treatment
HP103941,27-06-2024,07-07-2024,Ananya Kulkarni,19,Female,A+,Neurology,Dr. Manish Gupta,Pregnancy Care,Observation,520,Day Care,Private Insurance,35832.52,Pending,Discharged
HP103942,02-01-2024,06-01-2024,Ananya Desai,53,Female,B+,Dermatology,Dr. Asha Nair,Cancer,Medication,102,Maternity / Obstetric,Private Insurance,67708.02,Paid,Discharged
HP103943,29-07-2024,03-08-2024,Diya Nayak,34,Male,O+,Oncology,Dr. Raj Malhotra,Fracture,Routine Treatment,314,Surgical Admission,Private Insurance,38830.46,Paid,Under Treatment
HP103944,05-07-2023,17-07-2023,Priya Sharma,32,Female,AB+,Cardiology,Dr. Kavita Nair,Asthma,Emergency Care,507,Observation,Corporate Insurance,80015.54,Paid,Discharged
HP103945,01-06-2021,05-06-2021,Vikram Joshi,76,Male,B+,General Medicine,Dr. Neha Shah,Pregnancy Care,Medication,315,ICU Admission,Self Pay,46514.97,Partial,Discharged
HP103946,26-10-2023,09-11-2023,Sneha Sharma,81,Male,O-,Neurology,Dr. Neha Shah,Stroke,Physiotherapy,410,Post-Operative Admission,Self Pay,66578.34,Partial,Discharged
HP103947,03-05-2024,09-05-2024,Diya Joshi,6,Female,O-,Oncology,Dr. Kiran Shetty,Arthritis,Medication,107,Readmission,Government Insurance,23742.49,Paid,Discharged
HP103948,01-06-2026,13-06-2026,Neha Kulkarni,13,Female,A+,Emergency,Dr. Neha Shah,Cancer,Routine Treatment,411,Trauma / Accident,Self Pay,28773.02,Pending,Referred
HP103949,28-09-2021,01-10-2021,Rahul Desai,75,Female,AB+,Gynecology,Dr. Kiran Shetty,Diabetes,Observation,317,Elective Admission,Private Insurance,94046.87,Paid,Discharged
HP103950,01-04-2024,09-04-2024,Rohan Patil,64,Female,B-,General Medicine,Dr. Priya Desai,Fracture,Surgery,115,Emergency,Corporate Insurance,86972.27,Paid,Under Treatment
HP103951,05-04-2022,11-04-2022,Aditya Reddy,7,Female,A+,Orthopedics,Dr. Anil Rao,Sinusitis,Observation,120,Scheduled / Planned,Corporate Insurance,29826.53,Paid,Discharged
HP103952,15-04-2021,25-04-2021,Vivaan Joshi,45,Female,O-,General Medicine,Dr. Asha Nair,Infection,Surgery,118,OPD,Corporate Insurance,47747.37,Partial,Under Treatment
HP103953,07-09-2025,12-09-2025,Aisha Verma,45,Male,B-,Neurology,Dr. Neha Shah,Chest Pain,Emergency Care,504,Referral,Self Pay,37114.56,Pending,Admitted
HP103954,10-03-2022,23-03-2022,Diya Reddy,85,Female,O-,Pediatrics,Dr. Asha Nair,Migraine,Emergency Care,519,Transfer from Another Hospital,Government Insurance,120631.25,Paid,Discharged
HP103955,20-05-2021,04-06-2021,Neha Sharma,65,Male,B+,Emergency,Dr. Anil Rao,Skin Infection,Chemotherapy,514,Direct Admission,Private Insurance,57897.63,Paid,Under Treatment
HP103956,03-02-2025,05-02-2025,Priya Gupta,19,Male,AB+,Gynecology,Dr. Manish Gupta,Pregnancy Care,Routine Treatment,519,Day Care,Corporate Insurance,63864.68,Partial,Discharged
HP103957,28-03-2021,07-04-2021,Pooja Nayak,47,Male,B+,Neurology,Dr. Priya Desai,Skin Infection,Routine Treatment,316,Maternity / Obstetric,Corporate Insurance,101409.95,Partial,Under Treatment
HP103958,08-09-2025,18-09-2025,Vivaan Shetty,46,Female,AB+,Gynecology,Dr. Neha Shah,Stroke,Observation,519,Surgical Admission,Private Insurance,52204.36,Paid,Discharged
HP103959,09-05-2021,16-05-2021,Kiran Kulkarni,29,Female,A-,Emergency,Dr. Neha Shah,Chest Pain,Routine Treatment,110,Observation,Government Insurance,59781.92,Paid,Under Treatment
HP103960,23-06-2024,25-06-2024,Kiran Nayak,84,Female,B+,General Medicine,Dr. Sneha Rao,Heart Disease,Radiation Therapy,215,ICU Admission,Self Pay,120695.7,Paid,Discharged
HP103961,21-05-2025,22-05-2025,Isha Sharma,61,Male,B+,Cardiology,Dr. Sneha Rao,Sinusitis,Medication,304,Post-Operative Admission,Government Insurance,120207.02,Paid,Discharged
HP103962,01-11-2022,08-11-2022,Kavya Kulkarni,65,Female,B+,Neurology,Dr. Kavita Nair,Cancer,Chemotherapy,504,Readmission,Private Insurance,92662.7,Pending,Discharged
HP103963,29-05-2021,03-06-2021,Rahul Kulkarni,23,Male,AB-,Pediatrics,Dr. Sneha Rao,Fracture,Chemotherapy,419,Trauma / Accident,Private Insurance,86051.74,Paid,Discharged
HP103964,12-09-2023,13-09-2023,Neha Joshi,51,Male,A+,Oncology,Dr. Kiran Shetty,Asthma,Observation,116,Elective Admission,Corporate Insurance,31246.38,Pending,Discharged
HP103965,02-05-2023,17-05-2023,Aditya Joshi,63,Female,AB-,Dermatology,Dr. Suresh Patil,Fever,Chemotherapy,119,Emergency,Self Pay,73611.55,Partial,Discharged
HP103966,27-12-2024,31-12-2024,Rohan Patil,22,Female,AB+,ENT,Dr. Sameer Khan,Stroke,IV Therapy,207,Scheduled / Planned,Government Insurance,44781.89,Partial,Discharged
HP103967,20-09-2022,02-10-2022,Diya Nayak,71,Female,AB+,Orthopedics,Dr. Kiran Shetty,Fever,IV Therapy,316,OPD,Self Pay,110813.94,Pending,Under Treatment
HP103968,01-02-2025,14-02-2025,Sneha Reddy,33,Male,AB+,Emergency,Dr. Suresh Patil,Migraine,IV Therapy,306,Referral,Private Insurance,96051.27,Pending,Discharged
HP103969,07-08-2026,11-08-2026,Aditya Patil,44,Male,A+,Neurology,Dr. Anil Rao,Infection,Emergency Care,314,Transfer from Another Hospital,Corporate Insurance,59761.93,Paid,Discharged
HP103970,03-06-2023,13-06-2023,Vikram Gupta,7,Female,AB+,General Medicine,Dr. Meena Shah,Fever,Chemotherapy,119,Direct Admission,Corporate Insurance,82588.71,Paid,Discharged
HP103971,24-11-2025,01-12-2025,Aarav Reddy,2,Male,AB-,General Medicine,Dr. Neha Shah,Skin Infection,IV Therapy,220,Day Care,Government Insurance,66055.91,Paid,Discharged
HP103972,07-09-2021,16-09-2021,Kavya Verma,17,Male,O+,Gynecology,Dr. Meena Shah,Cancer,Routine Treatment,306,Maternity / Obstetric,Government Insurance,26233.27,Paid,Discharged
HP103973,06-08-2023,08-08-2023,Sneha Kulkarni,65,Male,AB-,Oncology,Dr. Kiran Shetty,Diabetes,Routine Treatment,217,Surgical Admission,Self Pay,118211.77,Paid,Discharged
HP103974,02-09-2023,14-09-2023,Aisha Desai,58,Female,O+,Gynecology,Dr. Sameer Khan,Migraine,Chemotherapy,405,Observation,Private Insurance,135246.38,Pending,Discharged
HP103975,18-08-2024,01-09-2024,Kavya Gupta,30,Female,B+,Orthopedics,Dr. Manish Gupta,Skin Infection,Physiotherapy,516,ICU Admission,Government Insurance,139900.24,Paid,Discharged
HP103976,11-09-2023,12-09-2023,Aarav Reddy,26,Female,B-,Emergency,Dr. Meena Shah,Infection,Observation,116,Post-Operative Admission,Self Pay,119432.87,Paid,Under Treatment
HP103977,08-06-2023,10-06-2023,Ananya Gupta,35,Female,O+,Pediatrics,Dr. Neha Shah,Fever,Observation,109,Readmission,Corporate Insurance,124137.03,Paid,Discharged
HP103978,19-10-2026,26-10-2026,Neha Verma,63,Female,A-,Neurology,Dr. Raj Malhotra,Chest Pain,Chemotherapy,509,Trauma / Accident,Private Insurance,13080.11,Pending,Under Treatment
HP103979,25-05-2023,07-06-2023,Isha Shetty,75,Female,O-,Gynecology,Dr. Meena Shah,Fever,Surgery,510,Elective Admission,Corporate Insurance,118374.21,Partial,Discharged
HP103980,19-08-2024,29-08-2024,Vivaan Reddy,71,Female,AB+,Orthopedics,Dr. Sneha Rao,Cancer,IV Therapy,101,Emergency,Private Insurance,48994.96,Paid,Discharged
HP103981,16-04-2022,22-04-2022,Rohan Desai,28,Female,A+,ENT,Dr. Manish Gupta,Pregnancy Care,Observation,505,Scheduled / Planned,Private Insurance,24984.05,Paid,Admitted
HP103982,11-06-2026,15-06-2026,Rahul Gupta,25,Male,O+,Orthopedics,Dr. Neha Shah,Stroke,Routine Treatment,415,OPD,Self Pay,80675.05,Paid,Discharged
HP103983,01-04-2021,02-04-2021,Diya Shetty,61,Female,A+,Pediatrics,Dr. Sameer Khan,Diabetes,Medication,110,Referral,Corporate Insurance,87706.15,Paid,Discharged
HP103984,14-06-2022,27-06-2022,Isha Sharma,31,Male,AB+,General Medicine,Dr. Priya Desai,Heart Disease,Physiotherapy,303,Transfer from Another Hospital,Private Insurance,75297.42,Pending,Discharged
HP103985,23-10-2022,24-10-2022,Aditya Sharma,54,Male,B-,General Medicine,Dr. Manish Gupta,Stroke,Emergency Care,116,Direct Admission,Corporate Insurance,99653.72,Paid,Discharged
HP103986,09-01-2023,14-01-2023,Diya Kulkarni,67,Female,AB-,Neurology,Dr. Sneha Rao,Skin Infection,Observation,516,Day Care,Self Pay,108561.77,Paid,Discharged
HP103987,22-05-2023,06-06-2023,Rohan Verma,51,Male,AB+,ENT,Dr. Raj Malhotra,Fracture,Physiotherapy,511,Maternity / Obstetric,Private Insurance,24881.41,Paid,Discharged
HP103988,14-08-2025,15-08-2025,Diya Gupta,58,Female,A+,Orthopedics,Dr. Sameer Khan,Fever,Emergency Care,207,Surgical Admission,Self Pay,94453.99,Partial,Discharged
HP103989,11-07-2021,23-07-2021,Pooja Sharma,34,Female,A-,General Medicine,Dr. Raj Malhotra,Chest Pain,Physiotherapy,108,Observation,Self Pay,12895.53,Paid,Under Treatment
HP103990,10-06-2026,25-06-2026,Rahul Verma,59,Male,B-,Gynecology,Dr. Asha Nair,Asthma,Chemotherapy,114,ICU Admission,Government Insurance,70070.89,Paid,Discharged
HP103991,26-12-2026,02-01-2027,Rohan Gupta,21,Female,O-,Emergency,Dr. Sneha Rao,Fever,Medication,112,Post-Operative Admission,Corporate Insurance,19507.19,Paid,Discharged
HP103992,11-12-2021,24-12-2021,Vivaan Desai,56,Female,AB+,General Medicine,Dr. Suresh Patil,Infection,Routine Treatment,201,Readmission,Self Pay,70194.26,Paid,Under Treatment
HP103993,06-10-2023,17-10-2023,Aarav Verma,37,Male,O+,Orthopedics,Dr. Priya Desai,Hypertension,Surgery,211,Trauma / Accident,Government Insurance,30439.26,Paid,Discharged
HP103994,22-07-2021,23-07-2021,Diya Gupta,64,Female,A-,Pediatrics,Dr. Neha Shah,Migraine,Observation,117,Elective Admission,Corporate Insurance,111492.39,Paid,Discharged
HP103995,27-07-2022,28-07-2022,Ananya Kulkarni,19,Female,O-,Emergency,Dr. Raj Malhotra,Diabetes,Emergency Care,102,Emergency,Private Insurance,135439.2,Paid,Discharged
HP103996,11-07-2021,13-07-2021,Neha Joshi,85,Male,AB+,Cardiology,Dr. Manish Gupta,Hypertension,Emergency Care,214,Scheduled / Planned,Private Insurance,29583.3,Partial,Admitted
HP103997,15-08-2026,28-08-2026,Kavya Reddy,78,Male,B-,Pediatrics,Dr. Raj Malhotra,Stroke,Radiation Therapy,417,OPD,Self Pay,111815.16,Pending,Discharged
HP103998,29-03-2026,12-04-2026,Meera Shetty,74,Male,A+,General Medicine,Dr. Sameer Khan,Chest Pain,Radiation Therapy,310,Referral,Private Insurance,26192.49,Paid,Discharged
HP103999,13-09-2025,24-09-2025,Rohan Nayak,53,Male,AB-,Pediatrics,Dr. Priya Desai,Skin Infection,Observation,407,Transfer from Another Hospital,Corporate Insurance,67889.23,Paid,Under Treatment
HP104000,07-11-2021,19-11-2021,Rohan Nayak,71,Male,O+,Dermatology,Dr. Sameer Khan,Fracture,Emergency Care,513,Direct Admission,Private Insurance,95702.53,Pending,Under Treatment
HP104001,05-10-2026,15-10-2026,Kavya Sharma,63,Female,AB-,Dermatology,Dr. Asha Nair,Migraine,Routine Treatment,406,Day Care,Self Pay,82970.3,Paid,Under Treatment
HP104002,19-03-2022,22-03-2022,Aarav Shetty,62,Male,B-,Dermatology,Dr. Suresh Patil,Diabetes,Chemotherapy,509,Maternity / Obstetric,Corporate Insurance,13287.01,Pending,Referred
HP104003,14-06-2024,27-06-2024,Rohan Desai,72,Female,O-,Cardiology,Dr. Anil Rao,Asthma,Radiation Therapy,211,Surgical Admission,Private Insurance,57583.65,Paid,Discharged
HP104004,20-05-2023,31-05-2023,Meera Nayak,77,Male,O-,Emergency,Dr. Raj Malhotra,Cancer,Radiation Therapy,501,Observation,Private Insurance,73173.38,Paid,Discharged
HP104005,08-08-2022,23-08-2022,Aisha Shetty,19,Male,B+,Dermatology,Dr. Asha Nair,Sinusitis,Surgery,217,ICU Admission,Corporate Insurance,61752.7,Partial,Discharged
HP104006,14-05-2025,15-05-2025,Aisha Kulkarni,75,Female,AB-,General Medicine,Dr. Kavita Nair,Stroke,Chemotherapy,118,Post-Operative Admission,Corporate Insurance,101497.29,Paid,Discharged
HP104007,18-03-2025,02-04-2025,Kiran Nayak,2,Female,AB+,General Medicine,Dr. Neha Shah,Skin Infection,Physiotherapy,507,Readmission,Private Insurance,133785.1,Paid,Under Treatment
HP104008,26-12-2021,04-01-2022,Kavya Patil,6,Female,A-,Neurology,Dr. Priya Desai,Heart Disease,Chemotherapy,520,Trauma / Accident,Government Insurance,101810.93,Pending,Referred
HP104009,20-09-2025,30-09-2025,Priya Verma,29,Male,A-,Gynecology,Dr. Kiran Shetty,Fever,Surgery,514,Elective Admission,Private Insurance,90544.55,Paid,Under Treatment
HP104010,09-09-2026,17-09-2026,Aarav Reddy,41,Female,O+,Oncology,Dr. Kavita Nair,Chest Pain,Medication,315,Emergency,Corporate Insurance,26614.51,Partial,Discharged
HP104011,08-12-2025,13-12-2025,Vikram Desai,51,Male,AB-,Orthopedics,Dr. Kavita Nair,Sinusitis,Routine Treatment,306,Scheduled / Planned,Corporate Insurance,55582.93,Paid,Discharged
HP104012,05-07-2026,18-07-2026,Sneha Patil,5,Male,B-,Cardiology,Dr. Kiran Shetty,Hypertension,Medication,114,OPD,Self Pay,84501.65,Paid,Discharged
HP104013,26-11-2026,07-12-2026,Neha Desai,41,Male,O+,Pediatrics,Dr. Suresh Patil,Skin Infection,Medication,516,Referral,Self Pay,140436.69,Paid,Under Treatment
HP104014,24-04-2023,26-04-2023,Aisha Sharma,62,Female,B-,Gynecology,Dr. Sneha Rao,Hypertension,Physiotherapy,112,Transfer from Another Hospital,Private Insurance,49193.38,Paid,Discharged
HP104015,14-06-2025,19-06-2025,Neha Joshi,30,Male,B-,Pediatrics,Dr. Manish Gupta,Heart Disease,Medication,405,Direct Admission,Self Pay,54003.88,Pending,Discharged
HP104016,10-06-2023,16-06-2023,Ananya Kulkarni,62,Female,A-,Pediatrics,Dr. Sneha Rao,Chest Pain,Chemotherapy,311,Day Care,Corporate Insurance,90486.12,Pending,Discharged
HP104017,15-06-2026,29-06-2026,Aisha Joshi,27,Female,A+,Oncology,Dr. Kiran Shetty,Hypertension,Chemotherapy,418,Maternity / Obstetric,Self Pay,135456.51,Paid,Under Treatment
HP104018,06-06-2026,21-06-2026,Vikram Sharma,50,Female,A-,ENT,Dr. Sneha Rao,Pregnancy Care,Radiation Therapy,406,Surgical Admission,Self Pay,83763.97,Paid,Discharged
HP104019,18-08-2023,19-08-2023,Neha Kulkarni,82,Male,A+,Oncology,Dr. Suresh Patil,Arthritis,Surgery,413,Observation,Self Pay,30289.69,Pending,Admitted
HP104020,08-01-2025,19-01-2025,Diya Reddy,52,Male,O+,Cardiology,Dr. Manish Gupta,Arthritis,Chemotherapy,112,ICU Admission,Corporate Insurance,15944.41,Paid,Under Treatment
HP104021,01-01-2025,05-01-2025,Kavya Joshi,49,Male,O+,ENT,Dr. Neha Shah,Asthma,Routine Treatment,120,Post-Operative Admission,Private Insurance,133903.97,Pending,Admitted
HP104022,02-01-2023,11-01-2023,Kavya Sharma,62,Male,O+,Dermatology,Dr. Meena Shah,Asthma,IV Therapy,311,Readmission,Corporate Insurance,102141.7,Pending,Discharged
HP104023,29-08-2022,31-08-2022,Aarav Desai,60,Female,B-,Cardiology,Dr. Asha Nair,Cancer,Physiotherapy,503,Trauma / Accident,Self Pay,36975.98,Paid,Discharged
HP104024,07-09-2022,12-09-2022,Meera Patil,80,Female,O-,Emergency,Dr. Kiran Shetty,Fracture,Routine Treatment,109,Elective Admission,Government Insurance,110052.6,Paid,Discharged
HP104025,28-06-2026,29-06-2026,Kiran Nayak,54,Female,B+,General Medicine,Dr. Asha Nair,Fracture,Medication,206,Emergency,Government Insurance,109338.6,Paid,Discharged
HP104026,16-09-2025,20-09-2025,Sneha Kulkarni,5,Female,A-,Dermatology,Dr. Raj Malhotra,Migraine,Physiotherapy,211,Scheduled / Planned,Corporate Insurance,116958.05,Partial,Discharged
HP104027,05-11-2022,09-11-2022,Priya Nayak,9,Female,O-,Orthopedics,Dr. Suresh Patil,Arthritis,Surgery,420,OPD,Government Insurance,134365.25,Paid,Referred
HP104028,24-06-2024,30-06-2024,Aarav Verma,34,Male,B-,ENT,Dr. Asha Nair,Fever,Surgery,215,Referral,Corporate Insurance,27044.68,Paid,Discharged
HP104029,07-05-2025,17-05-2025,Vivaan Patil,36,Other,A-,General Medicine,Dr. Kiran Shetty,Fracture,Physiotherapy,201,Transfer from Another Hospital,Private Insurance,143727.91,Partial,Discharged
HP104030,31-05-2025,09-06-2025,Arjun Gupta,20,Male,B-,Neurology,Dr. Neha Shah,Skin Infection,Chemotherapy,220,Direct Admission,Corporate Insurance,149785.75,Paid,Discharged
HP104031,16-06-2023,19-06-2023,Aditya Joshi,81,Female,A-,Neurology,Dr. Sneha Rao,Migraine,Emergency Care,204,Day Care,Corporate Insurance,7100.55,Paid,Discharged
HP104032,02-01-2025,11-01-2025,Rahul Shetty,84,Female,AB+,ENT,Dr. Kavita Nair,Chest Pain,Routine Treatment,314,Maternity / Obstetric,Corporate Insurance,18239.03,Paid,Admitted
HP104033,05-10-2021,11-10-2021,Rohan Patil,85,Female,A-,ENT,Dr. Kavita Nair,Migraine,Physiotherapy,501,Surgical Admission,Self Pay,67923.07,Paid,Referred
HP104034,06-07-2022,13-07-2022,Aditya Gupta,83,Male,AB+,Cardiology,Dr. Raj Malhotra,Arthritis,IV Therapy,214,Observation,Private Insurance,9990.57,Paid,Discharged
HP104035,25-06-2025,07-07-2025,Priya Kulkarni,63,Female,O-,Gynecology,Dr. Sameer Khan,Infection,Routine Treatment,116,ICU Admission,Corporate Insurance,111560.13,Paid,Discharged
HP104036,29-11-2026,09-12-2026,Isha Desai,67,Female,A+,Emergency,Dr. Asha Nair,Fever,Physiotherapy,312,Post-Operative Admission,Self Pay,99355.87,Partial,Discharged
HP104037,31-01-2023,02-02-2023,Priya Desai,30,Female,A-,Emergency,Dr. Priya Desai,Infection,Radiation Therapy,103,Readmission,Self Pay,117499.24,Paid,Discharged
HP104038,20-12-2024,31-12-2024,Arjun Nayak,69,Female,A+,Neurology,Dr. Kiran Shetty,Infection,Routine Treatment,311,Trauma / Accident,Self Pay,149770.43,Pending,Under Treatment
HP104039,09-02-2022,19-02-2022,Rahul Sharma,70,Male,B+,ENT,Dr. Priya Desai,Cancer,Chemotherapy,515,Elective Admission,Self Pay,140345.38,Partial,Discharged
HP104040,20-09-2024,04-10-2024,Kavya Reddy,3,Male,AB-,ENT,Dr. Kiran Shetty,Pregnancy Care,Emergency Care,320,Emergency,Self Pay,48478.16,Paid,Under Treatment
HP104041,17-05-2024,23-05-2024,Diya Reddy,49,Female,AB-,General Medicine,Dr. Kiran Shetty,Skin Infection,Emergency Care,308,Scheduled / Planned,Private Insurance,62487.32,Paid,Under Treatment
HP104042,22-01-2021,28-01-2021,Vivaan Sharma,42,Female,AB+,General Medicine,Dr. Neha Shah,Hypertension,Emergency Care,415,OPD,Private Insurance,117515.23,Paid,Under Treatment
HP104043,09-11-2022,11-11-2022,Priya Kulkarni,24,Female,O-,Pediatrics,Dr. Sameer Khan,Chest Pain,IV Therapy,315,Referral,Government Insurance,61281.98,Paid,Discharged
HP104044,22-07-2026,24-07-2026,Rohan Joshi,44,Male,O-,Oncology,Dr. Raj Malhotra,Fever,Chemotherapy,510,Transfer from Another Hospital,Private Insurance,106302.02,Partial,Under Treatment
HP104045,16-05-2024,30-05-2024,Arjun Nayak,1,Male,A-,Dermatology,Dr. Kavita Nair,Hypertension,Chemotherapy,206,Direct Admission,Government Insurance,138200.28,Paid,Under Treatment
HP104046,18-08-2026,20-08-2026,Kiran Gupta,54,Male,AB-,Cardiology,Dr. Raj Malhotra,Hypertension,Chemotherapy,108,Day Care,Government Insurance,63852.26,Paid,Discharged
HP104047,14-12-2025,24-12-2025,Meera Desai,52,Female,A+,Emergency,Dr. Raj Malhotra,Migraine,Physiotherapy,513,Maternity / Obstetric,Self Pay,86275.26,Paid,Under Treatment
HP104048,13-06-2022,25-06-2022,Kavya Joshi,36,Male,AB-,Orthopedics,Dr. Anil Rao,Heart Disease,Emergency Care,412,Surgical Admission,Private Insurance,127011.84,Paid,Discharged
HP104049,31-07-2026,01-08-2026,Meera Reddy,79,Male,AB-,General Medicine,Dr. Kiran Shetty,Skin Infection,Routine Treatment,310,Observation,Private Insurance,74262.14,Paid,Under Treatment
HP104050,04-08-2025,09-08-2025,Meera Sharma,38,Female,B-,Dermatology,Dr. Priya Desai,Skin Infection,Routine Treatment,518,ICU Admission,Self Pay,46924.08,Paid,Discharged
HP104051,19-10-2022,27-10-2022,Vikram Patil,44,Female,AB-,Pediatrics,Dr. Neha Shah,Diabetes,Observation,303,Post-Operative Admission,Corporate Insurance,42434.51,Paid,Discharged
HP104052,15-06-2021,17-06-2021,Kavya Reddy,82,Male,A+,Pediatrics,Dr. Suresh Patil,Diabetes,Routine Treatment,502,Readmission,Self Pay,15423.15,Paid,Admitted
HP104053,29-04-2023,12-05-2023,Pooja Reddy,47,Female,AB-,Cardiology,Dr. Manish Gupta,Pregnancy Care,Surgery,301,Trauma / Accident,Government Insurance,52902.55,Paid,Discharged
HP104054,11-05-2022,26-05-2022,Arjun Kulkarni,29,Female,A-,Neurology,Dr. Manish Gupta,Fracture,Radiation Therapy,410,Elective Admission,Private Insurance,104449.59,Partial,Discharged
HP104055,13-08-2022,18-08-2022,Rahul Joshi,51,Male,AB-,Pediatrics,Dr. Manish Gupta,Skin Infection,Surgery,503,Emergency,Private Insurance,13532.03,Paid,Discharged
HP104056,05-03-2022,17-03-2022,Aisha Reddy,41,Female,B+,Neurology,Dr. Kiran Shetty,Cancer,IV Therapy,303,Scheduled / Planned,Government Insurance,44772.22,Pending,Discharged
HP104057,12-06-2021,20-06-2021,Rohan Verma,64,Female,AB-,Cardiology,Dr. Meena Shah,Sinusitis,Emergency Care,410,OPD,Government Insurance,21182.24,Paid,Discharged
HP104058,16-06-2024,26-06-2024,Priya Reddy,48,Male,AB+,Oncology,Dr. Kiran Shetty,Pregnancy Care,Surgery,309,Referral,Government Insurance,63649.32,Pending,Under Treatment
HP104059,13-03-2021,27-03-2021,Pooja Kulkarni,77,Male,O-,Orthopedics,Dr. Kavita Nair,Pregnancy Care,Routine Treatment,210,Transfer from Another Hospital,Self Pay,18541.56,Paid,Admitted
HP104060,17-10-2022,22-10-2022,Priya Desai,22,Male,B-,Cardiology,Dr. Manish Gupta,Cancer,Emergency Care,313,Direct Admission,Corporate Insurance,113177.38,Partial,Discharged
HP104061,26-09-2021,28-09-2021,Neha Gupta,17,Female,O+,Oncology,Dr. Priya Desai,Cancer,Radiation Therapy,218,Day Care,Government Insurance,139563.53,Pending,Discharged
HP104062,12-11-2025,15-11-2025,Ananya Nayak,5,Male,A+,ENT,Dr. Sneha Rao,Chest Pain,Observation,117,Maternity / Obstetric,Government Insurance,32888.22,Partial,Discharged
HP104063,22-06-2024,07-07-2024,Ananya Shetty,61,Male,O-,ENT,Dr. Manish Gupta,Asthma,Physiotherapy,105,Surgical Admission,Self Pay,41333.75,Pending,Discharged
HP104064,13-10-2023,19-10-2023,Arjun Gupta,6,Female,O-,ENT,Dr. Sneha Rao,Sinusitis,Observation,112,Observation,Government Insurance,28222.47,Pending,Discharged
HP104065,20-12-2023,31-12-2023,Ananya Kulkarni,53,Male,AB-,Dermatology,Dr. Kavita Nair,Skin Infection,Medication,419,ICU Admission,Government Insurance,32177.41,Pending,Discharged
HP104066,06-01-2021,17-01-2021,Neha Kulkarni,81,Female,AB-,Dermatology,Dr. Kiran Shetty,Chest Pain,Medication,412,Post-Operative Admission,Private Insurance,50177.16,Pending,Discharged
HP104067,09-09-2023,14-09-2023,Vivaan Gupta,17,Male,A-,Neurology,Dr. Kiran Shetty,Arthritis,Radiation Therapy,108,Readmission,Government Insurance,45769.78,Paid,Discharged
HP104068,11-02-2022,22-02-2022,Meera Joshi,59,Female,O+,Emergency,Dr. Suresh Patil,Chest Pain,Medication,303,Trauma / Accident,Corporate Insurance,60849.7,Paid,Discharged
HP104069,08-05-2026,12-05-2026,Vivaan Kulkarni,39,Male,A-,Dermatology,Dr. Kavita Nair,Fracture,IV Therapy,312,Elective Admission,Corporate Insurance,81116.71,Paid,Discharged
HP104070,05-09-2026,09-09-2026,Meera Patil,54,Male,AB+,Pediatrics,Dr. Manish Gupta,Arthritis,Routine Treatment,117,Emergency,Government Insurance,110492.46,Pending,Discharged
HP104071,13-09-2023,18-09-2023,Meera Patil,48,Male,O+,General Medicine,Dr. Kiran Shetty,Arthritis,Physiotherapy,103,Scheduled / Planned,Self Pay,133250.86,Paid,Discharged
HP104072,25-01-2022,27-01-2022,Aarav Verma,37,Other,O-,ENT,Dr. Priya Desai,Fever,Surgery,314,OPD,Government Insurance,71610.01,Paid,Discharged
HP104073,11-12-2022,20-12-2022,Diya Desai,48,Male,B-,Pediatrics,Dr. Sameer Khan,Skin Infection,IV Therapy,216,Referral,Private Insurance,136801.14,Paid,Discharged
HP104074,11-01-2025,13-01-2025,Pooja Nayak,68,Female,A+,Gynecology,Dr. Sneha Rao,Heart Disease,Surgery,510,Transfer from Another Hospital,Corporate Insurance,103564.62,Pending,Under Treatment
HP104075,24-01-2023,03-02-2023,Rohan Nayak,78,Female,A+,General Medicine,Dr. Meena Shah,Asthma,Medication,507,Direct Admission,Private Insurance,110691.77,Paid,Admitted
HP104076,12-11-2024,14-11-2024,Sneha Joshi,77,Female,O-,Neurology,Dr. Kiran Shetty,Hypertension,Routine Treatment,210,Day Care,Self Pay,80725.32,Pending,Discharged
HP104077,26-06-2024,06-07-2024,Rahul Kulkarni,27,Male,A+,Dermatology,Dr. Manish Gupta,Diabetes,Routine Treatment,213,Maternity / Obstetric,Private Insurance,80866.9,Paid,Discharged
HP104078,10-06-2022,24-06-2022,Ananya Gupta,27,Female,AB+,Neurology,Dr. Raj Malhotra,Asthma,Medication,210,Surgical Admission,Self Pay,82136.1,Paid,Referred
HP104079,25-01-2025,03-02-2025,Neha Verma,72,Female,AB+,Dermatology,Dr. Sameer Khan,Stroke,Observation,119,Observation,Corporate Insurance,76336.78,Paid,Discharged
HP104080,23-08-2026,06-09-2026,Kiran Verma,63,Male,AB-,Dermatology,Dr. Asha Nair,Asthma,IV Therapy,417,ICU Admission,Private Insurance,71537.38,Paid,Discharged
HP104081,10-07-2022,13-07-2022,Arjun Nayak,52,Female,B-,Cardiology,Dr. Sneha Rao,Infection,Surgery,402,Post-Operative Admission,Private Insurance,117311.17,Paid,Discharged
HP104082,19-01-2021,03-02-2021,Rahul Verma,47,Female,A+,Oncology,Dr. Manish Gupta,Asthma,Routine Treatment,515,Readmission,Government Insurance,61213.88,Paid,Discharged
HP104083,29-07-2022,08-08-2022,Diya Shetty,21,Other,A+,Oncology,Dr. Anil Rao,Heart Disease,Routine Treatment,416,Trauma / Accident,Self Pay,34976.58,Partial,Referred
HP104084,01-10-2023,08-10-2023,Kiran Joshi,57,Male,AB-,Orthopedics,Dr. Kavita Nair,Heart Disease,Routine Treatment,407,Elective Admission,Government Insurance,24657.55,Paid,Discharged
HP104085,23-04-2026,27-04-2026,Aditya Nayak,75,Female,B-,Orthopedics,Dr. Suresh Patil,Asthma,Radiation Therapy,501,Emergency,Self Pay,132539.04,Paid,Under Treatment
HP104086,24-04-2026,07-05-2026,Kiran Joshi,42,Male,O+,Gynecology,Dr. Raj Malhotra,Diabetes,Emergency Care,313,Scheduled / Planned,Government Insurance,130118.08,Pending,Discharged
HP104087,24-06-2025,07-07-2025,Kavya Joshi,48,Male,B-,Orthopedics,Dr. Kavita Nair,Fever,Medication,102,OPD,Corporate Insurance,40328.19,Paid,Discharged
HP104088,26-08-2025,01-09-2025,Meera Shetty,27,Male,B-,Emergency,Dr. Kiran Shetty,Chest Pain,IV Therapy,112,Referral,Private Insurance,22139.71,Paid,Discharged
HP104089,10-12-2026,24-12-2026,Meera Gupta,72,Male,O-,Pediatrics,Dr. Kiran Shetty,Fever,Radiation Therapy,110,Transfer from Another Hospital,Government Insurance,144266.54,Paid,Discharged
HP104090,08-03-2022,12-03-2022,Arjun Kulkarni,33,Female,A-,Gynecology,Dr. Kiran Shetty,Stroke,Observation,201,Direct Admission,Private Insurance,74892.45,Paid,Discharged
HP104091,23-09-2026,03-10-2026,Priya Kulkarni,76,Female,B-,Gynecology,Dr. Sneha Rao,Cancer,Radiation Therapy,502,Day Care,Self Pay,18539.69,Paid,Discharged
HP104092,11-03-2026,26-03-2026,Sneha Sharma,35,Male,B+,ENT,Dr. Asha Nair,Cancer,Emergency Care,414,Maternity / Obstetric,Self Pay,36219.66,Paid,Discharged
HP104093,28-04-2026,05-05-2026,Arjun Sharma,16,Male,AB+,Oncology,Dr. Manish Gupta,Sinusitis,Medication,106,Surgical Admission,Corporate Insurance,107045.02,Paid,Discharged
HP104094,02-09-2024,03-09-2024,Isha Nayak,36,Male,B-,Orthopedics,Dr. Neha Shah,Diabetes,Medication,412,Observation,Corporate Insurance,16790.86,Paid,Discharged
HP104095,25-05-2021,28-05-2021,Neha Sharma,66,Other,A-,Emergency,Dr. Meena Shah,Infection,Physiotherapy,509,ICU Admission,Private Insurance,67794.3,Paid,Under Treatment
HP104096,10-12-2023,23-12-2023,Sneha Reddy,76,Female,O-,Dermatology,Dr. Kavita Nair,Diabetes,Medication,415,Post-Operative Admission,Government Insurance,66999.54,Pending,Under Treatment
HP104097,25-12-2023,28-12-2023,Isha Patil,56,Male,O-,Gynecology,Dr. Anil Rao,Heart Disease,Observation,202,Readmission,Corporate Insurance,104423.33,Partial,Discharged
HP104098,11-03-2023,12-03-2023,Arjun Kulkarni,17,Female,O+,Cardiology,Dr. Raj Malhotra,Diabetes,Physiotherapy,518,Trauma / Accident,Private Insurance,33913.55,Paid,Discharged
HP104099,26-02-2024,03-03-2024,Kavya Verma,20,Male,B+,General Medicine,Dr. Asha Nair,Cancer,Chemotherapy,309,Elective Admission,Government Insurance,147646.75,Paid,Discharged
HP104100,11-05-2026,26-05-2026,Aisha Reddy,85,Female,A-,Pediatrics,Dr. Sneha Rao,Sinusitis,Routine Treatment,418,Emergency,Corporate Insurance,27515.46,Paid,Discharged
HP104101,08-04-2022,21-04-2022,Ananya Kulkarni,84,Female,A-,Neurology,Dr. Asha Nair,Diabetes,Chemotherapy,503,Scheduled / Planned,Private Insurance,91763.12,Paid,Referred
HP104102,10-11-2025,21-11-2025,Isha Reddy,8,Male,AB-,Cardiology,Dr. Sameer Khan,Fracture,IV Therapy,510,OPD,Private Insurance,52574.83,Paid,Under Treatment
HP104103,08-08-2026,22-08-2026,Isha Kulkarni,18,Female,A-,Neurology,Dr. Priya Desai,Heart Disease,Medication,103,Referral,Corporate Insurance,24267.61,Paid,Discharged
HP104104,19-03-2023,28-03-2023,Priya Nayak,18,Male,A-,ENT,Dr. Suresh Patil,Chest Pain,IV Therapy,509,Transfer from Another Hospital,Corporate Insurance,83138.11,Pending,Discharged
HP104105,06-07-2021,14-07-2021,Meera Sharma,18,Male,A+,Oncology,Dr. Manish Gupta,Cancer,Medication,116,Direct Admission,Corporate Insurance,29579.47,Pending,Discharged
HP104106,10-10-2025,21-10-2025,Aditya Shetty,2,Female,AB+,Gynecology,Dr. Manish Gupta,Infection,Emergency Care,418,Day Care,Self Pay,103578.06,Paid,Discharged
HP104107,02-01-2023,09-01-2023,Aditya Patil,76,Female,AB-,Oncology,Dr. Kiran Shetty,Migraine,Radiation Therapy,406,Maternity / Obstetric,Government Insurance,9702.48,Partial,Discharged
HP104108,20-04-2026,30-04-2026,Meera Verma,72,Male,AB-,Neurology,Dr. Neha Shah,Fracture,Chemotherapy,206,Surgical Admission,Corporate Insurance,79007.22,Pending,Discharged
HP104109,28-04-2024,06-05-2024,Rahul Nayak,51,Female,A+,Emergency,Dr. Suresh Patil,Diabetes,Medication,110,Observation,Government Insurance,36752.51,Pending,Discharged
HP104110,12-11-2024,18-11-2024,Ananya Desai,10,Female,B+,ENT,Dr. Neha Shah,Sinusitis,Radiation Therapy,201,ICU Admission,Private Insurance,142749.21,Paid,Discharged
HP104111,05-03-2022,14-03-2022,Vivaan Reddy,75,Male,A+,General Medicine,Dr. Kavita Nair,Asthma,Routine Treatment,306,Post-Operative Admission,Government Insurance,108027.12,Paid,Discharged
HP104112,31-07-2024,03-08-2024,Neha Verma,14,Male,AB-,Oncology,Dr. Manish Gupta,Stroke,Surgery,116,Readmission,Corporate Insurance,114515.87,Pending,Discharged
HP104113,02-05-2024,17-05-2024,Diya Joshi,26,Female,B+,Dermatology,Dr. Suresh Patil,Pregnancy Care,Medication,209,Trauma / Accident,Private Insurance,107275.77,Partial,Discharged
HP104114,03-08-2024,13-08-2024,Diya Nayak,47,Female,AB-,Orthopedics,Dr. Anil Rao,Diabetes,Emergency Care,409,Elective Admission,Corporate Insurance,101554.84,Partial,Discharged
HP104115,10-02-2023,20-02-2023,Kavya Shetty,30,Male,B-,Gynecology,Dr. Priya Desai,Cancer,Observation,507,Emergency,Corporate Insurance,25016.96,Paid,Discharged
HP104116,28-01-2023,06-02-2023,Kiran Joshi,56,Other,B+,Orthopedics,Dr. Raj Malhotra,Cancer,Chemotherapy,101,Scheduled / Planned,Private Insurance,149627.11,Paid,Discharged
HP104117,16-05-2021,20-05-2021,Neha Reddy,42,Female,AB-,Oncology,Dr. Sameer Khan,Sinusitis,Physiotherapy,503,OPD,Government Insurance,100319.46,Paid,Discharged
HP104118,03-03-2023,10-03-2023,Ananya Kulkarni,4,Male,A+,Orthopedics,Dr. Kiran Shetty,Asthma,Physiotherapy,319,Referral,Government Insurance,135119.96,Pending,Discharged
HP104119,20-06-2021,05-07-2021,Vikram Shetty,11,Female,AB-,Emergency,Dr. Meena Shah,Skin Infection,Radiation Therapy,412,Transfer from Another Hospital,Private Insurance,78051.87,Pending,Discharged
HP104120,30-04-2025,13-05-2025,Arjun Gupta,24,Male,A+,Gynecology,Dr. Priya Desai,Heart Disease,Chemotherapy,410,Direct Admission,Corporate Insurance,46465.81,Paid,Referred
HP104121,20-08-2023,29-08-2023,Kavya Kulkarni,67,Female,B+,ENT,Dr. Anil Rao,Fracture,IV Therapy,204,Day Care,Government Insurance,68398.26,Pending,Discharged
HP104122,26-05-2023,28-05-2023,Kiran Gupta,37,Female,A+,General Medicine,Dr. Manish Gupta,Pregnancy Care,Physiotherapy,304,Maternity / Obstetric,Government Insurance,62878.12,Paid,Under Treatment
HP104123,13-04-2021,15-04-2021,Sneha Gupta,2,Female,B+,General Medicine,Dr. Neha Shah,Migraine,Medication,317,Surgical Admission,Corporate Insurance,7314.11,Paid,Discharged
HP104124,29-09-2023,08-10-2023,Aditya Gupta,12,Male,A-,ENT,Dr. Suresh Patil,Cancer,Physiotherapy,520,Observation,Government Insurance,102866.03,Paid,Discharged
HP104125,23-02-2024,06-03-2024,Sneha Kulkarni,21,Female,AB+,Dermatology,Dr. Sneha Rao,Sinusitis,Routine Treatment,413,ICU Admission,Government Insurance,111958.86,Paid,Discharged
HP104126,21-01-2025,03-02-2025,Neha Nayak,69,Female,O+,Pediatrics,Dr. Sameer Khan,Hypertension,Medication,113,Post-Operative Admission,Self Pay,10932.35,Partial,Discharged
HP104127,20-10-2022,23-10-2022,Sneha Joshi,71,Male,B+,Neurology,Dr. Kiran Shetty,Diabetes,IV Therapy,119,Readmission,Self Pay,40661.79,Partial,Discharged
HP104128,05-05-2024,14-05-2024,Rahul Gupta,64,Male,O+,Gynecology,Dr. Neha Shah,Sinusitis,Observation,415,Trauma / Accident,Private Insurance,101343.26,Pending,Discharged
HP104129,27-02-2022,12-03-2022,Vivaan Nayak,68,Female,O-,Cardiology,Dr. Neha Shah,Asthma,Emergency Care,418,Elective Admission,Private Insurance,51674.75,Paid,Discharged
HP104130,20-06-2021,05-07-2021,Kavya Verma,43,Female,O+,Dermatology,Dr. Sneha Rao,Hypertension,Surgery,309,Emergency,Corporate Insurance,140408.23,Paid,Discharged
HP104131,29-03-2022,03-04-2022,Kiran Nayak,54,Male,A-,Emergency,Dr. Kavita Nair,Fever,Observation,318,Scheduled / Planned,Self Pay,21326.4,Paid,Referred
HP104132,30-05-2026,05-06-2026,Pooja Gupta,62,Male,A-,Pediatrics,Dr. Kavita Nair,Diabetes,Routine Treatment,110,OPD,Private Insurance,139572.6,Paid,Discharged
HP104133,16-07-2025,18-07-2025,Arjun Sharma,73,Male,A-,Pediatrics,Dr. Sneha Rao,Skin Infection,IV Therapy,105,Referral,Self Pay,137524.12,Paid,Admitted
HP104134,16-08-2026,24-08-2026,Pooja Kulkarni,12,Male,O+,Dermatology,Dr. Asha Nair,Migraine,Radiation Therapy,515,Transfer from Another Hospital,Private Insurance,143586.01,Pending,Discharged
HP104135,15-10-2021,26-10-2021,Priya Shetty,1,Female,A-,Pediatrics,Dr. Sneha Rao,Pregnancy Care,Surgery,418,Direct Admission,Government Insurance,16198.02,Pending,Discharged
HP104136,30-06-2025,09-07-2025,Kavya Kulkarni,72,Male,B+,Oncology,Dr. Sameer Khan,Fracture,Routine Treatment,515,Day Care,Government Insurance,44498.21,Pending,Discharged
HP104137,18-12-2024,20-12-2024,Meera Gupta,33,Male,O+,General Medicine,Dr. Kiran Shetty,Fracture,Chemotherapy,303,Maternity / Obstetric,Corporate Insurance,41441.39,Paid,Under Treatment
HP104138,29-03-2026,04-04-2026,Kavya Shetty,64,Female,O+,Cardiology,Dr. Kavita Nair,Stroke,Chemotherapy,518,Surgical Admission,Self Pay,133367.59,Partial,Under Treatment
HP104139,31-08-2022,06-09-2022,Aarav Sharma,68,Male,O-,Gynecology,Dr. Kavita Nair,Fracture,Surgery,415,Observation,Self Pay,122040.56,Pending,Discharged
HP104140,02-04-2022,10-04-2022,Isha Nayak,14,Female,A+,Emergency,Dr. Asha Nair,Sinusitis,Radiation Therapy,312,ICU Admission,Self Pay,28039.74,Paid,Discharged
HP104141,31-10-2025,10-11-2025,Ananya Sharma,14,Female,A-,General Medicine,Dr. Manish Gupta,Fracture,Routine Treatment,307,Post-Operative Admission,Self Pay,25514.3,Paid,Discharged
HP104142,10-05-2024,22-05-2024,Arjun Joshi,9,Female,B-,Oncology,Dr. Neha Shah,Fracture,IV Therapy,102,Readmission,Government Insurance,73749.02,Paid,Discharged
HP104143,20-05-2024,25-05-2024,Kiran Sharma,73,Female,A-,General Medicine,Dr. Sneha Rao,Infection,Physiotherapy,313,Trauma / Accident,Government Insurance,30134.22,Pending,Discharged
HP104144,27-10-2023,05-11-2023,Ananya Nayak,26,Male,O-,Pediatrics,Dr. Manish Gupta,Diabetes,Physiotherapy,418,Elective Admission,Self Pay,74005.57,Partial,Discharged
HP104145,23-03-2022,24-03-2022,Vivaan Patil,49,Male,A+,Gynecology,Dr. Raj Malhotra,Stroke,Emergency Care,213,Emergency,Corporate Insurance,127480.72,Paid,Discharged
HP104146,15-04-2023,24-04-2023,Neha Sharma,17,Female,A+,Orthopedics,Dr. Manish Gupta,Stroke,Medication,513,Scheduled / Planned,Self Pay,77487.57,Paid,Discharged
HP104147,22-03-2023,01-04-2023,Kavya Shetty,68,Female,AB+,Emergency,Dr. Kiran Shetty,Cancer,Routine Treatment,101,OPD,Private Insurance,110044.55,Paid,Discharged
HP104148,25-11-2024,02-12-2024,Ananya Kulkarni,60,Male,AB+,Cardiology,Dr. Anil Rao,Fracture,Emergency Care,206,Referral,Government Insurance,41260.41,Paid,Discharged
HP104149,12-11-2024,16-11-2024,Neha Shetty,3,Male,O+,Gynecology,Dr. Suresh Patil,Heart Disease,Routine Treatment,118,Transfer from Another Hospital,Government Insurance,43539.21,Paid,Discharged
HP104150,17-08-2023,20-08-2023,Aarav Kulkarni,25,Female,A-,Gynecology,Dr. Priya Desai,Chest Pain,Physiotherapy,316,Direct Admission,Self Pay,91098.56,Partial,Under Treatment
HP104151,15-01-2025,29-01-2025,Pooja Gupta,21,Male,A-,ENT,Dr. Sameer Khan,Chest Pain,Physiotherapy,517,Day Care,Private Insurance,128602.32,Partial,Discharged
HP104152,20-03-2023,30-03-2023,Aarav Desai,12,Male,AB-,Pediatrics,Dr. Neha Shah,Hypertension,Chemotherapy,213,Maternity / Obstetric,Corporate Insurance,82010.97,Partial,Under Treatment
HP104153,06-09-2023,21-09-2023,Aditya Sharma,54,Male,O+,Emergency,Dr. Suresh Patil,Skin Infection,Chemotherapy,206,Surgical Admission,Government Insurance,33750.78,Paid,Discharged
HP104154,27-12-2022,07-01-2023,Aisha Gupta,1,Female,AB-,Emergency,Dr. Anil Rao,Pregnancy Care,Observation,218,Observation,Private Insurance,36585.6,Paid,Under Treatment
HP104155,01-05-2024,15-05-2024,Aisha Patil,1,Female,AB+,Neurology,Dr. Sameer Khan,Arthritis,Radiation Therapy,320,ICU Admission,Private Insurance,94467.16,Paid,Under Treatment
HP104156,19-03-2026,25-03-2026,Neha Nayak,45,Female,A-,Pediatrics,Dr. Sameer Khan,Chest Pain,Surgery,515,Post-Operative Admission,Government Insurance,19992.02,Paid,Discharged
HP104157,18-02-2023,02-03-2023,Priya Nayak,46,Male,AB-,Dermatology,Dr. Kavita Nair,Sinusitis,Medication,308,Readmission,Government Insurance,14494.18,Partial,Discharged
HP104158,31-08-2023,13-09-2023,Diya Shetty,48,Male,B-,Neurology,Dr. Meena Shah,Infection,Medication,502,Trauma / Accident,Private Insurance,19904.96,Partial,Discharged
HP104159,19-03-2025,20-03-2025,Aarav Verma,7,Male,B+,Dermatology,Dr. Kavita Nair,Heart Disease,Surgery,105,Elective Admission,Corporate Insurance,61889.95,Paid,Discharged
HP104160,17-11-2024,20-11-2024,Rohan Verma,10,Female,AB+,Emergency,Dr. Sneha Rao,Diabetes,Emergency Care,310,Emergency,Private Insurance,56383.68,Partial,Discharged
HP104161,25-10-2026,27-10-2026,Pooja Patil,15,Female,AB+,ENT,Dr. Neha Shah,Infection,Radiation Therapy,410,Scheduled / Planned,Government Insurance,5311.26,Paid,Under Treatment
HP104162,22-08-2022,02-09-2022,Vikram Shetty,40,Female,A+,Oncology,Dr. Manish Gupta,Migraine,Physiotherapy,102,OPD,Self Pay,28442.45,Paid,Under Treatment
HP104163,13-08-2021,26-08-2021,Priya Joshi,11,Male,A-,Emergency,Dr. Raj Malhotra,Arthritis,Emergency Care,104,Referral,Corporate Insurance,55389.25,Paid,Discharged
HP104164,03-04-2025,12-04-2025,Arjun Joshi,56,Female,AB+,General Medicine,Dr. Raj Malhotra,Pregnancy Care,Radiation Therapy,406,Emergency,Private Insurance,67344.29,Paid,Under Treatment
HP104165,01-12-2026,04-12-2026,Diya Nayak,46,Female,AB+,ENT,Dr. Sameer Khan,Hypertension,Routine Treatment,407,Scheduled / Planned,Government Insurance,63333.1,Paid,Admitted
HP104166,21-04-2023,04-05-2023,Kavya Joshi,45,Male,O-,Emergency,Dr. Kavita Nair,Migraine,Radiation Therapy,119,OPD,Private Insurance,51344.61,Paid,Discharged
HP104167,20-12-2025,22-12-2025,Isha Desai,13,Male,AB-,Oncology,Dr. Sneha Rao,Fever,Chemotherapy,219,Referral,Corporate Insurance,122728.6,Paid,Discharged
HP104168,15-12-2022,19-12-2022,Vivaan Joshi,27,Female,B-,Neurology,Dr. Priya Desai,Arthritis,Observation,403,Transfer from Another Hospital,Corporate Insurance,65322.95,Paid,Discharged
HP104169,12-01-2024,27-01-2024,Kiran Kulkarni,81,Female,O+,Oncology,Dr. Suresh Patil,Pregnancy Care,Physiotherapy,414,Direct Admission,Corporate Insurance,98448.59,Pending,Discharged
HP104170,05-05-2021,19-05-2021,Meera Nayak,50,Male,A-,Orthopedics,Dr. Kavita Nair,Hypertension,Chemotherapy,105,Day Care,Corporate Insurance,125711.58,Paid,Discharged
HP104171,29-12-2023,31-12-2023,Aisha Desai,61,Other,O-,Cardiology,Dr. Manish Gupta,Infection,Medication,501,Maternity / Obstetric,Corporate Insurance,128789.25,Pending,Discharged
HP104172,03-07-2024,04-07-2024,Sneha Shetty,13,Female,B+,Cardiology,Dr. Asha Nair,Fever,Chemotherapy,220,Surgical Admission,Government Insurance,129267.37,Partial,Discharged
HP104173,17-10-2025,23-10-2025,Aarav Kulkarni,12,Male,B-,Oncology,Dr. Manish Gupta,Hypertension,Emergency Care,206,Observation,Private Insurance,76723.85,Pending,Discharged
HP104174,30-01-2021,14-02-2021,Rahul Shetty,29,Male,B+,Gynecology,Dr. Kavita Nair,Sinusitis,Physiotherapy,408,ICU Admission,Private Insurance,100891.58,Paid,Discharged
HP104175,11-07-2026,21-07-2026,Rahul Sharma,85,Male,A+,Cardiology,Dr. Raj Malhotra,Cancer,Physiotherapy,516,Post-Operative Admission,Self Pay,50627.3,Paid,Discharged
HP104176,10-05-2022,18-05-2022,Rahul Nayak,84,Male,AB+,Pediatrics,Dr. Sneha Rao,Fever,Surgery,512,Readmission,Corporate Insurance,129967.4,Partial,Admitted
HP104177,29-05-2025,08-06-2025,Neha Joshi,20,Male,AB-,Gynecology,Dr. Meena Shah,Cancer,Medication,514,Trauma / Accident,Private Insurance,35929.91,Paid,Discharged
HP104178,19-12-2022,29-12-2022,Pooja Kulkarni,31,Male,B-,Emergency,Dr. Kavita Nair,Diabetes,IV Therapy,315,Elective Admission,Corporate Insurance,119217.19,Pending,Discharged
HP104179,14-10-2023,16-10-2023,Aarav Joshi,8,Other,O-,Gynecology,Dr. Asha Nair,Skin Infection,Chemotherapy,304,Emergency,Private Insurance,73119.16,Pending,Under Treatment
HP104180,30-08-2024,13-09-2024,Diya Joshi,24,Female,B+,General Medicine,Dr. Kavita Nair,Pregnancy Care,Chemotherapy,502,Scheduled / Planned,Private Insurance,48324.13,Paid,Discharged
HP104181,29-08-2022,07-09-2022,Aisha Patil,75,Female,A-,Cardiology,Dr. Kiran Shetty,Pregnancy Care,Emergency Care,420,OPD,Government Insurance,60050.45,Paid,Referred
HP104182,10-01-2022,25-01-2022,Arjun Joshi,39,Male,A+,Gynecology,Dr. Manish Gupta,Pregnancy Care,Emergency Care,204,Referral,Government Insurance,90299.08,Pending,Discharged
HP104183,15-05-2026,28-05-2026,Pooja Patil,33,Male,O-,Dermatology,Dr. Sneha Rao,Asthma,Chemotherapy,508,Transfer from Another Hospital,Government Insurance,139847.6,Paid,Discharged
HP104184,15-11-2023,18-11-2023,Kiran Reddy,42,Male,O+,Pediatrics,Dr. Meena Shah,Fever,Radiation Therapy,317,Direct Admission,Corporate Insurance,19143.73,Paid,Discharged
HP104185,19-09-2024,27-09-2024,Priya Kulkarni,15,Female,A+,Gynecology,Dr. Sameer Khan,Sinusitis,IV Therapy,310,Day Care,Corporate Insurance,138324.22,Paid,Discharged
HP104186,26-04-2021,08-05-2021,Vikram Nayak,68,Male,AB+,Oncology,Dr. Suresh Patil,Chest Pain,Medication,108,Maternity / Obstetric,Government Insurance,123277.74,Paid,Discharged
HP104187,27-09-2026,05-10-2026,Aarav Kulkarni,65,Male,AB+,ENT,Dr. Manish Gupta,Skin Infection,Chemotherapy,513,Surgical Admission,Private Insurance,90161.9,Paid,Admitted
HP104188,07-12-2025,22-12-2025,Rohan Patil,32,Female,B+,Cardiology,Dr. Kavita Nair,Infection,Surgery,312,Observation,Corporate Insurance,23900.71,Paid,Discharged
HP104189,17-11-2026,20-11-2026,Sneha Desai,11,Female,B+,ENT,Dr. Neha Shah,Cancer,IV Therapy,401,ICU Admission,Corporate Insurance,122806.01,Partial,Under Treatment
HP104190,22-01-2025,25-01-2025,Ananya Sharma,37,Female,A+,Neurology,Dr. Sneha Rao,Chest Pain,Chemotherapy,311,Post-Operative Admission,Self Pay,105141.62,Paid,Referred
HP104191,27-03-2025,08-04-2025,Pooja Joshi,19,Male,B+,Neurology,Dr. Neha Shah,Sinusitis,Chemotherapy,312,Readmission,Private Insurance,77111.21,Pending,Discharged
HP104192,09-06-2025,24-06-2025,Diya Reddy,51,Male,AB+,ENT,Dr. Sameer Khan,Chest Pain,Routine Treatment,120,Trauma / Accident,Private Insurance,133450.75,Pending,Admitted
HP104193,16-11-2022,22-11-2022,Neha Verma,34,Female,A+,Neurology,Dr. Kiran Shetty,Skin Infection,IV Therapy,406,Elective Admission,Self Pay,101345.89,Pending,Referred
HP104194,11-01-2025,12-01-2025,Aditya Desai,71,Female,A+,ENT,Dr. Sneha Rao,Hypertension,Emergency Care,513,Emergency,Self Pay,46851.79,Pending,Referred
HP104195,19-05-2025,23-05-2025,Rohan Nayak,60,Male,O+,Pediatrics,Dr. Meena Shah,Fracture,Emergency Care,410,Scheduled / Planned,Self Pay,11324.9,Paid,Discharged
HP104196,09-12-2026,10-12-2026,Rohan Shetty,84,Male,A-,Emergency,Dr. Manish Gupta,Fracture,Medication,218,OPD,Self Pay,115103.43,Paid,Discharged
HP104197,21-03-2023,04-04-2023,Rahul Gupta,53,Female,A-,Emergency,Dr. Meena Shah,Migraine,Chemotherapy,409,Referral,Self Pay,42043.04,Partial,Discharged
HP104198,05-09-2023,08-09-2023,Kavya Patil,12,Female,B+,ENT,Dr. Meena Shah,Heart Disease,Chemotherapy,211,Transfer from Another Hospital,Self Pay,45675.34,Pending,Under Treatment
HP104199,03-10-2026,12-10-2026,Priya Joshi,62,Female,O-,Emergency,Dr. Suresh Patil,Skin Infection,Observation,304,Direct Admission,Corporate Insurance,70208.5,Paid,Discharged
HP104200,16-09-2024,30-09-2024,Rohan Verma,66,Female,B+,Dermatology,Dr. Anil Rao,Migraine,Observation,315,Day Care,Corporate Insurance,113745.31,Paid,Discharged
HP104201,23-02-2023,09-03-2023,Rahul Sharma,48,Female,O-,ENT,Dr. Sneha Rao,Asthma,Emergency Care,411,Maternity / Obstetric,Corporate Insurance,139026.38,Pending,Discharged
HP104202,29-08-2021,03-09-2021,Vikram Shetty,40,Male,AB+,Gynecology,Dr. Meena Shah,Fracture,Physiotherapy,109,Surgical Admission,Government Insurance,36359.42,Paid,Discharged
HP104203,14-11-2025,26-11-2025,Rohan Gupta,24,Male,O-,Emergency,Dr. Kavita Nair,Stroke,Emergency Care,101,Observation,Self Pay,132892.36,Paid,Discharged
HP104204,03-04-2025,08-04-2025,Pooja Verma,50,Female,AB+,Neurology,Dr. Neha Shah,Hypertension,Observation,213,ICU Admission,Self Pay,92634.02,Paid,Discharged
HP104205,28-04-2022,09-05-2022,Kiran Verma,68,Female,A-,Orthopedics,Dr. Asha Nair,Cancer,Radiation Therapy,110,Post-Operative Admission,Self Pay,129058.97,Paid,Discharged
HP104206,10-10-2023,14-10-2023,Meera Verma,43,Female,A+,Neurology,Dr. Kiran Shetty,Migraine,IV Therapy,411,Readmission,Self Pay,127990.13,Paid,Under Treatment
HP104207,06-07-2021,09-07-2021,Aditya Reddy,17,Female,B-,Gynecology,Dr. Meena Shah,Hypertension,Radiation Therapy,214,Trauma / Accident,Corporate Insurance,61895.7,Paid,Discharged
HP104208,25-02-2026,02-03-2026,Vikram Kulkarni,83,Other,AB-,Orthopedics,Dr. Kavita Nair,Pregnancy Care,Routine Treatment,309,Elective Admission,Self Pay,103329.4,Paid,Discharged
HP104209,11-08-2023,26-08-2023,Pooja Shetty,55,Female,AB-,Cardiology,Dr. Kavita Nair,Fever,Observation,301,Emergency,Government Insurance,142257.92,Paid,Discharged
HP104210,19-10-2024,02-11-2024,Kiran Joshi,34,Male,O+,General Medicine,Dr. Meena Shah,Cancer,Medication,119,Scheduled / Planned,Corporate Insurance,102495.75,Paid,Discharged
HP104211,06-05-2022,17-05-2022,Kavya Kulkarni,70,Male,B-,Pediatrics,Dr. Meena Shah,Asthma,Chemotherapy,212,OPD,Corporate Insurance,71433.1,Paid,Discharged
HP104212,07-03-2022,11-03-2022,Sneha Nayak,60,Male,O-,General Medicine,Dr. Suresh Patil,Skin Infection,Chemotherapy,205,Referral,Corporate Insurance,58934.4,Paid,Under Treatment
HP104213,27-08-2021,04-09-2021,Vikram Joshi,51,Female,O+,Gynecology,Dr. Sameer Khan,Cancer,IV Therapy,517,Transfer from Another Hospital,Government Insurance,25780.47,Paid,Discharged
HP104214,17-03-2021,21-03-2021,Pooja Shetty,77,Male,B+,Orthopedics,Dr. Kavita Nair,Migraine,IV Therapy,102,Direct Admission,Corporate Insurance,149825.52,Paid,Admitted
HP104215,18-09-2024,29-09-2024,Arjun Sharma,73,Female,AB-,Oncology,Dr. Asha Nair,Chest Pain,Medication,204,Day Care,Government Insurance,100383.68,Paid,Under Treatment
HP104216,08-04-2026,20-04-2026,Aarav Sharma,35,Other,O+,Gynecology,Dr. Kavita Nair,Heart Disease,Physiotherapy,413,Maternity / Obstetric,Private Insurance,45100.77,Paid,Discharged
HP104217,17-11-2025,25-11-2025,Vivaan Reddy,34,Female,AB-,Oncology,Dr. Asha Nair,Hypertension,Medication,403,Surgical Admission,Self Pay,15795.06,Paid,Discharged
HP104218,07-04-2023,13-04-2023,Sneha Gupta,16,Male,B-,Cardiology,Dr. Suresh Patil,Infection,Chemotherapy,118,Observation,Government Insurance,114318.34,Paid,Discharged
HP104219,14-08-2022,29-08-2022,Priya Desai,82,Male,O+,Gynecology,Dr. Anil Rao,Pregnancy Care,IV Therapy,116,ICU Admission,Self Pay,128985.38,Pending,Discharged
HP104220,21-10-2026,04-11-2026,Priya Patil,18,Male,B-,ENT,Dr. Neha Shah,Heart Disease,Observation,320,Post-Operative Admission,Self Pay,67030.51,Pending,Under Treatment
HP104221,18-03-2026,30-03-2026,Vikram Verma,38,Male,A-,Oncology,Dr. Asha Nair,Asthma,Chemotherapy,119,Readmission,Corporate Insurance,143631.79,Paid,Under Treatment
HP104222,26-03-2026,06-04-2026,Kiran Verma,43,Male,A+,ENT,Dr. Anil Rao,Infection,Routine Treatment,415,Trauma / Accident,Corporate Insurance,52629.62,Partial,Discharged
HP104223,29-07-2022,03-08-2022,Pooja Desai,32,Male,AB+,Cardiology,Dr. Manish Gupta,Fracture,Emergency Care,506,Elective Admission,Government Insurance,114628.86,Pending,Discharged
HP104224,11-06-2023,15-06-2023,Pooja Verma,7,Female,O-,Dermatology,Dr. Raj Malhotra,Sinusitis,Routine Treatment,514,Emergency,Government Insurance,43132.45,Paid,Discharged
HP104225,22-08-2026,26-08-2026,Kavya Gupta,46,Male,A-,Oncology,Dr. Raj Malhotra,Asthma,Emergency Care,319,Scheduled / Planned,Corporate Insurance,53710.89,Paid,Discharged
HP104226,21-05-2021,02-06-2021,Rohan Reddy,61,Male,AB-,Oncology,Dr. Suresh Patil,Cancer,Routine Treatment,213,OPD,Self Pay,92781.6,Paid,Discharged
HP104227,25-11-2025,29-11-2025,Diya Shetty,18,Female,AB+,General Medicine,Dr. Sneha Rao,Asthma,Emergency Care,120,Referral,Corporate Insurance,10316.6,Paid,Discharged
HP104228,17-01-2021,28-01-2021,Ananya Verma,71,Female,A-,Gynecology,Dr. Anil Rao,Heart Disease,Routine Treatment,207,Transfer from Another Hospital,Self Pay,35568.81,Paid,Discharged
HP104229,23-12-2023,05-01-2024,Isha Gupta,40,Female,A-,Gynecology,Dr. Anil Rao,Heart Disease,Physiotherapy,412,Direct Admission,Private Insurance,30570.14,Paid,Discharged
HP104230,10-09-2021,23-09-2021,Isha Gupta,78,Female,B-,Pediatrics,Dr. Kiran Shetty,Infection,IV Therapy,102,Day Care,Government Insurance,52558.22,Partial,Discharged
HP104231,10-04-2022,19-04-2022,Sneha Kulkarni,50,Female,AB+,Oncology,Dr. Priya Desai,Asthma,IV Therapy,305,Maternity / Obstetric,Corporate Insurance,117732.4,Paid,Discharged
HP104232,11-01-2022,15-01-2022,Rahul Nayak,5,Female,A-,Emergency,Dr. Suresh Patil,Pregnancy Care,Radiation Therapy,214,Surgical Admission,Self Pay,136602.22,Partial,Discharged
HP104233,02-01-2026,14-01-2026,Kavya Nayak,54,Female,B-,Oncology,Dr. Manish Gupta,Infection,Chemotherapy,219,Observation,Private Insurance,6837.52,Paid,Discharged
HP104234,04-06-2022,13-06-2022,Pooja Patil,58,Male,B+,ENT,Dr. Manish Gupta,Cancer,Surgery,505,ICU Admission,Self Pay,42300.13,Paid,Discharged
HP104235,04-02-2026,17-02-2026,Kiran Shetty,22,Female,AB+,Gynecology,Dr. Raj Malhotra,Fracture,Surgery,216,Post-Operative Admission,Government Insurance,8681.4,Paid,Discharged
HP104236,31-03-2021,10-04-2021,Isha Verma,74,Male,O-,General Medicine,Dr. Raj Malhotra,Sinusitis,Chemotherapy,120,Readmission,Corporate Insurance,129880.28,Paid,Discharged
HP104237,21-12-2022,27-12-2022,Aisha Kulkarni,79,Female,O+,General Medicine,Dr. Kavita Nair,Pregnancy Care,Observation,201,Trauma / Accident,Self Pay,33816.36,Partial,Discharged
HP104238,22-09-2022,02-10-2022,Priya Patil,38,Male,A-,Emergency,Dr. Sameer Khan,Infection,Emergency Care,504,Elective Admission,Government Insurance,116751.18,Pending,Under Treatment
HP104239,28-02-2026,13-03-2026,Priya Verma,49,Female,AB-,General Medicine,Dr. Kiran Shetty,Cancer,Routine Treatment,511,Emergency,Corporate Insurance,9829.22,Paid,Admitted
HP104240,17-03-2021,24-03-2021,Arjun Patil,1,Female,B+,Dermatology,Dr. Meena Shah,Arthritis,Observation,111,Scheduled / Planned,Private Insurance,62765.7,Paid,Under Treatment
HP104241,15-07-2023,27-07-2023,Kavya Joshi,78,Male,B-,Gynecology,Dr. Neha Shah,Asthma,Chemotherapy,308,OPD,Self Pay,57000.6,Pending,Discharged
HP104242,11-12-2025,21-12-2025,Diya Reddy,36,Female,A-,Neurology,Dr. Manish Gupta,Cancer,Routine Treatment,107,Referral,Corporate Insurance,52753.44,Paid,Discharged
HP104243,28-08-2023,31-08-2023,Rohan Kulkarni,28,Male,AB-,Pediatrics,Dr. Kavita Nair,Heart Disease,Medication,520,Transfer from Another Hospital,Corporate Insurance,87675.61,Paid,Discharged
HP104244,31-12-2023,08-01-2024,Pooja Gupta,35,Male,B-,Orthopedics,Dr. Kiran Shetty,Chest Pain,Surgery,412,Direct Admission,Corporate Insurance,61739.79,Pending,Discharged
HP104245,22-07-2026,25-07-2026,Vikram Nayak,60,Male,B-,Emergency,Dr. Raj Malhotra,Migraine,Routine Treatment,505,Day Care,Government Insurance,63468.43,Partial,Discharged
HP104246,05-11-2024,06-11-2024,Kiran Kulkarni,62,Other,O+,Oncology,Dr. Kiran Shetty,Stroke,IV Therapy,106,Maternity / Obstetric,Private Insurance,32434.5,Paid,Discharged
HP104247,14-07-2021,27-07-2021,Isha Sharma,46,Male,AB-,Cardiology,Dr. Sameer Khan,Chest Pain,Observation,216,Surgical Admission,Private Insurance,65103.32,Pending,Under Treatment
HP104248,16-08-2021,29-08-2021,Aarav Reddy,83,Female,B-,Oncology,Dr. Sneha Rao,Hypertension,Chemotherapy,514,Observation,Government Insurance,112458.21,Pending,Discharged
HP104249,30-12-2024,09-01-2025,Neha Desai,82,Female,AB+,General Medicine,Dr. Neha Shah,Asthma,IV Therapy,217,ICU Admission,Self Pay,51847.63,Paid,Discharged
HP104250,06-04-2022,18-04-2022,Vivaan Desai,79,Female,O+,General Medicine,Dr. Manish Gupta,Migraine,Medication,502,Post-Operative Admission,Government Insurance,129277.34,Pending,Discharged
HP104251,10-09-2022,15-09-2022,Ananya Joshi,61,Female,B+,Emergency,Dr. Meena Shah,Chest Pain,Routine Treatment,418,Readmission,Private Insurance,29089.05,Paid,Discharged
HP104252,05-03-2021,07-03-2021,Isha Patil,65,Male,O+,Cardiology,Dr. Priya Desai,Chest Pain,Radiation Therapy,507,Trauma / Accident,Government Insurance,127761.82,Paid,Discharged
HP104253,06-09-2026,16-09-2026,Vikram Patil,26,Male,B+,Neurology,Dr. Suresh Patil,Asthma,Physiotherapy,104,Elective Admission,Private Insurance,94286.2,Pending,Under Treatment
HP104254,12-10-2021,26-10-2021,Ananya Shetty,35,Male,A+,Cardiology,Dr. Anil Rao,Chest Pain,Physiotherapy,515,Emergency,Private Insurance,66447.71,Paid,Discharged
HP104255,11-08-2025,17-08-2025,Aisha Desai,57,Female,O+,Cardiology,Dr. Sameer Khan,Infection,Physiotherapy,118,Scheduled / Planned,Private Insurance,10109.33,Paid,Under Treatment
HP104256,18-04-2023,01-05-2023,Rohan Shetty,79,Male,O+,Cardiology,Dr. Sneha Rao,Pregnancy Care,Chemotherapy,414,OPD,Private Insurance,23352.33,Paid,Discharged
HP104257,11-04-2023,21-04-2023,Neha Desai,63,Male,O-,Orthopedics,Dr. Anil Rao,Infection,Surgery,119,Referral,Self Pay,65067.47,Pending,Discharged
HP104258,02-04-2024,11-04-2024,Priya Reddy,4,Female,A-,General Medicine,Dr. Kiran Shetty,Migraine,Routine Treatment,201,Transfer from Another Hospital,Private Insurance,132299.57,Paid,Discharged
HP104259,12-08-2021,13-08-2021,Isha Verma,79,Male,O+,Oncology,Dr. Neha Shah,Migraine,Observation,416,Direct Admission,Corporate Insurance,143740.57,Pending,Discharged
HP104260,23-02-2023,09-03-2023,Aditya Nayak,42,Female,B-,Neurology,Dr. Kavita Nair,Fracture,Chemotherapy,304,Day Care,Corporate Insurance,139803.11,Paid,Discharged
HP104261,08-08-2023,21-08-2023,Diya Reddy,45,Male,O-,Cardiology,Dr. Asha Nair,Chest Pain,Radiation Therapy,310,Maternity / Obstetric,Private Insurance,44741.98,Paid,Discharged
HP104262,14-02-2021,18-02-2021,Aditya Patil,39,Male,A-,Pediatrics,Dr. Anil Rao,Stroke,IV Therapy,109,Surgical Admission,Private Insurance,42197.67,Pending,Discharged
HP104263,16-12-2025,31-12-2025,Kavya Patil,65,Male,O-,Gynecology,Dr. Suresh Patil,Pregnancy Care,Radiation Therapy,208,Observation,Government Insurance,112229.49,Paid,Discharged
HP104264,16-04-2022,17-04-2022,Vivaan Desai,22,Male,O-,Neurology,Dr. Raj Malhotra,Sinusitis,Observation,503,ICU Admission,Self Pay,141380.16,Paid,Discharged
HP104265,13-09-2026,14-09-2026,Neha Desai,11,Female,B+,Orthopedics,Dr. Kavita Nair,Heart Disease,Surgery,316,Post-Operative Admission,Private Insurance,24335.19,Pending,Discharged
HP104266,10-04-2023,18-04-2023,Meera Patil,37,Male,B+,Oncology,Dr. Manish Gupta,Fever,Physiotherapy,204,Readmission,Government Insurance,59749.65,Paid,Discharged
HP104267,25-03-2026,08-04-2026,Aisha Joshi,51,Male,B-,Orthopedics,Dr. Kavita Nair,Migraine,Emergency Care,418,Trauma / Accident,Private Insurance,126278.09,Partial,Discharged
HP104268,07-03-2026,21-03-2026,Aditya Desai,58,Female,AB+,Neurology,Dr. Asha Nair,Cancer,Emergency Care,402,Elective Admission,Self Pay,76338.08,Partial,Discharged
HP104269,23-11-2022,06-12-2022,Priya Verma,77,Female,AB-,General Medicine,Dr. Kiran Shetty,Fever,Chemotherapy,315,Emergency,Self Pay,127142.64,Paid,Under Treatment
HP104270,22-10-2024,05-11-2024,Rohan Verma,7,Female,B-,Pediatrics,Dr. Kiran Shetty,Asthma,Observation,306,Scheduled / Planned,Corporate Insurance,21929.12,Paid,Discharged
HP104271,21-07-2023,01-08-2023,Aarav Verma,8,Female,B-,ENT,Dr. Raj Malhotra,Cancer,Radiation Therapy,218,OPD,Self Pay,117669.19,Paid,Under Treatment
HP104272,21-04-2023,06-05-2023,Isha Desai,51,Female,A+,Gynecology,Dr. Anil Rao,Migraine,Radiation Therapy,113,Referral,Corporate Insurance,61492.74,Paid,Discharged
HP104273,23-04-2026,25-04-2026,Vikram Desai,23,Male,AB-,Emergency,Dr. Suresh Patil,Cancer,Chemotherapy,113,Transfer from Another Hospital,Self Pay,105492.87,Paid,Discharged
HP104274,23-04-2025,24-04-2025,Isha Reddy,9,Female,O-,Orthopedics,Dr. Meena Shah,Sinusitis,Physiotherapy,505,Direct Admission,Government Insurance,47507.16,Paid,Under Treatment
HP104275,28-05-2021,08-06-2021,Vikram Patil,46,Female,O-,Oncology,Dr. Sameer Khan,Stroke,Physiotherapy,116,Day Care,Self Pay,105325.4,Paid,Discharged
HP104276,30-10-2023,07-11-2023,Ananya Desai,38,Male,O+,Emergency,Dr. Priya Desai,Skin Infection,Surgery,518,Maternity / Obstetric,Government Insurance,106805.13,Paid,Discharged
HP104277,04-08-2024,08-08-2024,Rohan Verma,13,Male,O-,General Medicine,Dr. Kavita Nair,Infection,Chemotherapy,217,Surgical Admission,Corporate Insurance,65803.88,Pending,Discharged
HP104278,23-01-2022,26-01-2022,Arjun Shetty,7,Male,AB+,ENT,Dr. Neha Shah,Hypertension,Emergency Care,309,Observation,Government Insurance,145532.09,Partial,Discharged
HP104279,17-02-2026,02-03-2026,Aisha Nayak,11,Male,O-,Oncology,Dr. Sneha Rao,Heart Disease,Chemotherapy,505,ICU Admission,Corporate Insurance,5070.9,Paid,Under Treatment
HP104280,05-07-2023,17-07-2023,Aarav Kulkarni,74,Male,A-,Dermatology,Dr. Meena Shah,Sinusitis,Surgery,110,Post-Operative Admission,Self Pay,102760.08,Pending,Discharged
HP104281,22-02-2026,26-02-2026,Vikram Sharma,50,Male,AB-,Dermatology,Dr. Sneha Rao,Fracture,Observation,501,Readmission,Government Insurance,136764.32,Paid,Discharged
HP104282,05-10-2021,19-10-2021,Kiran Shetty,67,Female,AB+,Emergency,Dr. Kiran Shetty,Arthritis,Medication,506,Trauma / Accident,Government Insurance,129335.11,Paid,Discharged
HP104283,01-06-2026,12-06-2026,Vikram Kulkarni,41,Female,B-,Oncology,Dr. Asha Nair,Cancer,Surgery,103,Elective Admission,Corporate Insurance,86884.07,Paid,Discharged
HP104284,03-02-2026,08-02-2026,Meera Verma,29,Female,B-,Neurology,Dr. Raj Malhotra,Cancer,Chemotherapy,112,Emergency,Self Pay,134884.15,Paid,Admitted
HP104285,31-12-2025,01-01-2026,Meera Reddy,37,Female,B-,Pediatrics,Dr. Raj Malhotra,Migraine,IV Therapy,311,Scheduled / Planned,Private Insurance,20650.21,Paid,Under Treatment
HP104286,08-01-2026,23-01-2026,Ananya Patil,56,Male,B-,Orthopedics,Dr. Sameer Khan,Cancer,Physiotherapy,112,OPD,Private Insurance,83804.59,Partial,Discharged
HP104287,10-09-2022,24-09-2022,Vivaan Joshi,80,Female,B-,Dermatology,Dr. Meena Shah,Hypertension,Surgery,305,Referral,Government Insurance,147290.06,Paid,Discharged
HP104288,19-06-2025,30-06-2025,Aisha Sharma,16,Female,AB-,Orthopedics,Dr. Manish Gupta,Cancer,Physiotherapy,408,Transfer from Another Hospital,Corporate Insurance,148775.76,Paid,Discharged
HP104289,23-12-2026,24-12-2026,Priya Kulkarni,44,Male,O+,Pediatrics,Dr. Anil Rao,Fracture,Observation,406,Direct Admission,Corporate Insurance,103478.06,Pending,Discharged
HP104290,03-08-2022,06-08-2022,Vikram Desai,50,Male,AB-,Pediatrics,Dr. Raj Malhotra,Pregnancy Care,IV Therapy,117,Day Care,Corporate Insurance,29309.49,Pending,Discharged
HP104291,16-03-2024,22-03-2024,Rohan Reddy,71,Male,O+,Neurology,Dr. Kiran Shetty,Infection,Radiation Therapy,402,Maternity / Obstetric,Self Pay,21374.07,Pending,Discharged
HP104292,05-05-2022,06-05-2022,Ananya Desai,79,Male,AB-,Cardiology,Dr. Manish Gupta,Chest Pain,Routine Treatment,118,Surgical Admission,Self Pay,138754.58,Paid,Referred
HP104293,28-03-2024,11-04-2024,Kavya Reddy,6,Male,AB+,Gynecology,Dr. Sameer Khan,Chest Pain,Surgery,314,Observation,Self Pay,132695.48,Partial,Discharged
HP104294,19-01-2022,30-01-2022,Aditya Reddy,18,Male,B-,Cardiology,Dr. Sneha Rao,Asthma,Physiotherapy,502,ICU Admission,Private Insurance,50733.15,Pending,Under Treatment
HP104295,12-06-2021,24-06-2021,Priya Desai,19,Male,B+,Emergency,Dr. Sameer Khan,Migraine,Observation,415,Post-Operative Admission,Government Insurance,140076.41,Partial,Under Treatment
HP104296,20-02-2026,07-03-2026,Kiran Sharma,51,Male,AB-,Oncology,Dr. Neha Shah,Infection,Chemotherapy,510,Readmission,Self Pay,23926.33,Partial,Discharged
HP104297,27-04-2024,29-04-2024,Pooja Sharma,66,Other,B+,Pediatrics,Dr. Neha Shah,Sinusitis,Emergency Care,118,Trauma / Accident,Government Insurance,47701.23,Paid,Admitted
HP104298,24-09-2024,09-10-2024,Priya Sharma,3,Male,O-,Cardiology,Dr. Priya Desai,Sinusitis,Emergency Care,314,Elective Admission,Corporate Insurance,98398.32,Paid,Discharged
HP104299,19-06-2025,01-07-2025,Vivaan Verma,54,Male,A+,ENT,Dr. Priya Desai,Diabetes,Chemotherapy,217,Emergency,Self Pay,29747.13,Pending,Discharged
HP104300,19-04-2024,03-05-2024,Kavya Desai,49,Female,O-,Cardiology,Dr. Sameer Khan,Heart Disease,Medication,217,Scheduled / Planned,Self Pay,148414.23,Pending,Discharged
HP104301,15-10-2021,22-10-2021,Ananya Desai,28,Female,A-,General Medicine,Dr. Suresh Patil,Pregnancy Care,Radiation Therapy,103,OPD,Self Pay,37272.32,Partial,Discharged
HP104302,01-02-2026,15-02-2026,Neha Shetty,38,Male,AB-,Dermatology,Dr. Meena Shah,Skin Infection,Routine Treatment,313,Referral,Government Insurance,40571.49,Partial,Discharged
HP104303,06-07-2021,20-07-2021,Isha Reddy,28,Female,B+,General Medicine,Dr. Sneha Rao,Pregnancy Care,Surgery,116,Transfer from Another Hospital,Private Insurance,73816.49,Paid,Under Treatment
HP104304,23-03-2026,24-03-2026,Vivaan Kulkarni,32,Male,A+,Pediatrics,Dr. Anil Rao,Diabetes,Medication,112,Direct Admission,Private Insurance,117882.44,Pending,Referred
HP104305,07-03-2024,20-03-2024,Rohan Joshi,41,Male,AB+,Dermatology,Dr. Priya Desai,Heart Disease,Observation,309,Day Care,Corporate Insurance,22471.22,Paid,Discharged
HP104306,10-05-2021,24-05-2021,Isha Reddy,36,Male,A-,General Medicine,Dr. Kavita Nair,Fever,Surgery,519,Maternity / Obstetric,Government Insurance,101779.47,Pending,Discharged
HP104307,03-03-2026,18-03-2026,Vikram Nayak,36,Female,O+,Pediatrics,Dr. Raj Malhotra,Fracture,Emergency Care,502,Surgical Admission,Self Pay,19408.85,Paid,Discharged
HP104308,24-05-2021,31-05-2021,Aditya Joshi,66,Male,O-,Dermatology,Dr. Sameer Khan,Infection,Physiotherapy,318,Observation,Private Insurance,18734.57,Partial,Referred
HP104309,16-01-2021,31-01-2021,Aarav Patil,10,Female,B-,Cardiology,Dr. Anil Rao,Infection,Routine Treatment,418,ICU Admission,Corporate Insurance,11002.34,Partial,Under Treatment
HP104310,02-09-2021,06-09-2021,Kavya Verma,70,Male,AB-,Orthopedics,Dr. Priya Desai,Fever,Radiation Therapy,520,Post-Operative Admission,Private Insurance,83969.7,Paid,Discharged
HP104311,16-07-2023,26-07-2023,Sneha Gupta,72,Female,AB-,Cardiology,Dr. Sneha Rao,Hypertension,Chemotherapy,320,Readmission,Government Insurance,68215.52,Paid,Discharged
HP104312,17-12-2026,31-12-2026,Diya Patil,79,Male,B-,Orthopedics,Dr. Sameer Khan,Fever,Chemotherapy,508,Trauma / Accident,Corporate Insurance,49566.57,Paid,Discharged
HP104313,26-06-2023,02-07-2023,Sneha Reddy,63,Male,O-,Neurology,Dr. Anil Rao,Fracture,Chemotherapy,202,Elective Admission,Government Insurance,81431.15,Paid,Under Treatment
HP104314,06-06-2023,20-06-2023,Pooja Shetty,22,Female,O-,Pediatrics,Dr. Sameer Khan,Arthritis,IV Therapy,501,Emergency,Corporate Insurance,77768.07,Paid,Discharged
HP104315,07-12-2021,15-12-2021,Rahul Nayak,20,Female,O+,Oncology,Dr. Anil Rao,Skin Infection,Radiation Therapy,512,Scheduled / Planned,Government Insurance,73712.8,Paid,Referred
HP104316,14-08-2026,23-08-2026,Diya Gupta,33,Male,AB+,Pediatrics,Dr. Sneha Rao,Asthma,Observation,405,OPD,Self Pay,30005.47,Paid,Discharged
HP104317,04-12-2024,10-12-2024,Ananya Nayak,15,Female,A-,Oncology,Dr. Sameer Khan,Stroke,IV Therapy,310,Referral,Self Pay,135057.83,Paid,Referred
HP104318,02-11-2021,14-11-2021,Vivaan Patil,7,Female,AB-,Emergency,Dr. Manish Gupta,Fracture,Physiotherapy,509,Emergency,Government Insurance,94903.57,Paid,Discharged
HP104319,27-06-2023,08-07-2023,Sneha Kulkarni,50,Male,B+,ENT,Dr. Priya Desai,Chest Pain,Physiotherapy,207,Scheduled / Planned,Government Insurance,23457.26,Pending,Discharged
HP104320,03-10-2024,16-10-2024,Kiran Verma,10,Female,O-,Orthopedics,Dr. Sneha Rao,Stroke,Surgery,314,OPD,Private Insurance,42042.08,Paid,Discharged
HP104321,17-11-2021,02-12-2021,Vikram Verma,79,Female,O+,Cardiology,Dr. Asha Nair,Stroke,IV Therapy,318,Referral,Private Insurance,115864.87,Paid,Discharged
HP104322,13-07-2022,27-07-2022,Rahul Sharma,37,Male,O-,Pediatrics,Dr. Asha Nair,Arthritis,Surgery,118,Transfer from Another Hospital,Corporate Insurance,117579.66,Paid,Admitted
HP104323,19-04-2024,28-04-2024,Isha Joshi,59,Male,A-,Orthopedics,Dr. Neha Shah,Diabetes,Observation,207,Direct Admission,Government Insurance,110232.26,Paid,Discharged
HP104324,10-11-2024,14-11-2024,Rahul Reddy,75,Female,A+,Pediatrics,Dr. Neha Shah,Fever,Medication,205,Day Care,Government Insurance,119617.61,Pending,Discharged
HP104325,30-06-2025,06-07-2025,Vikram Sharma,63,Male,O+,Emergency,Dr. Sneha Rao,Hypertension,Surgery,306,Maternity / Obstetric,Government Insurance,91739.35,Paid,Discharged
HP104326,06-02-2024,14-02-2024,Kavya Patil,21,Male,O-,Cardiology,Dr. Neha Shah,Asthma,Medication,108,Surgical Admission,Private Insurance,46871.77,Partial,Discharged
HP104327,29-03-2023,07-04-2023,Aisha Reddy,79,Male,AB-,Cardiology,Dr. Priya Desai,Diabetes,Surgery,520,Observation,Private Insurance,56861.17,Pending,Discharged
HP104328,09-04-2024,12-04-2024,Isha Shetty,79,Female,AB+,Emergency,Dr. Neha Shah,Chest Pain,Observation,315,ICU Admission,Self Pay,78897.58,Paid,Discharged
HP104329,12-01-2021,14-01-2021,Aisha Desai,37,Male,O+,Orthopedics,Dr. Sameer Khan,Chest Pain,Medication,519,Post-Operative Admission,Corporate Insurance,40673.32,Paid,Admitted
HP104330,14-07-2021,20-07-2021,Arjun Sharma,45,Female,B+,Oncology,Dr. Meena Shah,Sinusitis,Emergency Care,208,Readmission,Private Insurance,128730.49,Paid,Discharged
HP104331,18-10-2022,22-10-2022,Isha Gupta,14,Male,A-,Pediatrics,Dr. Sameer Khan,Fever,Medication,105,Trauma / Accident,Corporate Insurance,113308.48,Partial,Discharged
HP104332,06-04-2026,07-04-2026,Rahul Patil,43,Male,O+,Emergency,Dr. Meena Shah,Diabetes,Physiotherapy,312,Elective Admission,Corporate Insurance,147100.89,Paid,Discharged
HP104333,09-09-2026,17-09-2026,Arjun Nayak,85,Female,A-,Pediatrics,Dr. Priya Desai,Fever,Surgery,319,Emergency,Private Insurance,65212.31,Paid,Discharged
HP104334,08-06-2025,17-06-2025,Diya Shetty,84,Female,B+,Orthopedics,Dr. Raj Malhotra,Pregnancy Care,Surgery,116,Scheduled / Planned,Government Insurance,131261,Pending,Discharged
HP104335,25-01-2024,08-02-2024,Priya Kulkarni,33,Male,A+,Emergency,Dr. Meena Shah,Asthma,Observation,117,OPD,Government Insurance,117973.23,Partial,Discharged
HP104336,17-02-2023,26-02-2023,Neha Nayak,3,Male,A+,Dermatology,Dr. Asha Nair,Pregnancy Care,Routine Treatment,520,Referral,Self Pay,125631.02,Paid,Discharged
HP104337,20-03-2022,22-03-2022,Aisha Desai,44,Male,O+,Dermatology,Dr. Sneha Rao,Arthritis,Physiotherapy,317,Transfer from Another Hospital,Government Insurance,104781.53,Pending,Discharged
HP104338,25-10-2021,03-11-2021,Aarav Nayak,35,Female,A-,ENT,Dr. Asha Nair,Sinusitis,Emergency Care,116,Direct Admission,Government Insurance,55610.06,Pending,Under Treatment
HP104339,19-03-2023,26-03-2023,Vikram Kulkarni,25,Male,B-,Pediatrics,Dr. Priya Desai,Asthma,Physiotherapy,218,Day Care,Private Insurance,40368.84,Paid,Under Treatment
HP104340,27-10-2025,01-11-2025,Aarav Joshi,8,Female,B+,Neurology,Dr. Neha Shah,Sinusitis,IV Therapy,408,Maternity / Obstetric,Corporate Insurance,44485.28,Paid,Under Treatment
HP104341,25-04-2023,02-05-2023,Pooja Verma,62,Female,O-,Emergency,Dr. Neha Shah,Diabetes,Routine Treatment,309,Surgical Admission,Government Insurance,87212.9,Paid,Discharged
HP104342,13-10-2023,26-10-2023,Meera Shetty,18,Male,AB-,Orthopedics,Dr. Meena Shah,Pregnancy Care,Physiotherapy,518,Observation,Private Insurance,132549.86,Pending,Discharged
HP104343,16-10-2024,25-10-2024,Rahul Shetty,28,Male,O-,Neurology,Dr. Kiran Shetty,Stroke,Radiation Therapy,117,ICU Admission,Corporate Insurance,70116.87,Paid,Discharged
HP104344,29-10-2024,06-11-2024,Kiran Nayak,75,Male,O+,Oncology,Dr. Suresh Patil,Arthritis,Emergency Care,416,Post-Operative Admission,Private Insurance,91833.13,Paid,Discharged
HP104345,08-07-2022,14-07-2022,Pooja Nayak,12,Male,A+,Oncology,Dr. Neha Shah,Infection,Radiation Therapy,413,Readmission,Government Insurance,111401.14,Partial,Discharged
HP104346,25-02-2022,10-03-2022,Diya Patil,64,Female,AB-,Pediatrics,Dr. Raj Malhotra,Pregnancy Care,Surgery,212,Trauma / Accident,Government Insurance,129013.49,Paid,Discharged
HP104347,23-06-2024,27-06-2024,Sneha Joshi,2,Female,A+,ENT,Dr. Suresh Patil,Diabetes,Routine Treatment,215,Elective Admission,Private Insurance,99030.3,Paid,Under Treatment
HP104348,14-06-2024,27-06-2024,Kavya Gupta,59,Female,A+,Orthopedics,Dr. Asha Nair,Arthritis,Medication,501,Emergency,Self Pay,96249.41,Paid,Under Treatment
HP104349,04-07-2021,19-07-2021,Sneha Nayak,37,Male,AB+,Gynecology,Dr. Meena Shah,Migraine,Physiotherapy,518,Scheduled / Planned,Corporate Insurance,148200.9,Paid,Discharged
HP104350,13-04-2022,14-04-2022,Pooja Kulkarni,4,Female,O+,Emergency,Dr. Priya Desai,Cancer,Observation,114,OPD,Corporate Insurance,130050.29,Pending,Discharged
HP104351,30-07-2024,05-08-2024,Kavya Kulkarni,41,Male,AB-,Neurology,Dr. Sameer Khan,Infection,Emergency Care,204,Referral,Government Insurance,111345.57,Partial,Discharged
HP104352,26-04-2025,29-04-2025,Vivaan Sharma,45,Male,B-,ENT,Dr. Kavita Nair,Hypertension,Observation,219,Transfer from Another Hospital,Private Insurance,125631.61,Paid,Discharged
HP104353,02-12-2021,08-12-2021,Vikram Verma,34,Female,A+,Oncology,Dr. Manish Gupta,Pregnancy Care,Surgery,108,Direct Admission,Private Insurance,149984.78,Paid,Referred
HP104354,06-02-2025,12-02-2025,Vikram Desai,13,Female,B-,Dermatology,Dr. Manish Gupta,Stroke,Physiotherapy,410,Day Care,Government Insurance,78329.31,Paid,Discharged
HP104355,22-08-2026,05-09-2026,Meera Verma,7,Male,A-,Orthopedics,Dr. Priya Desai,Heart Disease,Physiotherapy,507,Maternity / Obstetric,Private Insurance,107302.29,Paid,Discharged
HP104356,18-12-2024,22-12-2024,Rahul Shetty,32,Female,A-,Cardiology,Dr. Raj Malhotra,Diabetes,Emergency Care,112,Surgical Admission,Government Insurance,122944.62,Pending,Discharged
HP104357,11-08-2022,13-08-2022,Kavya Desai,23,Female,O-,Gynecology,Dr. Priya Desai,Hypertension,IV Therapy,514,Observation,Self Pay,69407.68,Paid,Admitted
HP104358,25-02-2026,12-03-2026,Sneha Shetty,49,Female,O-,Neurology,Dr. Sneha Rao,Fracture,IV Therapy,113,ICU Admission,Corporate Insurance,143465.88,Paid,Referred
HP104359,20-07-2021,29-07-2021,Aisha Sharma,72,Male,AB+,Orthopedics,Dr. Kiran Shetty,Diabetes,Observation,313,Post-Operative Admission,Self Pay,60421.48,Paid,Discharged
HP104360,06-06-2022,08-06-2022,Vivaan Kulkarni,47,Female,O-,Pediatrics,Dr. Raj Malhotra,Stroke,Observation,111,Readmission,Private Insurance,40245.36,Pending,Discharged
HP104361,03-03-2026,06-03-2026,Pooja Reddy,37,Female,B-,ENT,Dr. Suresh Patil,Hypertension,Routine Treatment,203,Trauma / Accident,Corporate Insurance,103178.27,Partial,Discharged
HP104362,08-09-2025,18-09-2025,Diya Reddy,48,Female,B+,Neurology,Dr. Manish Gupta,Fever,Chemotherapy,307,Elective Admission,Government Insurance,16708.43,Pending,Discharged
HP104363,27-02-2023,28-02-2023,Vikram Desai,29,Female,AB+,Gynecology,Dr. Asha Nair,Fracture,Radiation Therapy,515,Emergency,Government Insurance,23363.17,Pending,Discharged
HP104364,01-03-2021,08-03-2021,Rohan Shetty,37,Female,A+,Cardiology,Dr. Meena Shah,Fracture,Observation,211,Scheduled / Planned,Corporate Insurance,145719.86,Paid,Discharged
HP104365,01-08-2022,16-08-2022,Kavya Desai,23,Male,A-,Dermatology,Dr. Sneha Rao,Fever,Physiotherapy,520,OPD,Self Pay,45839.35,Pending,Under Treatment
HP104366,17-11-2021,18-11-2021,Pooja Verma,38,Male,O-,General Medicine,Dr. Anil Rao,Diabetes,Medication,405,Referral,Self Pay,9806.38,Paid,Discharged
HP104367,29-12-2024,09-01-2025,Sneha Nayak,44,Male,O+,Cardiology,Dr. Sneha Rao,Pregnancy Care,Routine Treatment,510,Transfer from Another Hospital,Government Insurance,73823.31,Paid,Under Treatment
HP104368,31-07-2026,09-08-2026,Kavya Desai,5,Male,A-,Emergency,Dr. Anil Rao,Asthma,Routine Treatment,202,Direct Admission,Private Insurance,130764.92,Pending,Admitted
HP104369,12-07-2023,23-07-2023,Isha Joshi,52,Male,B+,Emergency,Dr. Kavita Nair,Skin Infection,Surgery,102,Day Care,Government Insurance,53330.79,Paid,Admitted
HP104370,10-11-2024,21-11-2024,Sneha Nayak,40,Female,AB+,Orthopedics,Dr. Kavita Nair,Stroke,Observation,320,Maternity / Obstetric,Private Insurance,65801.95,Pending,Discharged
HP104371,22-08-2025,23-08-2025,Sneha Gupta,11,Male,B-,Gynecology,Dr. Manish Gupta,Sinusitis,Observation,202,Surgical Admission,Private Insurance,27743.06,Partial,Discharged
HP104372,23-07-2022,28-07-2022,Ananya Sharma,78,Female,O+,Dermatology,Dr. Suresh Patil,Diabetes,Medication,314,Observation,Corporate Insurance,55183.46,Partial,Under Treatment
HP104373,07-01-2024,14-01-2024,Aditya Joshi,2,Female,A-,General Medicine,Dr. Meena Shah,Migraine,Surgery,318,ICU Admission,Corporate Insurance,144984.9,Paid,Discharged
HP104374,11-06-2022,14-06-2022,Kavya Shetty,35,Male,A+,Gynecology,Dr. Manish Gupta,Chest Pain,Radiation Therapy,501,Post-Operative Admission,Government Insurance,132195.69,Paid,Discharged
HP104375,13-12-2026,22-12-2026,Rahul Gupta,45,Female,B+,Emergency,Dr. Sameer Khan,Arthritis,Emergency Care,404,Readmission,Corporate Insurance,112278.36,Pending,Discharged
HP104376,21-05-2023,29-05-2023,Diya Sharma,49,Male,B+,Oncology,Dr. Manish Gupta,Pregnancy Care,Medication,107,Trauma / Accident,Government Insurance,119001.64,Pending,Discharged
HP104377,07-10-2021,20-10-2021,Pooja Joshi,35,Female,AB-,Gynecology,Dr. Priya Desai,Fever,Chemotherapy,218,Elective Admission,Corporate Insurance,102055.42,Paid,Discharged
HP104378,08-03-2026,23-03-2026,Rahul Kulkarni,72,Female,B+,Dermatology,Dr. Priya Desai,Hypertension,Chemotherapy,210,Emergency,Self Pay,22103.1,Partial,Discharged
HP104379,18-10-2025,21-10-2025,Vivaan Patil,32,Male,A+,Gynecology,Dr. Asha Nair,Cancer,Emergency Care,206,Scheduled / Planned,Self Pay,22029.64,Paid,Discharged
HP104380,05-11-2022,20-11-2022,Diya Joshi,68,Male,B+,Dermatology,Dr. Kiran Shetty,Arthritis,Radiation Therapy,410,OPD,Self Pay,82892.1,Paid,Discharged
HP104381,26-02-2024,02-03-2024,Aarav Gupta,71,Male,O-,Cardiology,Dr. Manish Gupta,Hypertension,IV Therapy,313,Referral,Corporate Insurance,91340.38,Paid,Admitted
HP104382,28-11-2021,05-12-2021,Aisha Gupta,39,Female,B-,Gynecology,Dr. Anil Rao,Asthma,Surgery,212,Transfer from Another Hospital,Private Insurance,145914.19,Pending,Discharged
HP104383,19-03-2024,31-03-2024,Neha Patil,48,Female,AB-,Emergency,Dr. Kavita Nair,Diabetes,Observation,301,Direct Admission,Corporate Insurance,70420.51,Paid,Admitted
HP104384,02-08-2026,16-08-2026,Arjun Sharma,37,Male,O-,Orthopedics,Dr. Manish Gupta,Chest Pain,Radiation Therapy,111,Day Care,Self Pay,138034.26,Paid,Discharged
HP104385,17-01-2025,21-01-2025,Kiran Shetty,60,Female,B-,Gynecology,Dr. Meena Shah,Pregnancy Care,Radiation Therapy,202,Maternity / Obstetric,Government Insurance,148598.64,Pending,Admitted
HP104386,05-02-2021,10-02-2021,Priya Gupta,81,Male,O+,General Medicine,Dr. Sameer Khan,Fever,IV Therapy,301,Surgical Admission,Private Insurance,127452.68,Paid,Under Treatment
HP104387,05-09-2025,08-09-2025,Diya Sharma,74,Male,AB+,Dermatology,Dr. Asha Nair,Infection,Emergency Care,115,Observation,Self Pay,62852.17,Pending,Discharged
HP104388,14-12-2024,23-12-2024,Priya Nayak,4,Other,AB+,Dermatology,Dr. Manish Gupta,Infection,Routine Treatment,116,ICU Admission,Corporate Insurance,114248.51,Paid,Discharged
HP104389,11-10-2024,21-10-2024,Diya Shetty,23,Male,O+,Emergency,Dr. Kavita Nair,Fracture,Surgery,111,Post-Operative Admission,Government Insurance,84091.96,Paid,Discharged
HP104390,16-03-2022,25-03-2022,Priya Reddy,14,Female,O-,General Medicine,Dr. Asha Nair,Asthma,IV Therapy,211,Readmission,Corporate Insurance,33828.46,Partial,Under Treatment
HP104391,25-01-2024,01-02-2024,Arjun Nayak,5,Female,O+,ENT,Dr. Meena Shah,Pregnancy Care,Routine Treatment,218,Trauma / Accident,Government Insurance,23806.74,Partial,Discharged
HP104392,13-06-2021,23-06-2021,Vivaan Shetty,66,Female,O-,ENT,Dr. Kavita Nair,Pregnancy Care,Physiotherapy,414,Elective Admission,Self Pay,15162.02,Paid,Discharged
HP104393,28-05-2021,30-05-2021,Isha Kulkarni,24,Male,O-,ENT,Dr. Manish Gupta,Migraine,Emergency Care,104,Emergency,Government Insurance,52332.81,Partial,Discharged
HP104394,14-07-2021,21-07-2021,Kiran Kulkarni,18,Male,B-,ENT,Dr. Neha Shah,Chest Pain,Observation,213,Scheduled / Planned,Government Insurance,104870.33,Pending,Discharged
HP104395,25-10-2022,01-11-2022,Neha Desai,27,Male,A+,Gynecology,Dr. Suresh Patil,Stroke,Observation,415,OPD,Government Insurance,137509.16,Paid,Discharged
HP104396,25-04-2022,06-05-2022,Vikram Joshi,24,Female,AB-,ENT,Dr. Priya Desai,Migraine,Physiotherapy,419,Referral,Self Pay,51463.44,Partial,Discharged
HP104397,03-05-2021,08-05-2021,Kiran Shetty,29,Female,AB+,Gynecology,Dr. Kiran Shetty,Stroke,Medication,414,Transfer from Another Hospital,Government Insurance,81998.11,Paid,Discharged
HP104398,24-11-2024,03-12-2024,Aisha Nayak,11,Male,O-,Oncology,Dr. Manish Gupta,Pregnancy Care,Radiation Therapy,415,Direct Admission,Corporate Insurance,72977.7,Pending,Discharged
HP104399,23-08-2023,05-09-2023,Sneha Gupta,18,Female,B+,Neurology,Dr. Neha Shah,Fracture,IV Therapy,302,Day Care,Private Insurance,20770.66,Paid,Discharged
HP104400,14-11-2025,26-11-2025,Isha Verma,4,Male,O+,Orthopedics,Dr. Neha Shah,Infection,Surgery,211,Maternity / Obstetric,Corporate Insurance,115240.44,Paid,Discharged
HP104401,25-01-2025,05-02-2025,Rahul Desai,33,Male,B-,Gynecology,Dr. Sneha Rao,Fever,Medication,109,Surgical Admission,Government Insurance,80308.9,Paid,Discharged
HP104402,08-07-2026,11-07-2026,Aarav Sharma,78,Male,A-,Dermatology,Dr. Sameer Khan,Infection,Medication,509,Observation,Government Insurance,138009.71,Paid,Discharged
HP104403,11-12-2022,15-12-2022,Meera Gupta,42,Male,A+,General Medicine,Dr. Meena Shah,Infection,Observation,418,ICU Admission,Self Pay,126140.14,Paid,Discharged
HP104404,01-07-2023,02-07-2023,Sneha Kulkarni,32,Male,A+,Cardiology,Dr. Sneha Rao,Sinusitis,Observation,404,Post-Operative Admission,Corporate Insurance,45349.63,Partial,Under Treatment
HP104405,22-09-2024,28-09-2024,Rahul Nayak,51,Male,B-,General Medicine,Dr. Neha Shah,Sinusitis,Emergency Care,409,Readmission,Government Insurance,50329.81,Pending,Discharged
HP104406,01-10-2025,05-10-2025,Diya Patil,4,Female,O-,Gynecology,Dr. Meena Shah,Infection,Chemotherapy,206,Trauma / Accident,Self Pay,82862.98,Paid,Discharged
HP104407,29-12-2025,30-12-2025,Isha Sharma,20,Female,A-,ENT,Dr. Sneha Rao,Heart Disease,Medication,117,Elective Admission,Self Pay,23146.17,Paid,Under Treatment
HP104408,29-04-2025,01-05-2025,Priya Patil,85,Male,A+,General Medicine,Dr. Manish Gupta,Heart Disease,Surgery,513,Emergency,Self Pay,41412.28,Pending,Discharged
HP104409,12-11-2022,27-11-2022,Rohan Gupta,67,Female,AB-,Oncology,Dr. Sneha Rao,Sinusitis,Physiotherapy,414,Scheduled / Planned,Self Pay,124058.48,Paid,Discharged
HP104410,26-08-2024,29-08-2024,Vivaan Verma,68,Female,AB+,Cardiology,Dr. Raj Malhotra,Fever,Routine Treatment,515,OPD,Government Insurance,27185.61,Paid,Discharged
HP104411,10-07-2022,19-07-2022,Rohan Nayak,62,Male,AB-,Pediatrics,Dr. Priya Desai,Stroke,Observation,101,Referral,Government Insurance,84205.03,Pending,Discharged
HP104412,02-09-2022,15-09-2022,Isha Verma,58,Female,A-,Dermatology,Dr. Asha Nair,Asthma,Emergency Care,110,Transfer from Another Hospital,Self Pay,62125.01,Pending,Admitted
HP104413,27-11-2026,05-12-2026,Diya Shetty,47,Female,AB-,Gynecology,Dr. Kiran Shetty,Fracture,Surgery,205,Direct Admission,Self Pay,34134.98,Pending,Discharged
HP104414,07-01-2022,14-01-2022,Vivaan Kulkarni,75,Female,B+,Orthopedics,Dr. Asha Nair,Sinusitis,Surgery,303,Day Care,Corporate Insurance,145617.19,Paid,Admitted
HP104415,08-09-2022,21-09-2022,Aisha Desai,80,Female,O+,Dermatology,Dr. Raj Malhotra,Diabetes,Surgery,102,Maternity / Obstetric,Self Pay,124642.9,Paid,Discharged
HP104416,30-03-2026,14-04-2026,Vivaan Desai,59,Female,O+,General Medicine,Dr. Priya Desai,Chest Pain,IV Therapy,402,Surgical Admission,Self Pay,43669.12,Paid,Discharged
HP104417,27-04-2023,08-05-2023,Ananya Patil,6,Male,AB+,Pediatrics,Dr. Meena Shah,Sinusitis,Routine Treatment,109,Observation,Government Insurance,118865.95,Partial,Referred
HP104418,12-02-2021,24-02-2021,Kiran Shetty,40,Female,A-,Dermatology,Dr. Meena Shah,Asthma,Emergency Care,306,ICU Admission,Private Insurance,5930.57,Partial,Discharged
HP104419,15-05-2023,29-05-2023,Isha Desai,77,Male,B-,Neurology,Dr. Asha Nair,Sinusitis,Routine Treatment,101,Post-Operative Admission,Corporate Insurance,45247.04,Paid,Discharged
HP104420,22-06-2024,26-06-2024,Vikram Shetty,23,Female,O-,General Medicine,Dr. Sameer Khan,Fracture,Emergency Care,416,Readmission,Government Insurance,20659.72,Partial,Discharged
HP104421,10-10-2024,11-10-2024,Aisha Reddy,52,Male,A+,General Medicine,Dr. Kiran Shetty,Infection,Routine Treatment,419,Trauma / Accident,Self Pay,66491.87,Pending,Discharged
HP104422,24-02-2023,04-03-2023,Isha Patil,4,Male,AB+,Gynecology,Dr. Suresh Patil,Asthma,IV Therapy,214,Elective Admission,Self Pay,97497.37,Paid,Discharged
HP104423,21-04-2022,25-04-2022,Meera Verma,37,Female,B-,Dermatology,Dr. Suresh Patil,Migraine,Medication,314,Emergency,Self Pay,29840.08,Pending,Under Treatment
HP104424,24-03-2021,27-03-2021,Kavya Desai,42,Male,A-,General Medicine,Dr. Sameer Khan,Arthritis,Emergency Care,113,Scheduled / Planned,Corporate Insurance,39665.7,Paid,Discharged
HP104425,08-02-2024,17-02-2024,Diya Gupta,44,Female,B+,Oncology,Dr. Kavita Nair,Infection,Observation,108,OPD,Self Pay,61942.08,Partial,Admitted
HP104426,11-03-2023,21-03-2023,Arjun Nayak,42,Male,A+,Cardiology,Dr. Sameer Khan,Infection,Routine Treatment,502,Referral,Private Insurance,96462.51,Paid,Discharged
HP104427,25-07-2023,29-07-2023,Neha Desai,29,Female,A+,Cardiology,Dr. Kiran Shetty,Pregnancy Care,Emergency Care,315,Transfer from Another Hospital,Corporate Insurance,50055.32,Pending,Discharged
HP104428,27-07-2025,31-07-2025,Neha Nayak,19,Male,AB+,Pediatrics,Dr. Kavita Nair,Stroke,Medication,215,Direct Admission,Corporate Insurance,92217.91,Paid,Under Treatment
HP104429,22-11-2021,06-12-2021,Vikram Kulkarni,84,Male,B-,Cardiology,Dr. Asha Nair,Diabetes,Emergency Care,218,Day Care,Self Pay,55641.27,Partial,Discharged
HP104430,15-03-2025,24-03-2025,Ananya Nayak,32,Male,O+,Orthopedics,Dr. Raj Malhotra,Cancer,Physiotherapy,404,Maternity / Obstetric,Corporate Insurance,42389.87,Paid,Discharged
HP104431,09-06-2026,22-06-2026,Meera Nayak,44,Female,A-,Emergency,Dr. Sameer Khan,Chest Pain,Physiotherapy,209,Surgical Admission,Corporate Insurance,128982.23,Pending,Discharged
HP104432,19-05-2026,31-05-2026,Sneha Joshi,55,Female,A-,Orthopedics,Dr. Raj Malhotra,Arthritis,Chemotherapy,412,Observation,Private Insurance,60531.37,Paid,Under Treatment
HP104433,17-04-2023,28-04-2023,Rahul Gupta,80,Female,B-,Orthopedics,Dr. Asha Nair,Cancer,Surgery,211,ICU Admission,Government Insurance,138164.27,Paid,Discharged
HP104434,23-05-2022,04-06-2022,Rohan Shetty,5,Other,A+,Emergency,Dr. Raj Malhotra,Migraine,Routine Treatment,113,Post-Operative Admission,Private Insurance,49308.32,Paid,Under Treatment
HP104435,21-10-2026,04-11-2026,Kavya Sharma,46,Female,O-,Pediatrics,Dr. Manish Gupta,Heart Disease,Routine Treatment,506,Readmission,Government Insurance,83716.46,Paid,Discharged
HP104436,24-06-2024,26-06-2024,Rohan Kulkarni,76,Female,B-,ENT,Dr. Meena Shah,Migraine,Chemotherapy,118,Trauma / Accident,Private Insurance,12771.44,Paid,Referred
HP104437,03-10-2022,17-10-2022,Kiran Kulkarni,45,Male,AB-,Oncology,Dr. Sameer Khan,Pregnancy Care,Routine Treatment,303,Elective Admission,Self Pay,103639.6,Paid,Discharged
HP104438,22-02-2026,06-03-2026,Kavya Patil,21,Male,O+,Emergency,Dr. Suresh Patil,Stroke,Emergency Care,503,Emergency,Private Insurance,120343.54,Paid,Discharged
HP104439,31-08-2022,05-09-2022,Isha Joshi,78,Male,A-,Gynecology,Dr. Sameer Khan,Sinusitis,Routine Treatment,506,Scheduled / Planned,Corporate Insurance,145854.98,Partial,Discharged
HP104440,13-05-2026,28-05-2026,Kiran Desai,22,Male,O-,Dermatology,Dr. Raj Malhotra,Migraine,Surgery,202,OPD,Corporate Insurance,126308.65,Paid,Discharged
HP104441,20-07-2022,24-07-2022,Isha Verma,30,Female,B-,Dermatology,Dr. Priya Desai,Hypertension,IV Therapy,417,Referral,Corporate Insurance,50315.37,Partial,Under Treatment
HP104442,29-09-2024,08-10-2024,Diya Shetty,23,Female,A+,Dermatology,Dr. Sameer Khan,Migraine,Emergency Care,117,Transfer from Another Hospital,Self Pay,85707.39,Pending,Discharged
HP104443,03-10-2026,15-10-2026,Isha Verma,5,Female,AB+,General Medicine,Dr. Sneha Rao,Skin Infection,Emergency Care,509,Direct Admission,Private Insurance,90821.71,Paid,Discharged
HP104444,20-10-2025,25-10-2025,Isha Verma,63,Female,O-,Neurology,Dr. Raj Malhotra,Asthma,Observation,414,Day Care,Government Insurance,13233.94,Paid,Discharged
HP104445,01-05-2025,10-05-2025,Vivaan Sharma,59,Female,AB-,Neurology,Dr. Neha Shah,Cancer,Observation,506,Maternity / Obstetric,Private Insurance,15535.26,Paid,Discharged
HP104446,10-06-2026,21-06-2026,Arjun Patil,82,Female,A+,Dermatology,Dr. Kiran Shetty,Fever,IV Therapy,117,Surgical Admission,Private Insurance,52241.96,Paid,Discharged
HP104447,07-10-2026,16-10-2026,Aditya Kulkarni,52,Male,B+,Oncology,Dr. Anil Rao,Arthritis,Emergency Care,115,Observation,Government Insurance,112941.48,Paid,Discharged
HP104448,09-05-2021,23-05-2021,Rohan Sharma,65,Male,B+,Dermatology,Dr. Sneha Rao,Arthritis,Radiation Therapy,214,ICU Admission,Private Insurance,46402.38,Paid,Discharged
HP104449,16-02-2026,18-02-2026,Ananya Nayak,39,Male,B-,Oncology,Dr. Kavita Nair,Infection,Medication,502,Post-Operative Admission,Corporate Insurance,131748.16,Paid,Discharged
HP104450,07-12-2022,21-12-2022,Vikram Kulkarni,81,Male,O+,Dermatology,Dr. Sneha Rao,Fracture,Radiation Therapy,504,Readmission,Government Insurance,98523.64,Pending,Discharged
HP104451,02-05-2023,17-05-2023,Vivaan Sharma,3,Female,O+,ENT,Dr. Neha Shah,Cancer,Surgery,515,Trauma / Accident,Private Insurance,72880.02,Pending,Discharged
HP104452,08-01-2021,17-01-2021,Sneha Reddy,42,Female,A+,Orthopedics,Dr. Neha Shah,Fracture,Chemotherapy,311,Elective Admission,Government Insurance,83381.01,Paid,Discharged
HP104453,08-09-2026,11-09-2026,Kavya Gupta,71,Male,A+,Pediatrics,Dr. Anil Rao,Sinusitis,Observation,513,Emergency,Government Insurance,53057.21,Partial,Discharged
HP104454,10-02-2024,14-02-2024,Meera Desai,27,Female,A-,Gynecology,Dr. Kiran Shetty,Hypertension,Radiation Therapy,102,Scheduled / Planned,Self Pay,146217.77,Paid,Referred
HP104455,19-12-2026,20-12-2026,Ananya Joshi,28,Female,AB+,ENT,Dr. Manish Gupta,Heart Disease,Emergency Care,205,OPD,Government Insurance,30513.62,Pending,Admitted
HP104456,26-08-2025,09-09-2025,Priya Shetty,54,Male,AB-,ENT,Dr. Kavita Nair,Skin Infection,IV Therapy,505,Referral,Government Insurance,129757.54,Paid,Under Treatment
HP104457,07-02-2025,08-02-2025,Arjun Desai,15,Male,A+,Oncology,Dr. Sneha Rao,Migraine,IV Therapy,416,Transfer from Another Hospital,Self Pay,103331.85,Paid,Discharged
HP104458,03-07-2025,04-07-2025,Priya Verma,53,Female,O-,Orthopedics,Dr. Kiran Shetty,Migraine,Observation,305,Direct Admission,Self Pay,108176.44,Paid,Admitted
HP104459,03-10-2021,12-10-2021,Kiran Shetty,72,Female,AB-,General Medicine,Dr. Priya Desai,Migraine,Physiotherapy,503,Day Care,Corporate Insurance,126192.57,Paid,Discharged
HP104460,30-08-2025,10-09-2025,Rohan Reddy,70,Male,B-,Gynecology,Dr. Neha Shah,Pregnancy Care,Physiotherapy,104,Maternity / Obstetric,Corporate Insurance,24752.36,Pending,Discharged
HP104461,01-12-2025,09-12-2025,Aarav Patil,4,Male,A-,General Medicine,Dr. Sneha Rao,Hypertension,Physiotherapy,408,Surgical Admission,Government Insurance,105798.32,Paid,Discharged
HP104462,31-08-2021,05-09-2021,Kavya Sharma,17,Male,O+,Oncology,Dr. Raj Malhotra,Hypertension,Chemotherapy,111,Observation,Self Pay,117559.18,Paid,Discharged
HP104463,20-06-2021,25-06-2021,Diya Shetty,34,Male,AB-,General Medicine,Dr. Sneha Rao,Skin Infection,Radiation Therapy,310,ICU Admission,Government Insurance,147768.98,Paid,Under Treatment
HP104464,15-10-2022,24-10-2022,Rohan Reddy,6,Female,AB-,Pediatrics,Dr. Kiran Shetty,Pregnancy Care,Radiation Therapy,307,Post-Operative Admission,Government Insurance,113396.05,Pending,Admitted
HP104465,17-04-2026,20-04-2026,Pooja Nayak,36,Male,AB-,Oncology,Dr. Suresh Patil,Diabetes,Surgery,408,Readmission,Private Insurance,143004.22,Paid,Discharged
HP104466,15-01-2024,18-01-2024,Isha Kulkarni,39,Male,AB-,Dermatology,Dr. Meena Shah,Hypertension,Physiotherapy,205,Trauma / Accident,Government Insurance,128211.37,Paid,Discharged
HP104467,08-02-2025,15-02-2025,Vivaan Nayak,80,Male,AB-,Neurology,Dr. Kiran Shetty,Stroke,Surgery,513,Elective Admission,Self Pay,131973.79,Partial,Admitted
HP104468,01-10-2026,10-10-2026,Kavya Shetty,66,Female,O+,Neurology,Dr. Raj Malhotra,Cancer,Emergency Care,212,Emergency,Private Insurance,137953.53,Paid,Discharged
HP104469,29-11-2026,05-12-2026,Sneha Nayak,8,Male,A-,Oncology,Dr. Priya Desai,Asthma,Physiotherapy,302,Scheduled / Planned,Private Insurance,82018.05,Pending,Discharged
HP104470,27-05-2026,10-06-2026,Pooja Patil,15,Male,B-,Emergency,Dr. Priya Desai,Pregnancy Care,Emergency Care,407,OPD,Self Pay,108097.89,Partial,Discharged
HP104471,03-12-2023,05-12-2023,Arjun Verma,63,Female,AB-,General Medicine,Dr. Sneha Rao,Pregnancy Care,Observation,317,Referral,Corporate Insurance,22974.05,Paid,Discharged
HP104472,29-07-2026,30-07-2026,Sneha Desai,80,Male,AB-,Pediatrics,Dr. Priya Desai,Fracture,Emergency Care,406,Transfer from Another Hospital,Self Pay,56684.99,Paid,Discharged
HP104473,08-05-2023,10-05-2023,Meera Joshi,65,Male,B-,Orthopedics,Dr. Neha Shah,Infection,Physiotherapy,115,Direct Admission,Private Insurance,132513.66,Pending,Discharged
HP104474,16-11-2023,30-11-2023,Ananya Desai,59,Male,A+,Neurology,Dr. Suresh Patil,Asthma,IV Therapy,513,Day Care,Self Pay,146763.85,Partial,Discharged
HP104475,26-10-2021,09-11-2021,Meera Sharma,10,Female,A+,Oncology,Dr. Suresh Patil,Heart Disease,Radiation Therapy,414,Maternity / Obstetric,Self Pay,21192.07,Paid,Discharged
HP104476,13-07-2023,14-07-2023,Vivaan Patil,7,Female,O+,ENT,Dr. Asha Nair,Migraine,Physiotherapy,110,Surgical Admission,Corporate Insurance,89988.68,Pending,Under Treatment
HP104477,17-05-2021,27-05-2021,Kiran Joshi,74,Male,A-,General Medicine,Dr. Asha Nair,Infection,Routine Treatment,305,Observation,Government Insurance,111516.71,Pending,Discharged
HP104478,10-11-2023,20-11-2023,Kavya Joshi,76,Male,A-,Cardiology,Dr. Anil Rao,Fracture,Routine Treatment,505,ICU Admission,Self Pay,79831.55,Paid,Discharged
HP104479,30-07-2021,08-08-2021,Priya Gupta,81,Male,AB+,Gynecology,Dr. Raj Malhotra,Infection,Chemotherapy,520,Post-Operative Admission,Government Insurance,38779.5,Paid,Under Treatment
HP104480,24-04-2025,09-05-2025,Aditya Patil,12,Female,A-,Gynecology,Dr. Priya Desai,Infection,Radiation Therapy,417,Readmission,Self Pay,11049.26,Paid,Discharged
HP104481,19-02-2023,01-03-2023,Pooja Kulkarni,79,Female,O+,Neurology,Dr. Priya Desai,Fever,Routine Treatment,206,Trauma / Accident,Self Pay,142967.12,Paid,Discharged
HP104482,15-05-2024,30-05-2024,Neha Sharma,46,Female,B-,Neurology,Dr. Anil Rao,Fracture,Medication,220,Elective Admission,Corporate Insurance,39340.26,Paid,Under Treatment
HP104483,08-12-2025,20-12-2025,Pooja Joshi,32,Female,AB-,ENT,Dr. Meena Shah,Infection,Chemotherapy,509,Emergency,Self Pay,48370.29,Paid,Discharged
HP104484,02-12-2023,16-12-2023,Kiran Desai,32,Female,B-,Dermatology,Dr. Kiran Shetty,Asthma,Physiotherapy,203,Scheduled / Planned,Corporate Insurance,98203.86,Paid,Discharged
HP104485,15-02-2022,28-02-2022,Vivaan Sharma,78,Female,O+,Neurology,Dr. Sneha Rao,Stroke,Emergency Care,208,OPD,Self Pay,67151.22,Paid,Discharged
HP104486,03-03-2022,11-03-2022,Kavya Desai,61,Female,AB+,Oncology,Dr. Anil Rao,Heart Disease,Routine Treatment,119,Referral,Private Insurance,66402.92,Paid,Discharged
HP104487,11-01-2025,26-01-2025,Aditya Verma,69,Male,B+,Cardiology,Dr. Kiran Shetty,Heart Disease,Radiation Therapy,102,Transfer from Another Hospital,Private Insurance,16977.47,Paid,Under Treatment
HP104488,31-07-2023,07-08-2023,Aisha Desai,61,Male,O+,ENT,Dr. Suresh Patil,Chest Pain,Surgery,404,Direct Admission,Corporate Insurance,148822.17,Paid,Referred
HP104489,23-03-2026,07-04-2026,Ananya Nayak,46,Female,O+,Oncology,Dr. Anil Rao,Fracture,Observation,512,Day Care,Self Pay,46238.49,Paid,Discharged
HP104490,12-01-2023,15-01-2023,Rohan Sharma,68,Female,B+,Neurology,Dr. Priya Desai,Heart Disease,IV Therapy,215,Maternity / Obstetric,Private Insurance,20952.72,Paid,Under Treatment
HP104491,24-10-2024,01-11-2024,Rohan Shetty,55,Female,B-,Pediatrics,Dr. Sneha Rao,Fever,Emergency Care,216,Surgical Admission,Self Pay,103827.72,Pending,Discharged
HP104492,28-05-2024,30-05-2024,Ananya Sharma,1,Male,B+,Gynecology,Dr. Asha Nair,Sinusitis,Chemotherapy,512,Observation,Corporate Insurance,114069.89,Partial,Discharged
HP104493,20-05-2025,22-05-2025,Aditya Nayak,77,Female,O+,Oncology,Dr. Manish Gupta,Cancer,Observation,214,ICU Admission,Self Pay,8676.48,Paid,Discharged
HP104494,09-06-2024,20-06-2024,Kavya Desai,67,Male,O+,Cardiology,Dr. Raj Malhotra,Asthma,Observation,212,Post-Operative Admission,Government Insurance,44040.94,Paid,Referred
HP104495,24-11-2021,04-12-2021,Diya Patil,49,Female,B+,Neurology,Dr. Raj Malhotra,Infection,IV Therapy,504,Readmission,Corporate Insurance,33183.04,Pending,Discharged
HP104496,06-01-2025,09-01-2025,Aditya Patil,25,Male,O-,Oncology,Dr. Sameer Khan,Pregnancy Care,Routine Treatment,217,Trauma / Accident,Corporate Insurance,119369.43,Pending,Referred
HP104497,01-10-2026,08-10-2026,Meera Shetty,16,Male,O+,General Medicine,Dr. Anil Rao,Asthma,Routine Treatment,217,Elective Admission,Government Insurance,31644.25,Pending,Discharged
HP104498,21-05-2026,22-05-2026,Vikram Sharma,85,Male,AB+,Neurology,Dr. Manish Gupta,Arthritis,Medication,412,Emergency,Self Pay,39108.52,Pending,Discharged
HP104499,11-01-2022,19-01-2022,Kiran Sharma,13,Female,O+,Gynecology,Dr. Raj Malhotra,Arthritis,IV Therapy,304,Scheduled / Planned,Private Insurance,148090.82,Paid,Under Treatment
HP104500,20-09-2021,02-10-2021,Vikram Kulkarni,52,Male,O+,General Medicine,Dr. Suresh Patil,Skin Infection,IV Therapy,301,OPD,Corporate Insurance,106806.09,Partial,Discharged
HP104501,24-09-2021,01-10-2021,Diya Nayak,36,Male,AB-,Orthopedics,Dr. Priya Desai,Sinusitis,Chemotherapy,408,Referral,Corporate Insurance,61210.64,Pending,Discharged
HP104502,29-04-2026,03-05-2026,Aarav Nayak,72,Male,A-,Gynecology,Dr. Raj Malhotra,Arthritis,Radiation Therapy,404,Transfer from Another Hospital,Private Insurance,114309.57,Paid,Discharged
HP104503,09-03-2026,23-03-2026,Arjun Joshi,44,Female,A-,Emergency,Dr. Kavita Nair,Skin Infection,Physiotherapy,204,Direct Admission,Self Pay,72638.76,Pending,Discharged
HP104504,17-03-2026,01-04-2026,Ananya Nayak,83,Male,B+,ENT,Dr. Suresh Patil,Hypertension,Medication,411,Day Care,Private Insurance,35836.76,Paid,Discharged
HP104505,11-07-2025,16-07-2025,Neha Gupta,47,Other,A+,Neurology,Dr. Suresh Patil,Pregnancy Care,Surgery,303,Maternity / Obstetric,Self Pay,75756.02,Paid,Discharged
HP104506,15-12-2024,25-12-2024,Kiran Kulkarni,80,Female,AB+,Orthopedics,Dr. Neha Shah,Heart Disease,Emergency Care,212,Surgical Admission,Government Insurance,116943.53,Paid,Discharged
HP104507,15-02-2021,28-02-2021,Ananya Nayak,76,Male,AB-,Neurology,Dr. Asha Nair,Fever,Emergency Care,109,Observation,Private Insurance,30858.92,Paid,Discharged
HP104508,23-08-2022,24-08-2022,Sneha Sharma,20,Female,AB-,Oncology,Dr. Anil Rao,Arthritis,IV Therapy,502,ICU Admission,Corporate Insurance,75402.19,Paid,Discharged
HP104509,21-12-2022,25-12-2022,Pooja Gupta,18,Male,B+,Dermatology,Dr. Meena Shah,Fracture,IV Therapy,212,Post-Operative Admission,Private Insurance,22301.56,Partial,Referred
HP104510,28-03-2026,12-04-2026,Vivaan Patil,54,Female,A+,Emergency,Dr. Manish Gupta,Skin Infection,Routine Treatment,118,Readmission,Corporate Insurance,127188.81,Paid,Discharged
HP104511,16-07-2024,17-07-2024,Kavya Nayak,12,Male,A+,Cardiology,Dr. Suresh Patil,Pregnancy Care,Chemotherapy,515,Trauma / Accident,Government Insurance,123726.79,Partial,Under Treatment
HP104512,24-08-2022,25-08-2022,Rahul Reddy,25,Other,AB-,Orthopedics,Dr. Manish Gupta,Diabetes,Emergency Care,108,Elective Admission,Self Pay,102651.09,Paid,Discharged
HP104513,16-01-2022,26-01-2022,Arjun Sharma,60,Female,AB+,Gynecology,Dr. Raj Malhotra,Hypertension,Chemotherapy,220,Emergency,Corporate Insurance,138403.25,Pending,Discharged
HP104514,28-04-2021,29-04-2021,Priya Shetty,75,Female,A-,General Medicine,Dr. Sneha Rao,Heart Disease,Physiotherapy,420,Scheduled / Planned,Private Insurance,62992.72,Partial,Under Treatment
HP104515,04-12-2026,11-12-2026,Vikram Patil,34,Male,AB-,Oncology,Dr. Sameer Khan,Migraine,Chemotherapy,401,OPD,Government Insurance,24136.64,Paid,Discharged
HP104516,17-09-2021,24-09-2021,Vivaan Sharma,13,Male,O-,Oncology,Dr. Priya Desai,Heart Disease,Physiotherapy,219,Referral,Corporate Insurance,146466.68,Paid,Discharged
HP104517,04-01-2024,08-01-2024,Arjun Reddy,38,Female,O-,Cardiology,Dr. Meena Shah,Fracture,Radiation Therapy,319,Transfer from Another Hospital,Private Insurance,79395.94,Paid,Discharged
HP104518,12-02-2025,27-02-2025,Isha Joshi,12,Female,O+,Emergency,Dr. Asha Nair,Migraine,Routine Treatment,303,Direct Admission,Government Insurance,73949.69,Pending,Discharged
HP104519,17-08-2026,30-08-2026,Neha Shetty,36,Male,AB-,Dermatology,Dr. Suresh Patil,Sinusitis,Physiotherapy,206,Day Care,Private Insurance,14239.92,Partial,Admitted
HP104520,01-01-2022,13-01-2022,Kiran Patil,28,Male,O+,Dermatology,Dr. Priya Desai,Migraine,Chemotherapy,209,Maternity / Obstetric,Self Pay,87704.64,Pending,Discharged
HP104521,16-07-2025,18-07-2025,Vivaan Joshi,39,Male,B-,Cardiology,Dr. Asha Nair,Asthma,Radiation Therapy,109,Surgical Admission,Corporate Insurance,98487.46,Pending,Discharged
HP104522,01-01-2025,13-01-2025,Neha Sharma,77,Female,A+,Emergency,Dr. Priya Desai,Infection,Physiotherapy,317,Observation,Private Insurance,73612.27,Paid,Admitted
HP104523,18-07-2026,21-07-2026,Meera Joshi,43,Male,B-,ENT,Dr. Kiran Shetty,Fever,Emergency Care,404,ICU Admission,Government Insurance,137009.29,Paid,Discharged
HP104524,02-03-2023,10-03-2023,Kavya Nayak,31,Male,O-,Oncology,Dr. Raj Malhotra,Cancer,Chemotherapy,219,Post-Operative Admission,Self Pay,112644.73,Paid,Discharged
HP104525,17-01-2023,30-01-2023,Neha Nayak,2,Male,B-,Pediatrics,Dr. Sneha Rao,Arthritis,Observation,103,Readmission,Private Insurance,10600.02,Paid,Discharged
HP104526,09-11-2021,17-11-2021,Rohan Shetty,82,Male,AB+,General Medicine,Dr. Kavita Nair,Asthma,Emergency Care,105,Trauma / Accident,Corporate Insurance,83672.56,Paid,Discharged
HP104527,22-06-2022,03-07-2022,Vikram Shetty,42,Male,O-,Cardiology,Dr. Priya Desai,Arthritis,Chemotherapy,503,Elective Admission,Government Insurance,149082.61,Pending,Discharged
HP104528,10-07-2023,21-07-2023,Isha Joshi,31,Female,AB-,Emergency,Dr. Priya Desai,Fracture,Chemotherapy,419,Emergency,Government Insurance,33963.42,Paid,Discharged
HP104529,14-12-2023,20-12-2023,Isha Gupta,61,Male,A-,ENT,Dr. Sameer Khan,Stroke,Medication,103,Scheduled / Planned,Self Pay,94490.34,Paid,Under Treatment
HP104530,30-01-2025,14-02-2025,Pooja Reddy,56,Female,O-,Neurology,Dr. Suresh Patil,Asthma,Surgery,316,OPD,Private Insurance,44656.79,Paid,Discharged
HP104531,09-03-2023,19-03-2023,Isha Patil,83,Male,O+,General Medicine,Dr. Anil Rao,Sinusitis,Medication,120,Referral,Self Pay,58865.1,Pending,Discharged
HP104532,14-12-2021,23-12-2021,Kavya Kulkarni,14,Male,O+,General Medicine,Dr. Asha Nair,Fever,Routine Treatment,506,Transfer from Another Hospital,Government Insurance,9877,Pending,Discharged
HP104533,30-09-2021,11-10-2021,Aisha Reddy,14,Male,AB+,Dermatology,Dr. Kiran Shetty,Migraine,Chemotherapy,111,Direct Admission,Corporate Insurance,104747.97,Pending,Discharged
HP104534,21-12-2022,02-01-2023,Arjun Desai,29,Female,A+,Orthopedics,Dr. Meena Shah,Heart Disease,Chemotherapy,203,Day Care,Government Insurance,116030.16,Partial,Discharged
HP104535,09-11-2025,18-11-2025,Pooja Joshi,81,Female,A-,ENT,Dr. Kavita Nair,Chest Pain,Physiotherapy,211,Maternity / Obstetric,Private Insurance,117072.93,Partial,Under Treatment
HP104536,16-11-2022,20-11-2022,Neha Sharma,50,Male,AB-,Dermatology,Dr. Manish Gupta,Hypertension,IV Therapy,215,Surgical Admission,Government Insurance,145728.69,Paid,Discharged
HP104537,28-10-2026,09-11-2026,Pooja Reddy,50,Male,O-,Oncology,Dr. Raj Malhotra,Heart Disease,Surgery,312,Observation,Corporate Insurance,126492.26,Paid,Referred
HP104538,14-09-2022,15-09-2022,Aarav Sharma,63,Female,B+,General Medicine,Dr. Priya Desai,Hypertension,IV Therapy,512,ICU Admission,Corporate Insurance,35102.87,Paid,Under Treatment
HP104539,02-08-2026,03-08-2026,Rohan Desai,73,Other,A-,Emergency,Dr. Sameer Khan,Fever,Radiation Therapy,101,Post-Operative Admission,Self Pay,38430.69,Paid,Under Treatment
HP104540,05-08-2023,20-08-2023,Kiran Joshi,65,Male,O+,Gynecology,Dr. Anil Rao,Fracture,Physiotherapy,315,Readmission,Government Insurance,116358.53,Partial,Discharged
HP104541,22-05-2022,03-06-2022,Arjun Shetty,68,Female,AB+,Orthopedics,Dr. Neha Shah,Cancer,Observation,107,Trauma / Accident,Private Insurance,117651.42,Paid,Discharged
HP104542,02-05-2025,12-05-2025,Rahul Nayak,71,Male,AB+,Dermatology,Dr. Suresh Patil,Hypertension,Radiation Therapy,318,Elective Admission,Corporate Insurance,22841.13,Paid,Under Treatment
HP104543,01-09-2021,16-09-2021,Neha Desai,11,Male,B-,Gynecology,Dr. Suresh Patil,Asthma,Surgery,307,Emergency,Corporate Insurance,5961.69,Pending,Admitted
HP104544,21-05-2022,26-05-2022,Rahul Patil,14,Male,O-,ENT,Dr. Kavita Nair,Diabetes,Medication,215,Scheduled / Planned,Private Insurance,63200.16,Paid,Discharged
HP104545,26-02-2022,12-03-2022,Sneha Nayak,83,Male,AB-,Pediatrics,Dr. Kavita Nair,Sinusitis,Physiotherapy,403,OPD,Government Insurance,105727.72,Pending,Under Treatment
HP104546,16-02-2026,01-03-2026,Neha Kulkarni,3,Female,B+,Gynecology,Dr. Anil Rao,Migraine,Surgery,414,Referral,Corporate Insurance,130666.34,Pending,Discharged
HP104547,07-04-2024,09-04-2024,Vikram Verma,8,Male,AB-,Cardiology,Dr. Neha Shah,Stroke,Surgery,503,Transfer from Another Hospital,Self Pay,28972.87,Paid,Referred
HP104548,26-11-2021,11-12-2021,Rohan Desai,43,Female,A-,ENT,Dr. Neha Shah,Heart Disease,Observation,310,Direct Admission,Corporate Insurance,123217.21,Pending,Discharged
HP104549,12-10-2022,18-10-2022,Rahul Shetty,9,Female,B+,Cardiology,Dr. Kavita Nair,Infection,Emergency Care,517,Day Care,Private Insurance,104245.89,Paid,Discharged
HP104550,04-01-2025,11-01-2025,Aditya Desai,19,Male,AB-,Orthopedics,Dr. Kiran Shetty,Sinusitis,IV Therapy,418,Maternity / Obstetric,Government Insurance,29063.52,Pending,Discharged
HP104551,26-01-2022,27-01-2022,Aarav Gupta,12,Male,B-,Neurology,Dr. Kiran Shetty,Infection,Observation,216,Surgical Admission,Corporate Insurance,131626.02,Paid,Discharged
HP104552,28-02-2025,06-03-2025,Aarav Shetty,27,Female,B+,Gynecology,Dr. Kavita Nair,Infection,Radiation Therapy,312,Observation,Corporate Insurance,140283.35,Pending,Discharged
HP104553,16-01-2022,24-01-2022,Neha Sharma,58,Male,B+,ENT,Dr. Manish Gupta,Sinusitis,IV Therapy,219,ICU Admission,Government Insurance,43541.99,Paid,Discharged
HP104554,12-01-2023,24-01-2023,Vikram Gupta,25,Male,A-,ENT,Dr. Sneha Rao,Hypertension,Surgery,503,Post-Operative Admission,Government Insurance,26560.22,Paid,Under Treatment
HP104555,04-07-2026,09-07-2026,Vivaan Gupta,45,Male,B+,Dermatology,Dr. Kavita Nair,Fever,Observation,107,Readmission,Self Pay,145305.8,Paid,Discharged
HP104556,31-03-2023,14-04-2023,Kavya Desai,48,Male,B-,Dermatology,Dr. Anil Rao,Fever,Chemotherapy,501,Trauma / Accident,Corporate Insurance,8318.23,Paid,Discharged
HP104557,04-11-2022,16-11-2022,Kavya Reddy,50,Female,O-,ENT,Dr. Sameer Khan,Asthma,Observation,115,Elective Admission,Self Pay,142517.94,Paid,Under Treatment
HP104558,07-11-2025,14-11-2025,Neha Shetty,81,Female,A+,Pediatrics,Dr. Neha Shah,Infection,Emergency Care,216,Emergency,Self Pay,36352.6,Pending,Discharged
HP104559,26-04-2024,06-05-2024,Priya Joshi,44,Male,A+,Orthopedics,Dr. Meena Shah,Diabetes,Surgery,218,Scheduled / Planned,Private Insurance,68528.89,Paid,Discharged
HP104560,19-07-2023,25-07-2023,Aarav Verma,59,Female,AB+,Neurology,Dr. Suresh Patil,Stroke,Routine Treatment,116,OPD,Corporate Insurance,49711.01,Partial,Admitted
HP104561,20-03-2025,24-03-2025,Priya Desai,33,Female,A+,Orthopedics,Dr. Kavita Nair,Heart Disease,Observation,103,Referral,Government Insurance,27287.67,Paid,Discharged
HP104562,02-07-2023,17-07-2023,Kiran Nayak,78,Male,A-,Orthopedics,Dr. Asha Nair,Hypertension,Medication,213,Transfer from Another Hospital,Self Pay,56109.16,Pending,Discharged
HP104563,06-10-2022,21-10-2022,Aarav Verma,28,Male,AB+,Dermatology,Dr. Priya Desai,Fracture,Physiotherapy,502,Direct Admission,Private Insurance,83190.93,Paid,Under Treatment
HP104564,03-03-2022,10-03-2022,Aarav Kulkarni,18,Female,A+,Cardiology,Dr. Sneha Rao,Hypertension,Chemotherapy,218,Day Care,Private Insurance,18604.89,Paid,Discharged
HP104565,17-05-2022,27-05-2022,Vikram Sharma,55,Female,A+,Dermatology,Dr. Meena Shah,Migraine,Routine Treatment,208,Maternity / Obstetric,Corporate Insurance,122330.72,Paid,Discharged
HP104566,31-12-2022,09-01-2023,Isha Sharma,33,Male,AB+,Gynecology,Dr. Kavita Nair,Pregnancy Care,Emergency Care,317,Surgical Admission,Private Insurance,121055.32,Paid,Under Treatment
HP104567,07-07-2024,17-07-2024,Rahul Desai,15,Male,A-,Oncology,Dr. Kavita Nair,Sinusitis,Observation,206,Observation,Private Insurance,120634.84,Paid,Discharged
HP104568,20-10-2026,30-10-2026,Rahul Kulkarni,61,Male,AB+,Neurology,Dr. Manish Gupta,Asthma,Surgery,217,ICU Admission,Corporate Insurance,104535.07,Paid,Discharged
HP104569,02-04-2022,15-04-2022,Diya Gupta,11,Male,O+,Oncology,Dr. Meena Shah,Skin Infection,Routine Treatment,106,Post-Operative Admission,Self Pay,71013.04,Paid,Discharged
HP104570,18-10-2021,25-10-2021,Vivaan Nayak,36,Female,O-,Cardiology,Dr. Kiran Shetty,Diabetes,Radiation Therapy,416,Readmission,Private Insurance,125890.01,Partial,Discharged
HP104571,09-07-2023,21-07-2023,Kavya Joshi,15,Male,O+,Emergency,Dr. Kavita Nair,Asthma,Chemotherapy,203,Trauma / Accident,Self Pay,128518.1,Paid,Discharged
HP104572,24-05-2026,07-06-2026,Arjun Shetty,53,Male,A-,Neurology,Dr. Neha Shah,Stroke,Surgery,119,Elective Admission,Self Pay,46391.26,Partial,Discharged
HP104573,26-01-2023,31-01-2023,Isha Kulkarni,62,Male,A-,General Medicine,Dr. Asha Nair,Asthma,Surgery,510,Emergency,Self Pay,74737.79,Paid,Discharged
HP104574,17-07-2025,24-07-2025,Aarav Desai,48,Female,AB-,Emergency,Dr. Sameer Khan,Infection,Radiation Therapy,313,Scheduled / Planned,Government Insurance,34429.62,Partial,Under Treatment
HP104575,09-01-2026,12-01-2026,Meera Sharma,15,Male,B-,Emergency,Dr. Anil Rao,Asthma,Routine Treatment,413,OPD,Corporate Insurance,42089.61,Paid,Discharged
HP104576,30-07-2024,01-08-2024,Arjun Kulkarni,63,Male,A+,Cardiology,Dr. Asha Nair,Stroke,Routine Treatment,120,Referral,Corporate Insurance,39648.29,Partial,Discharged
HP104577,17-04-2025,28-04-2025,Rahul Joshi,43,Other,AB-,Neurology,Dr. Sameer Khan,Diabetes,Radiation Therapy,215,Transfer from Another Hospital,Self Pay,124907.34,Paid,Discharged
HP104578,13-02-2026,28-02-2026,Aarav Nayak,50,Female,A+,Neurology,Dr. Neha Shah,Chest Pain,Medication,513,Direct Admission,Private Insurance,41368.24,Pending,Discharged
HP104579,12-01-2022,17-01-2022,Meera Sharma,60,Male,AB-,Neurology,Dr. Asha Nair,Pregnancy Care,IV Therapy,206,Day Care,Government Insurance,84215.51,Paid,Under Treatment
HP104580,25-03-2024,29-03-2024,Aarav Verma,59,Male,O-,ENT,Dr. Kiran Shetty,Asthma,Chemotherapy,418,Maternity / Obstetric,Government Insurance,96095.7,Paid,Discharged
HP104581,23-05-2022,28-05-2022,Isha Nayak,15,Male,B+,ENT,Dr. Anil Rao,Fracture,Emergency Care,301,Surgical Admission,Corporate Insurance,112978.99,Paid,Under Treatment
HP104582,07-12-2024,15-12-2024,Aarav Patil,29,Female,O+,Oncology,Dr. Asha Nair,Heart Disease,Medication,405,Observation,Government Insurance,9206.05,Paid,Discharged
HP104583,13-07-2022,25-07-2022,Aisha Patil,75,Male,O-,ENT,Dr. Manish Gupta,Arthritis,Emergency Care,312,ICU Admission,Self Pay,73983.38,Paid,Discharged
HP104584,25-02-2022,01-03-2022,Rahul Joshi,82,Male,AB+,General Medicine,Dr. Suresh Patil,Sinusitis,Observation,118,Post-Operative Admission,Self Pay,47428.26,Partial,Discharged
HP104585,02-04-2025,17-04-2025,Vikram Sharma,40,Male,AB-,ENT,Dr. Neha Shah,Infection,Physiotherapy,105,Readmission,Corporate Insurance,125926.22,Pending,Discharged
HP104586,31-10-2021,09-11-2021,Neha Gupta,31,Male,O+,Dermatology,Dr. Neha Shah,Pregnancy Care,Observation,401,Trauma / Accident,Corporate Insurance,10328.61,Paid,Discharged
HP104587,31-07-2023,07-08-2023,Arjun Gupta,73,Female,B-,ENT,Dr. Priya Desai,Fever,Radiation Therapy,507,Elective Admission,Government Insurance,35014.15,Paid,Discharged
HP104588,25-07-2024,04-08-2024,Priya Desai,11,Male,A+,Cardiology,Dr. Raj Malhotra,Stroke,Emergency Care,120,Emergency,Private Insurance,50785.02,Paid,Discharged
HP104589,26-12-2023,08-01-2024,Ananya Desai,81,Male,B+,Orthopedics,Dr. Manish Gupta,Fracture,Routine Treatment,515,Scheduled / Planned,Government Insurance,16287.01,Paid,Referred
HP104590,26-11-2026,08-12-2026,Priya Kulkarni,62,Female,B-,Oncology,Dr. Sneha Rao,Pregnancy Care,IV Therapy,507,OPD,Corporate Insurance,62335.59,Paid,Under Treatment
HP104591,02-01-2026,09-01-2026,Arjun Gupta,75,Female,A-,Gynecology,Dr. Raj Malhotra,Fracture,Routine Treatment,504,Referral,Self Pay,112846.42,Paid,Under Treatment
HP104592,03-04-2025,18-04-2025,Kiran Sharma,8,Male,O-,Cardiology,Dr. Sneha Rao,Hypertension,Observation,318,Transfer from Another Hospital,Self Pay,35785.55,Paid,Discharged
HP104593,24-11-2022,07-12-2022,Rahul Nayak,51,Female,A+,General Medicine,Dr. Asha Nair,Heart Disease,Observation,316,Direct Admission,Private Insurance,114397.96,Paid,Under Treatment
HP104594,12-09-2021,25-09-2021,Meera Nayak,57,Male,O+,Emergency,Dr. Suresh Patil,Stroke,Emergency Care,418,Day Care,Private Insurance,81707.06,Paid,Discharged
HP104595,18-01-2025,26-01-2025,Kiran Sharma,4,Female,AB-,Dermatology,Dr. Suresh Patil,Skin Infection,Chemotherapy,102,Maternity / Obstetric,Government Insurance,54984.96,Partial,Discharged
HP104596,14-09-2021,26-09-2021,Ananya Kulkarni,36,Female,AB+,Cardiology,Dr. Kavita Nair,Hypertension,Surgery,519,Surgical Admission,Self Pay,58476.88,Paid,Discharged
HP104597,18-03-2022,24-03-2022,Vivaan Shetty,19,Female,B-,Gynecology,Dr. Raj Malhotra,Hypertension,Observation,416,Observation,Government Insurance,21864.24,Paid,Discharged
HP104598,25-02-2026,05-03-2026,Priya Kulkarni,24,Female,O+,Gynecology,Dr. Manish Gupta,Fracture,Radiation Therapy,413,ICU Admission,Private Insurance,41218.25,Paid,Discharged
HP104599,19-01-2024,22-01-2024,Meera Gupta,41,Male,B+,Neurology,Dr. Asha Nair,Hypertension,Routine Treatment,303,Post-Operative Admission,Corporate Insurance,111027.54,Paid,Discharged
HP104600,05-08-2022,15-08-2022,Aditya Reddy,49,Female,AB+,Gynecology,Dr. Sameer Khan,Heart Disease,IV Therapy,511,Readmission,Government Insurance,130098.12,Paid,Discharged
HP104601,02-10-2025,12-10-2025,Aditya Desai,82,Male,A-,Oncology,Dr. Priya Desai,Infection,Emergency Care,502,Trauma / Accident,Government Insurance,43511.74,Paid,Under Treatment
HP104602,19-01-2021,02-02-2021,Kiran Patil,46,Male,AB+,Neurology,Dr. Priya Desai,Heart Disease,Chemotherapy,504,Elective Admission,Self Pay,90357.05,Paid,Under Treatment
HP104603,30-01-2024,31-01-2024,Aarav Shetty,36,Female,O+,ENT,Dr. Meena Shah,Diabetes,Chemotherapy,118,Emergency,Self Pay,10035.37,Paid,Under Treatment
HP104604,12-10-2024,18-10-2024,Priya Shetty,10,Female,O+,Dermatology,Dr. Kavita Nair,Hypertension,Physiotherapy,402,Scheduled / Planned,Self Pay,16223.9,Pending,Discharged
HP104605,15-04-2025,16-04-2025,Rahul Shetty,78,Female,B+,Gynecology,Dr. Suresh Patil,Chest Pain,Surgery,415,OPD,Government Insurance,144833.25,Paid,Discharged
HP104606,12-09-2026,21-09-2026,Arjun Kulkarni,7,Male,A-,Oncology,Dr. Sameer Khan,Infection,Radiation Therapy,304,Referral,Self Pay,134993.38,Paid,Discharged
HP104607,17-06-2026,01-07-2026,Isha Kulkarni,12,Male,B+,Gynecology,Dr. Kiran Shetty,Hypertension,Routine Treatment,415,Transfer from Another Hospital,Self Pay,16785.94,Paid,Discharged
HP104608,28-03-2025,30-03-2025,Arjun Nayak,48,Male,O+,Emergency,Dr. Suresh Patil,Pregnancy Care,Radiation Therapy,317,Direct Admission,Private Insurance,124237.56,Paid,Admitted
HP104609,12-05-2023,23-05-2023,Aisha Joshi,37,Female,A+,Emergency,Dr. Raj Malhotra,Stroke,Radiation Therapy,103,Day Care,Self Pay,19862.97,Paid,Under Treatment
HP104610,04-06-2021,06-06-2021,Priya Kulkarni,75,Male,B+,Oncology,Dr. Kiran Shetty,Heart Disease,Surgery,204,Maternity / Obstetric,Corporate Insurance,125133.13,Paid,Discharged
HP104611,24-06-2023,01-07-2023,Kiran Patil,36,Male,O-,Oncology,Dr. Suresh Patil,Skin Infection,Observation,502,Surgical Admission,Private Insurance,137457.6,Paid,Discharged
HP104612,23-06-2024,25-06-2024,Aarav Gupta,60,Male,AB+,Neurology,Dr. Suresh Patil,Pregnancy Care,Emergency Care,308,Observation,Government Insurance,27197.41,Paid,Discharged
HP104613,09-02-2022,19-02-2022,Aarav Reddy,77,Female,O+,Orthopedics,Dr. Meena Shah,Arthritis,Radiation Therapy,414,ICU Admission,Government Insurance,26348.77,Pending,Under Treatment
HP104614,24-04-2023,02-05-2023,Kiran Nayak,8,Male,A+,Oncology,Dr. Suresh Patil,Infection,Surgery,409,Post-Operative Admission,Self Pay,139352.97,Paid,Discharged
HP104615,18-11-2025,24-11-2025,Rohan Desai,7,Female,A+,Dermatology,Dr. Raj Malhotra,Diabetes,Radiation Therapy,113,Readmission,Corporate Insurance,48707.61,Paid,Discharged
HP104616,14-04-2025,28-04-2025,Aisha Nayak,43,Male,B-,Oncology,Dr. Raj Malhotra,Chest Pain,Medication,406,Trauma / Accident,Private Insurance,73535.05,Paid,Discharged
HP104617,30-03-2024,06-04-2024,Kavya Sharma,58,Male,AB+,Emergency,Dr. Suresh Patil,Fever,Emergency Care,404,Elective Admission,Self Pay,49143.74,Partial,Under Treatment
HP104618,17-01-2023,24-01-2023,Diya Verma,81,Male,AB+,Gynecology,Dr. Neha Shah,Heart Disease,Radiation Therapy,203,Emergency,Private Insurance,113653.72,Paid,Discharged
HP104619,22-09-2025,28-09-2025,Meera Sharma,46,Female,A-,Cardiology,Dr. Meena Shah,Cancer,Radiation Therapy,206,Scheduled / Planned,Self Pay,35607.55,Paid,Discharged
HP104620,28-09-2021,08-10-2021,Aarav Shetty,34,Male,B+,Dermatology,Dr. Neha Shah,Chest Pain,Chemotherapy,318,OPD,Private Insurance,76647.41,Paid,Admitted
HP104621,09-02-2023,20-02-2023,Arjun Shetty,84,Male,AB-,Cardiology,Dr. Raj Malhotra,Heart Disease,Chemotherapy,511,Referral,Private Insurance,128317.22,Partial,Discharged
HP104622,12-09-2025,21-09-2025,Sneha Shetty,72,Female,B+,Pediatrics,Dr. Manish Gupta,Arthritis,Routine Treatment,408,Transfer from Another Hospital,Government Insurance,141683.96,Partial,Discharged
HP104623,19-02-2025,04-03-2025,Diya Shetty,22,Male,AB+,Emergency,Dr. Sneha Rao,Migraine,Surgery,312,Direct Admission,Private Insurance,56146.67,Pending,Under Treatment
HP104624,21-06-2021,30-06-2021,Arjun Patil,21,Female,B+,Oncology,Dr. Manish Gupta,Hypertension,Medication,511,Day Care,Corporate Insurance,21525.69,Paid,Discharged
HP104625,01-10-2021,16-10-2021,Aisha Verma,15,Male,AB+,Oncology,Dr. Anil Rao,Migraine,Surgery,104,Maternity / Obstetric,Government Insurance,122404.55,Paid,Discharged
HP104626,04-03-2024,11-03-2024,Rohan Verma,5,Male,O+,Emergency,Dr. Anil Rao,Asthma,Physiotherapy,308,Surgical Admission,Self Pay,21058.79,Paid,Under Treatment
HP104627,03-09-2025,12-09-2025,Vikram Nayak,17,Male,A+,Cardiology,Dr. Asha Nair,Asthma,Routine Treatment,203,Observation,Self Pay,117996.68,Paid,Discharged
HP104628,07-11-2025,20-11-2025,Pooja Joshi,72,Male,B+,Gynecology,Dr. Neha Shah,Fever,Chemotherapy,417,ICU Admission,Private Insurance,104903.21,Pending,Discharged
HP104629,26-02-2022,08-03-2022,Aisha Joshi,19,Female,O+,Orthopedics,Dr. Raj Malhotra,Fracture,IV Therapy,205,Post-Operative Admission,Government Insurance,88746.14,Paid,Discharged
HP104630,15-12-2024,18-12-2024,Pooja Joshi,5,Female,B+,Emergency,Dr. Priya Desai,Pregnancy Care,IV Therapy,113,Readmission,Government Insurance,141225.98,Paid,Discharged
HP104631,24-04-2024,27-04-2024,Rahul Kulkarni,23,Female,AB+,Orthopedics,Dr. Raj Malhotra,Asthma,Emergency Care,419,Trauma / Accident,Self Pay,51747.01,Partial,Discharged
HP104632,03-08-2022,04-08-2022,Aisha Nayak,83,Female,O+,Neurology,Dr. Priya Desai,Asthma,Surgery,508,Elective Admission,Corporate Insurance,18532.75,Paid,Discharged
HP104633,10-06-2023,15-06-2023,Aisha Nayak,14,Male,AB+,ENT,Dr. Sneha Rao,Chest Pain,Medication,404,Emergency,Corporate Insurance,147332.6,Partial,Admitted
HP104634,23-12-2022,07-01-2023,Aditya Reddy,10,Male,A-,Orthopedics,Dr. Suresh Patil,Infection,Medication,416,Scheduled / Planned,Government Insurance,68966.44,Paid,Under Treatment
HP104635,31-05-2023,04-06-2023,Neha Desai,31,Female,B+,Pediatrics,Dr. Raj Malhotra,Fracture,Physiotherapy,206,OPD,Government Insurance,67841.7,Paid,Under Treatment
HP104636,27-01-2024,29-01-2024,Kiran Reddy,13,Female,B-,Gynecology,Dr. Asha Nair,Skin Infection,Medication,204,Referral,Self Pay,17981.81,Pending,Under Treatment
HP104637,01-07-2026,10-07-2026,Neha Shetty,22,Male,O-,Oncology,Dr. Suresh Patil,Stroke,Routine Treatment,509,Emergency,Government Insurance,112815.1,Partial,Referred
HP104638,01-09-2026,04-09-2026,Kavya Verma,37,Female,AB+,Oncology,Dr. Anil Rao,Arthritis,IV Therapy,519,Scheduled / Planned,Self Pay,109417.05,Paid,Admitted
HP104639,13-01-2025,28-01-2025,Aditya Gupta,39,Male,B-,Cardiology,Dr. Manish Gupta,Diabetes,Routine Treatment,416,OPD,Corporate Insurance,26067.97,Paid,Discharged
HP104640,18-01-2022,26-01-2022,Kavya Gupta,10,Female,A+,Dermatology,Dr. Neha Shah,Diabetes,IV Therapy,502,Referral,Government Insurance,38901.97,Pending,Discharged
HP104641,22-12-2026,28-12-2026,Aditya Patil,31,Female,A+,Dermatology,Dr. Raj Malhotra,Hypertension,Medication,313,Transfer from Another Hospital,Corporate Insurance,7380.1,Paid,Discharged
HP104642,20-12-2024,03-01-2025,Arjun Sharma,43,Female,O-,Pediatrics,Dr. Meena Shah,Sinusitis,Chemotherapy,507,Direct Admission,Corporate Insurance,134010.69,Paid,Discharged
HP104643,10-05-2025,23-05-2025,Rahul Reddy,77,Male,B-,Emergency,Dr. Raj Malhotra,Cancer,Chemotherapy,516,Day Care,Private Insurance,40456.57,Paid,Admitted
HP104644,22-11-2025,27-11-2025,Vivaan Sharma,36,Female,AB-,Neurology,Dr. Sneha Rao,Pregnancy Care,Observation,213,Maternity / Obstetric,Self Pay,139420.93,Paid,Discharged
HP104645,24-05-2021,25-05-2021,Aditya Patil,35,Female,A+,Pediatrics,Dr. Manish Gupta,Fever,Physiotherapy,108,Surgical Admission,Self Pay,87819.59,Paid,Under Treatment
HP104646,02-03-2026,06-03-2026,Rohan Gupta,68,Male,B-,Neurology,Dr. Sameer Khan,Fever,Medication,105,Observation,Self Pay,66684.11,Paid,Discharged
HP104647,30-08-2025,02-09-2025,Diya Desai,55,Male,A-,Neurology,Dr. Manish Gupta,Fracture,Chemotherapy,307,ICU Admission,Private Insurance,6135.42,Pending,Discharged
HP104648,06-12-2024,07-12-2024,Ananya Desai,68,Female,A-,Emergency,Dr. Kiran Shetty,Fever,IV Therapy,203,Post-Operative Admission,Self Pay,18379.48,Paid,Under Treatment
HP104649,12-08-2021,24-08-2021,Kavya Gupta,47,Male,A+,Dermatology,Dr. Asha Nair,Skin Infection,Medication,110,Readmission,Private Insurance,28009.19,Paid,Discharged
HP104650,08-08-2021,23-08-2021,Rahul Joshi,6,Male,O+,General Medicine,Dr. Meena Shah,Infection,Medication,320,Trauma / Accident,Government Insurance,20325.96,Paid,Admitted
HP104651,28-06-2021,03-07-2021,Isha Sharma,28,Male,B-,ENT,Dr. Sneha Rao,Arthritis,Physiotherapy,218,Elective Admission,Private Insurance,42149.49,Pending,Discharged
HP104652,13-07-2025,19-07-2025,Vivaan Gupta,30,Female,B-,General Medicine,Dr. Sameer Khan,Asthma,Physiotherapy,501,Emergency,Corporate Insurance,27414.82,Paid,Discharged
HP104653,09-03-2022,11-03-2022,Aditya Shetty,27,Female,O-,Cardiology,Dr. Suresh Patil,Infection,Surgery,403,Scheduled / Planned,Self Pay,101255.89,Paid,Admitted
HP104654,22-09-2021,07-10-2021,Kiran Sharma,69,Female,O-,Oncology,Dr. Neha Shah,Asthma,Radiation Therapy,406,OPD,Private Insurance,48069.56,Partial,Under Treatment
HP104655,12-08-2023,26-08-2023,Vikram Shetty,39,Male,B-,Orthopedics,Dr. Sneha Rao,Asthma,Radiation Therapy,206,Referral,Private Insurance,109152.28,Paid,Under Treatment
HP104656,05-03-2022,08-03-2022,Aarav Nayak,35,Female,O-,Oncology,Dr. Anil Rao,Skin Infection,Emergency Care,417,Transfer from Another Hospital,Private Insurance,24646.45,Paid,Discharged
HP104657,27-04-2025,08-05-2025,Isha Patil,44,Female,AB-,Cardiology,Dr. Anil Rao,Infection,IV Therapy,317,Direct Admission,Private Insurance,35320.59,Paid,Under Treatment
HP104658,25-04-2022,09-05-2022,Vikram Kulkarni,15,Female,A+,Neurology,Dr. Priya Desai,Diabetes,Emergency Care,517,Day Care,Government Insurance,119180.2,Paid,Discharged
HP104659,15-09-2024,30-09-2024,Diya Shetty,83,Male,AB-,Neurology,Dr. Neha Shah,Migraine,Medication,103,Maternity / Obstetric,Government Insurance,96941.15,Paid,Discharged
HP104660,09-06-2023,15-06-2023,Kavya Reddy,32,Female,B-,Dermatology,Dr. Anil Rao,Fracture,Surgery,204,Surgical Admission,Government Insurance,18984.82,Partial,Referred
HP104661,14-07-2023,18-07-2023,Neha Gupta,29,Male,AB+,General Medicine,Dr. Raj Malhotra,Pregnancy Care,Chemotherapy,318,Observation,Self Pay,144115.46,Partial,Discharged
HP104662,11-12-2026,20-12-2026,Isha Patil,63,Male,B-,Oncology,Dr. Suresh Patil,Infection,Medication,212,ICU Admission,Private Insurance,115567.51,Partial,Discharged
HP104663,18-03-2026,23-03-2026,Vivaan Sharma,6,Female,AB+,Emergency,Dr. Kavita Nair,Diabetes,Radiation Therapy,511,Post-Operative Admission,Government Insurance,85133.58,Paid,Discharged
HP104664,11-11-2024,15-11-2024,Isha Verma,27,Other,A-,Neurology,Dr. Anil Rao,Fracture,Physiotherapy,409,Readmission,Self Pay,54722.06,Paid,Under Treatment
HP104665,24-09-2024,26-09-2024,Pooja Nayak,28,Male,AB+,Emergency,Dr. Kiran Shetty,Stroke,Observation,315,Trauma / Accident,Corporate Insurance,18621.47,Pending,Discharged
HP104666,17-02-2023,23-02-2023,Meera Desai,5,Female,A-,Gynecology,Dr. Kavita Nair,Asthma,Chemotherapy,310,Elective Admission,Corporate Insurance,56939.26,Pending,Under Treatment
HP104667,29-01-2021,08-02-2021,Sneha Reddy,41,Male,O-,Oncology,Dr. Kavita Nair,Heart Disease,Chemotherapy,514,Emergency,Self Pay,51838.31,Partial,Discharged
HP104668,04-02-2021,06-02-2021,Aisha Gupta,56,Female,A+,ENT,Dr. Sameer Khan,Hypertension,Surgery,309,Scheduled / Planned,Private Insurance,16363.88,Paid,Discharged
HP104669,20-11-2024,02-12-2024,Rohan Reddy,54,Male,O+,Dermatology,Dr. Manish Gupta,Fever,IV Therapy,120,OPD,Private Insurance,118644.97,Paid,Referred
HP104670,12-08-2022,25-08-2022,Ananya Gupta,80,Male,O+,ENT,Dr. Kiran Shetty,Cancer,Radiation Therapy,513,Referral,Corporate Insurance,65223.66,Paid,Discharged
HP104671,23-06-2023,30-06-2023,Meera Gupta,18,Female,AB-,Emergency,Dr. Kavita Nair,Fracture,Routine Treatment,212,Transfer from Another Hospital,Private Insurance,133979.76,Partial,Under Treatment
HP104672,10-12-2026,13-12-2026,Sneha Verma,77,Female,AB-,ENT,Dr. Raj Malhotra,Diabetes,IV Therapy,520,Direct Admission,Private Insurance,27904.68,Partial,Discharged
HP104673,06-12-2021,15-12-2021,Neha Sharma,43,Female,A-,Gynecology,Dr. Sneha Rao,Pregnancy Care,Surgery,204,Day Care,Private Insurance,51048,Paid,Discharged
HP104674,24-06-2021,05-07-2021,Meera Sharma,74,Female,A-,ENT,Dr. Anil Rao,Diabetes,Observation,303,Maternity / Obstetric,Private Insurance,45460.3,Paid,Discharged
HP104675,08-04-2026,13-04-2026,Kavya Nayak,29,Female,B-,ENT,Dr. Meena Shah,Infection,IV Therapy,319,Surgical Admission,Government Insurance,130448.42,Paid,Discharged
HP104676,11-09-2025,19-09-2025,Kavya Patil,10,Female,B+,Neurology,Dr. Anil Rao,Infection,Emergency Care,114,Observation,Government Insurance,78621.36,Paid,Discharged
HP104677,20-08-2022,31-08-2022,Kavya Patil,6,Male,A-,Neurology,Dr. Kavita Nair,Fever,Emergency Care,105,ICU Admission,Private Insurance,25564.17,Pending,Under Treatment
HP104678,27-03-2022,02-04-2022,Aditya Kulkarni,80,Male,AB+,Cardiology,Dr. Suresh Patil,Asthma,Medication,114,Post-Operative Admission,Self Pay,56829.79,Paid,Discharged
HP104679,11-07-2022,25-07-2022,Kavya Kulkarni,4,Male,A+,Oncology,Dr. Sameer Khan,Pregnancy Care,Emergency Care,417,Readmission,Government Insurance,141761.47,Partial,Under Treatment
HP104680,05-03-2024,17-03-2024,Arjun Kulkarni,34,Male,O-,Neurology,Dr. Kiran Shetty,Fever,Medication,418,Trauma / Accident,Private Insurance,84965.66,Paid,Discharged
HP104681,18-09-2024,28-09-2024,Aisha Verma,83,Female,AB-,Dermatology,Dr. Suresh Patil,Diabetes,IV Therapy,111,Elective Admission,Government Insurance,10326.37,Pending,Discharged
HP104682,19-08-2026,27-08-2026,Rahul Kulkarni,33,Male,AB+,Orthopedics,Dr. Meena Shah,Migraine,Chemotherapy,412,Emergency,Self Pay,13387.52,Pending,Discharged
HP104683,14-10-2023,27-10-2023,Arjun Joshi,4,Male,AB-,General Medicine,Dr. Sameer Khan,Stroke,Radiation Therapy,205,Scheduled / Planned,Self Pay,39173.7,Partial,Discharged
HP104684,25-08-2026,07-09-2026,Kiran Shetty,44,Male,A+,General Medicine,Dr. Raj Malhotra,Chest Pain,IV Therapy,403,OPD,Government Insurance,95092.04,Pending,Discharged
HP104685,19-04-2023,30-04-2023,Pooja Desai,76,Female,O-,General Medicine,Dr. Kavita Nair,Hypertension,Surgery,215,Referral,Private Insurance,40562.8,Pending,Discharged
HP104686,26-06-2025,08-07-2025,Neha Shetty,31,Male,AB+,Neurology,Dr. Kiran Shetty,Diabetes,Physiotherapy,411,Transfer from Another Hospital,Private Insurance,128266.61,Pending,Discharged
HP104687,14-08-2021,17-08-2021,Arjun Nayak,80,Male,AB-,Gynecology,Dr. Priya Desai,Diabetes,Chemotherapy,403,Direct Admission,Corporate Insurance,96266.17,Paid,Under Treatment
HP104688,19-12-2025,22-12-2025,Kavya Kulkarni,66,Female,A-,Cardiology,Dr. Priya Desai,Asthma,Observation,208,Day Care,Private Insurance,48605.94,Paid,Discharged
HP104689,01-12-2026,06-12-2026,Kiran Gupta,58,Female,O-,Pediatrics,Dr. Manish Gupta,Skin Infection,Medication,517,Maternity / Obstetric,Self Pay,62120.53,Partial,Discharged
HP104690,14-07-2026,25-07-2026,Ananya Sharma,60,Male,B+,Neurology,Dr. Meena Shah,Infection,Physiotherapy,113,Surgical Admission,Self Pay,59412.37,Paid,Discharged
HP104691,22-12-2024,01-01-2025,Vivaan Shetty,2,Female,A-,Emergency,Dr. Meena Shah,Heart Disease,Surgery,410,Observation,Self Pay,50556.65,Partial,Discharged
HP104692,11-08-2026,14-08-2026,Aisha Shetty,36,Male,O+,Neurology,Dr. Neha Shah,Stroke,Routine Treatment,307,ICU Admission,Corporate Insurance,96333.51,Paid,Discharged
HP104693,23-02-2025,03-03-2025,Aarav Kulkarni,70,Female,AB-,Gynecology,Dr. Manish Gupta,Stroke,Medication,213,Post-Operative Admission,Corporate Insurance,34242.77,Paid,Discharged
HP104694,16-05-2024,26-05-2024,Priya Reddy,60,Male,B-,General Medicine,Dr. Meena Shah,Cancer,Routine Treatment,404,Readmission,Corporate Insurance,47355.96,Paid,Under Treatment
HP104695,04-07-2025,17-07-2025,Neha Verma,23,Other,AB+,Gynecology,Dr. Meena Shah,Cancer,IV Therapy,518,Trauma / Accident,Self Pay,17359.28,Paid,Discharged
HP104696,02-10-2025,14-10-2025,Aditya Nayak,47,Female,B+,Neurology,Dr. Raj Malhotra,Stroke,Emergency Care,118,Elective Admission,Government Insurance,59525.31,Paid,Under Treatment
HP104697,02-11-2021,16-11-2021,Kavya Joshi,46,Female,AB+,Neurology,Dr. Neha Shah,Fracture,Emergency Care,409,Emergency,Private Insurance,14335.75,Pending,Referred
HP104698,22-08-2026,30-08-2026,Vikram Reddy,80,Male,B-,Dermatology,Dr. Priya Desai,Fracture,Emergency Care,206,Scheduled / Planned,Private Insurance,7596.3,Partial,Discharged
HP104699,20-09-2025,22-09-2025,Arjun Patil,44,Female,B-,Orthopedics,Dr. Sameer Khan,Migraine,Routine Treatment,406,OPD,Government Insurance,98667.06,Partial,Discharged
HP104700,17-08-2025,29-08-2025,Kiran Joshi,19,Male,B-,Orthopedics,Dr. Manish Gupta,Fever,Routine Treatment,106,Referral,Government Insurance,28555.96,Paid,Admitted
HP104701,26-02-2025,02-03-2025,Kavya Verma,49,Female,AB-,Dermatology,Dr. Priya Desai,Pregnancy Care,Chemotherapy,317,Transfer from Another Hospital,Private Insurance,10103.67,Paid,Discharged
HP104702,23-10-2024,02-11-2024,Ananya Shetty,58,Female,A-,ENT,Dr. Manish Gupta,Heart Disease,Physiotherapy,404,Direct Admission,Private Insurance,14908.33,Paid,Discharged
HP104703,24-02-2022,09-03-2022,Aditya Verma,7,Female,AB-,Dermatology,Dr. Kiran Shetty,Fracture,Chemotherapy,316,Day Care,Corporate Insurance,33885.5,Paid,Under Treatment
HP104704,14-05-2021,15-05-2021,Sneha Joshi,41,Female,A-,Orthopedics,Dr. Suresh Patil,Pregnancy Care,IV Therapy,108,Maternity / Obstetric,Corporate Insurance,109527.75,Partial,Under Treatment
HP104705,24-07-2026,28-07-2026,Priya Sharma,78,Female,B+,Orthopedics,Dr. Sneha Rao,Fracture,Routine Treatment,320,Surgical Admission,Government Insurance,6720.04,Pending,Discharged
HP104706,21-12-2024,02-01-2025,Isha Nayak,15,Female,B-,Dermatology,Dr. Sameer Khan,Chest Pain,Radiation Therapy,104,Observation,Government Insurance,110345.4,Paid,Discharged
HP104707,03-04-2025,16-04-2025,Diya Joshi,76,Male,O+,Orthopedics,Dr. Kavita Nair,Chest Pain,Emergency Care,419,ICU Admission,Self Pay,91573.43,Paid,Discharged
HP104708,10-03-2024,23-03-2024,Diya Gupta,53,Male,A-,Neurology,Dr. Kiran Shetty,Hypertension,IV Therapy,206,Post-Operative Admission,Government Insurance,79516.84,Paid,Under Treatment
HP104709,13-02-2026,24-02-2026,Sneha Verma,23,Female,A+,Dermatology,Dr. Kiran Shetty,Pregnancy Care,Surgery,403,Readmission,Government Insurance,136846.09,Paid,Discharged
HP104710,25-12-2025,07-01-2026,Neha Verma,77,Female,O+,Orthopedics,Dr. Raj Malhotra,Fever,Physiotherapy,301,Trauma / Accident,Self Pay,125290.22,Paid,Discharged
HP104711,04-09-2024,08-09-2024,Kiran Gupta,73,Female,A+,Pediatrics,Dr. Sneha Rao,Cancer,Physiotherapy,107,Elective Admission,Private Insurance,65721.72,Paid,Discharged
HP104712,04-01-2025,14-01-2025,Sneha Joshi,65,Female,A-,Dermatology,Dr. Kiran Shetty,Arthritis,Observation,101,Emergency,Corporate Insurance,5971.54,Paid,Discharged
HP104713,16-12-2023,25-12-2023,Isha Reddy,60,Female,O+,Neurology,Dr. Anil Rao,Infection,Physiotherapy,203,Scheduled / Planned,Self Pay,108033.58,Partial,Admitted
HP104714,24-03-2024,08-04-2024,Pooja Kulkarni,10,Female,O+,ENT,Dr. Priya Desai,Infection,Chemotherapy,107,OPD,Government Insurance,11920.29,Paid,Admitted
HP104715,23-08-2025,26-08-2025,Aditya Shetty,58,Male,B+,Neurology,Dr. Sameer Khan,Fracture,Emergency Care,411,Referral,Government Insurance,45317.82,Partial,Admitted
HP104716,21-04-2021,06-05-2021,Vikram Joshi,47,Female,AB+,General Medicine,Dr. Sameer Khan,Skin Infection,Radiation Therapy,513,Transfer from Another Hospital,Private Insurance,76490.01,Paid,Discharged
HP104717,25-12-2026,27-12-2026,Vikram Gupta,15,Male,AB-,General Medicine,Dr. Sameer Khan,Arthritis,Surgery,303,Direct Admission,Corporate Insurance,19404.48,Paid,Discharged
HP104718,13-04-2022,22-04-2022,Aditya Gupta,9,Male,O-,ENT,Dr. Meena Shah,Cancer,Surgery,520,Day Care,Corporate Insurance,103494.38,Paid,Discharged
HP104719,25-03-2023,03-04-2023,Kavya Verma,13,Male,B-,Cardiology,Dr. Meena Shah,Heart Disease,Medication,406,Maternity / Obstetric,Corporate Insurance,51598.51,Paid,Discharged
HP104720,26-06-2024,27-06-2024,Rahul Desai,23,Other,A-,Emergency,Dr. Sameer Khan,Pregnancy Care,IV Therapy,202,Surgical Admission,Corporate Insurance,57440.8,Paid,Under Treatment
HP104721,21-09-2023,27-09-2023,Kavya Kulkarni,33,Male,B+,Gynecology,Dr. Asha Nair,Fever,Chemotherapy,114,Observation,Private Insurance,99007.1,Paid,Discharged
HP104722,25-07-2026,04-08-2026,Vivaan Reddy,9,Female,O-,General Medicine,Dr. Raj Malhotra,Asthma,Routine Treatment,205,ICU Admission,Self Pay,62745.08,Pending,Discharged
HP104723,19-11-2021,27-11-2021,Aarav Shetty,3,Female,O+,Gynecology,Dr. Neha Shah,Stroke,IV Therapy,511,Post-Operative Admission,Private Insurance,37562.61,Pending,Discharged
HP104724,23-06-2023,26-06-2023,Rohan Joshi,73,Female,AB-,Gynecology,Dr. Kavita Nair,Infection,Medication,515,Readmission,Government Insurance,30629.93,Paid,Discharged
HP104725,22-03-2025,02-04-2025,Pooja Sharma,25,Female,AB+,Emergency,Dr. Priya Desai,Pregnancy Care,Physiotherapy,408,Trauma / Accident,Private Insurance,109986.08,Paid,Discharged
HP104726,23-06-2026,02-07-2026,Priya Joshi,71,Female,B+,General Medicine,Dr. Anil Rao,Diabetes,Radiation Therapy,510,Elective Admission,Government Insurance,113834.81,Paid,Discharged
HP104727,21-12-2025,23-12-2025,Pooja Kulkarni,36,Male,AB+,ENT,Dr. Sameer Khan,Fever,Physiotherapy,218,Emergency,Private Insurance,33376.53,Paid,Discharged
HP104728,28-05-2021,03-06-2021,Rahul Desai,20,Male,A+,Cardiology,Dr. Kiran Shetty,Heart Disease,Chemotherapy,516,Scheduled / Planned,Corporate Insurance,51255.95,Pending,Discharged
HP104729,16-02-2024,17-02-2024,Kavya Sharma,81,Female,AB-,Gynecology,Dr. Kiran Shetty,Hypertension,Physiotherapy,420,OPD,Corporate Insurance,143708.18,Paid,Discharged
HP104730,30-04-2023,13-05-2023,Isha Patil,54,Male,AB-,Pediatrics,Dr. Raj Malhotra,Fever,Surgery,308,Referral,Self Pay,147713.26,Pending,Discharged
HP104731,02-01-2022,09-01-2022,Vivaan Patil,19,Female,AB+,Orthopedics,Dr. Kavita Nair,Fracture,Emergency Care,408,Transfer from Another Hospital,Corporate Insurance,89869.64,Partial,Under Treatment
HP104732,26-12-2023,29-12-2023,Ananya Gupta,60,Female,A+,General Medicine,Dr. Suresh Patil,Cancer,Surgery,208,Direct Admission,Private Insurance,114757.11,Pending,Discharged
HP104733,01-08-2026,08-08-2026,Aditya Joshi,37,Male,O-,ENT,Dr. Anil Rao,Heart Disease,IV Therapy,304,Day Care,Government Insurance,113496.72,Paid,Under Treatment
HP104734,24-06-2021,28-06-2021,Neha Desai,3,Female,B-,Oncology,Dr. Kavita Nair,Infection,IV Therapy,407,Maternity / Obstetric,Self Pay,62356.41,Partial,Discharged
HP104735,29-01-2026,07-02-2026,Rohan Gupta,19,Female,A-,Neurology,Dr. Suresh Patil,Skin Infection,IV Therapy,101,Surgical Admission,Self Pay,12022.18,Partial,Admitted
HP104736,11-08-2022,16-08-2022,Pooja Verma,53,Male,O+,ENT,Dr. Kavita Nair,Heart Disease,Emergency Care,107,Observation,Private Insurance,112402.06,Pending,Discharged
HP104737,10-05-2022,13-05-2022,Sneha Verma,46,Other,A+,Dermatology,Dr. Kiran Shetty,Chest Pain,Physiotherapy,410,ICU Admission,Private Insurance,24687.14,Paid,Under Treatment
HP104738,12-02-2024,27-02-2024,Isha Reddy,80,Female,B+,Cardiology,Dr. Kiran Shetty,Fever,IV Therapy,501,Post-Operative Admission,Corporate Insurance,47122.27,Paid,Discharged
HP104739,20-11-2025,28-11-2025,Priya Kulkarni,56,Male,AB+,Neurology,Dr. Sneha Rao,Heart Disease,Radiation Therapy,214,Readmission,Corporate Insurance,50753.81,Pending,Discharged
HP104740,16-03-2024,22-03-2024,Rahul Gupta,70,Female,AB-,Dermatology,Dr. Asha Nair,Sinusitis,Observation,318,Trauma / Accident,Corporate Insurance,55618.36,Paid,Discharged
HP104741,04-02-2021,06-02-2021,Aditya Reddy,31,Male,B+,Orthopedics,Dr. Manish Gupta,Stroke,IV Therapy,113,Elective Admission,Self Pay,72523.87,Paid,Admitted
HP104742,26-09-2023,29-09-2023,Neha Reddy,53,Female,AB-,Neurology,Dr. Asha Nair,Chest Pain,Medication,207,Emergency,Self Pay,77733.55,Partial,Discharged
HP104743,25-08-2024,02-09-2024,Vivaan Verma,34,Male,A+,Cardiology,Dr. Raj Malhotra,Stroke,Medication,410,Scheduled / Planned,Government Insurance,75110.97,Paid,Admitted
HP104744,04-11-2023,19-11-2023,Rahul Sharma,31,Female,AB-,Dermatology,Dr. Suresh Patil,Fracture,Radiation Therapy,105,OPD,Self Pay,28613.37,Pending,Under Treatment
HP104745,09-01-2022,19-01-2022,Aisha Joshi,60,Female,O+,Orthopedics,Dr. Kiran Shetty,Hypertension,Surgery,104,Referral,Corporate Insurance,99076.43,Paid,Under Treatment
HP104746,22-12-2024,29-12-2024,Ananya Gupta,11,Female,O-,Gynecology,Dr. Asha Nair,Hypertension,Chemotherapy,415,Transfer from Another Hospital,Self Pay,119582.7,Paid,Discharged
HP104747,18-10-2025,28-10-2025,Vivaan Sharma,6,Female,AB-,Oncology,Dr. Sneha Rao,Asthma,Chemotherapy,318,Direct Admission,Self Pay,71952.41,Paid,Discharged
HP104748,06-12-2022,12-12-2022,Isha Sharma,27,Male,O+,ENT,Dr. Neha Shah,Skin Infection,Routine Treatment,216,Day Care,Self Pay,126556.36,Paid,Admitted
HP104749,17-07-2022,31-07-2022,Ananya Nayak,7,Female,AB-,Gynecology,Dr. Kiran Shetty,Chest Pain,Medication,410,Maternity / Obstetric,Government Insurance,69417.24,Paid,Under Treatment
HP104750,17-02-2026,18-02-2026,Aarav Desai,49,Female,AB-,Dermatology,Dr. Sneha Rao,Fracture,Surgery,116,Surgical Admission,Self Pay,87406.25,Paid,Under Treatment
HP104751,25-10-2026,03-11-2026,Arjun Sharma,72,Female,O-,Gynecology,Dr. Meena Shah,Hypertension,Medication,519,Observation,Government Insurance,15084.72,Partial,Under Treatment
HP104752,15-03-2022,18-03-2022,Diya Joshi,60,Male,O+,Dermatology,Dr. Kavita Nair,Infection,Medication,101,ICU Admission,Self Pay,26292.63,Paid,Under Treatment
HP104753,27-02-2026,13-03-2026,Arjun Joshi,33,Female,O+,Pediatrics,Dr. Manish Gupta,Sinusitis,Observation,105,Post-Operative Admission,Government Insurance,116263.32,Paid,Discharged
HP104754,03-06-2026,08-06-2026,Isha Desai,47,Female,B+,Emergency,Dr. Manish Gupta,Pregnancy Care,Radiation Therapy,312,Readmission,Corporate Insurance,41130.88,Paid,Discharged
HP104755,30-11-2022,07-12-2022,Neha Verma,44,Female,AB+,Orthopedics,Dr. Asha Nair,Sinusitis,Radiation Therapy,117,Trauma / Accident,Government Insurance,18597.6,Paid,Under Treatment
HP104756,05-08-2024,20-08-2024,Pooja Joshi,79,Female,A-,Gynecology,Dr. Neha Shah,Skin Infection,Routine Treatment,104,Elective Admission,Private Insurance,87395.87,Paid,Discharged
HP104757,13-04-2025,20-04-2025,Ananya Sharma,27,Male,O-,Emergency,Dr. Sneha Rao,Chest Pain,Surgery,210,Emergency,Government Insurance,18686.83,Pending,Discharged
HP104758,23-11-2022,26-11-2022,Rohan Verma,22,Female,B+,Cardiology,Dr. Suresh Patil,Infection,Chemotherapy,510,Scheduled / Planned,Government Insurance,104190.73,Pending,Discharged
HP104759,15-04-2024,30-04-2024,Rohan Joshi,47,Male,B-,Pediatrics,Dr. Anil Rao,Pregnancy Care,Observation,211,OPD,Corporate Insurance,104930.31,Paid,Admitted
HP104760,23-06-2025,27-06-2025,Pooja Patil,48,Male,AB+,General Medicine,Dr. Neha Shah,Infection,Physiotherapy,211,Referral,Government Insurance,70693.4,Paid,Discharged
HP104761,22-06-2025,02-07-2025,Pooja Patil,30,Female,AB+,Emergency,Dr. Manish Gupta,Asthma,Observation,510,Transfer from Another Hospital,Corporate Insurance,104436.22,Paid,Discharged
HP104762,07-05-2021,14-05-2021,Vivaan Sharma,2,Female,O-,Cardiology,Dr. Priya Desai,Heart Disease,Observation,320,Direct Admission,Corporate Insurance,120909.2,Paid,Discharged
HP104763,15-02-2025,23-02-2025,Pooja Kulkarni,15,Male,O+,General Medicine,Dr. Meena Shah,Cancer,Physiotherapy,319,Day Care,Corporate Insurance,33662.92,Pending,Discharged
HP104764,06-04-2024,08-04-2024,Neha Gupta,47,Male,B-,Cardiology,Dr. Sameer Khan,Infection,Routine Treatment,412,Maternity / Obstetric,Private Insurance,99182.31,Partial,Discharged
HP104765,21-10-2021,30-10-2021,Meera Joshi,27,Male,O+,Orthopedics,Dr. Kiran Shetty,Diabetes,Radiation Therapy,506,Surgical Admission,Government Insurance,105390.36,Paid,Under Treatment
HP104766,28-09-2024,05-10-2024,Meera Joshi,71,Male,O+,General Medicine,Dr. Kiran Shetty,Chest Pain,Surgery,405,Observation,Private Insurance,33195.44,Paid,Discharged
HP104767,17-10-2023,30-10-2023,Aarav Nayak,27,Male,A+,Cardiology,Dr. Meena Shah,Stroke,Physiotherapy,517,ICU Admission,Corporate Insurance,110397.11,Pending,Discharged
HP104768,23-02-2022,03-03-2022,Priya Verma,85,Male,B-,Pediatrics,Dr. Kiran Shetty,Skin Infection,Chemotherapy,120,Post-Operative Admission,Government Insurance,109334.24,Paid,Discharged
HP104769,20-03-2022,26-03-2022,Kiran Sharma,13,Male,A+,Gynecology,Dr. Anil Rao,Heart Disease,IV Therapy,517,Readmission,Corporate Insurance,27801.63,Paid,Discharged
HP104770,16-11-2022,22-11-2022,Arjun Gupta,55,Female,A-,Cardiology,Dr. Manish Gupta,Stroke,Medication,319,Trauma / Accident,Government Insurance,51027.01,Paid,Discharged
HP104771,02-01-2025,11-01-2025,Meera Joshi,17,Female,A+,Oncology,Dr. Kavita Nair,Fracture,Medication,308,Elective Admission,Government Insurance,141467.1,Paid,Discharged
HP104772,26-03-2021,30-03-2021,Aisha Sharma,75,Male,O+,Oncology,Dr. Kiran Shetty,Sinusitis,Radiation Therapy,115,Emergency,Government Insurance,15315.81,Paid,Under Treatment
HP104773,03-11-2025,14-11-2025,Rahul Shetty,59,Female,O-,General Medicine,Dr. Sameer Khan,Sinusitis,Emergency Care,310,Scheduled / Planned,Self Pay,38197.28,Paid,Under Treatment
HP104774,26-03-2021,06-04-2021,Rahul Verma,10,Female,A-,General Medicine,Dr. Meena Shah,Fever,Observation,210,OPD,Self Pay,88926.1,Paid,Discharged
HP104775,29-04-2026,04-05-2026,Sneha Verma,33,Male,A-,Cardiology,Dr. Kiran Shetty,Asthma,Physiotherapy,302,Referral,Self Pay,145461.62,Paid,Under Treatment
HP104776,14-10-2026,23-10-2026,Aisha Patil,78,Male,AB-,Neurology,Dr. Sameer Khan,Skin Infection,Routine Treatment,101,Transfer from Another Hospital,Government Insurance,42286,Paid,Discharged
HP104777,28-07-2025,29-07-2025,Meera Desai,37,Male,AB-,Oncology,Dr. Neha Shah,Pregnancy Care,Routine Treatment,218,Direct Admission,Corporate Insurance,123433.24,Partial,Discharged
HP104778,25-10-2022,29-10-2022,Aarav Shetty,8,Male,B-,Pediatrics,Dr. Meena Shah,Pregnancy Care,Observation,112,Day Care,Corporate Insurance,58266.36,Partial,Admitted
HP104779,19-09-2022,26-09-2022,Ananya Reddy,33,Male,O+,Neurology,Dr. Sameer Khan,Migraine,Radiation Therapy,511,Maternity / Obstetric,Self Pay,56110.47,Paid,Discharged
HP104780,05-03-2021,16-03-2021,Vivaan Reddy,7,Female,A-,Orthopedics,Dr. Neha Shah,Fracture,Observation,414,Surgical Admission,Private Insurance,149428.26,Paid,Discharged
HP104781,08-07-2023,23-07-2023,Ananya Kulkarni,34,Female,O+,Emergency,Dr. Anil Rao,Sinusitis,Radiation Therapy,204,Observation,Government Insurance,123496.47,Partial,Discharged
HP104782,07-10-2024,16-10-2024,Pooja Verma,71,Female,A+,Pediatrics,Dr. Sneha Rao,Fracture,Chemotherapy,313,ICU Admission,Corporate Insurance,41036.67,Pending,Referred
HP104783,27-03-2024,11-04-2024,Neha Shetty,7,Male,B+,Cardiology,Dr. Priya Desai,Migraine,Emergency Care,313,Post-Operative Admission,Corporate Insurance,31919.56,Paid,Under Treatment
HP104784,01-06-2025,15-06-2025,Vikram Gupta,41,Female,AB-,Pediatrics,Dr. Priya Desai,Pregnancy Care,Chemotherapy,402,Readmission,Self Pay,17191.74,Partial,Referred
HP104785,06-05-2022,19-05-2022,Rahul Kulkarni,55,Female,AB+,Orthopedics,Dr. Meena Shah,Fracture,Emergency Care,518,Trauma / Accident,Private Insurance,74991.72,Paid,Discharged
HP104786,22-02-2026,05-03-2026,Arjun Gupta,7,Female,AB+,Cardiology,Dr. Anil Rao,Fever,Emergency Care,303,Elective Admission,Private Insurance,53503.81,Paid,Discharged
HP104787,25-04-2026,07-05-2026,Isha Desai,84,Male,A+,Orthopedics,Dr. Kiran Shetty,Fracture,Chemotherapy,418,Emergency,Government Insurance,60219.13,Partial,Admitted
HP104788,09-11-2021,22-11-2021,Neha Shetty,18,Female,AB-,Gynecology,Dr. Asha Nair,Skin Infection,Observation,403,Scheduled / Planned,Corporate Insurance,67554.35,Partial,Under Treatment
HP104789,08-07-2023,18-07-2023,Kiran Nayak,43,Female,B+,Oncology,Dr. Asha Nair,Cancer,IV Therapy,311,OPD,Government Insurance,148701.31,Partial,Under Treatment
HP104790,26-02-2026,04-03-2026,Diya Kulkarni,78,Female,O-,Pediatrics,Dr. Meena Shah,Stroke,Routine Treatment,303,Referral,Private Insurance,5416.52,Partial,Discharged
HP104791,24-03-2023,05-04-2023,Vivaan Sharma,40,Female,O+,Cardiology,Dr. Kavita Nair,Stroke,Surgery,507,Emergency,Private Insurance,66779.35,Paid,Discharged
HP104792,29-01-2025,06-02-2025,Diya Reddy,53,Male,A-,Neurology,Dr. Kavita Nair,Migraine,Routine Treatment,417,Scheduled / Planned,Government Insurance,14421.08,Partial,Referred
HP104793,19-08-2024,01-09-2024,Kavya Gupta,14,Female,AB-,Pediatrics,Dr. Meena Shah,Pregnancy Care,IV Therapy,303,OPD,Private Insurance,102587.31,Partial,Discharged
HP104794,11-11-2022,20-11-2022,Sneha Nayak,21,Male,A+,Emergency,Dr. Sameer Khan,Diabetes,Medication,108,Referral,Self Pay,12312.18,Paid,Discharged
HP104795,11-03-2022,21-03-2022,Rahul Reddy,57,Female,O+,Pediatrics,Dr. Neha Shah,Chest Pain,Chemotherapy,405,Transfer from Another Hospital,Self Pay,116190.53,Paid,Under Treatment
HP104796,13-11-2022,17-11-2022,Aarav Shetty,46,Male,A-,Pediatrics,Dr. Manish Gupta,Heart Disease,IV Therapy,320,Direct Admission,Private Insurance,130828.83,Paid,Discharged
HP104797,04-03-2024,05-03-2024,Diya Verma,26,Male,AB-,Cardiology,Dr. Kavita Nair,Heart Disease,Physiotherapy,113,Day Care,Corporate Insurance,145766.23,Paid,Discharged
HP104798,10-12-2023,24-12-2023,Isha Shetty,24,Female,B-,Pediatrics,Dr. Kavita Nair,Migraine,Physiotherapy,504,Maternity / Obstetric,Private Insurance,22526.25,Paid,Discharged
HP104799,26-12-2024,03-01-2025,Arjun Verma,5,Female,B+,ENT,Dr. Kavita Nair,Arthritis,Medication,206,Surgical Admission,Government Insurance,146939.26,Paid,Discharged
HP104800,02-10-2024,04-10-2024,Aarav Nayak,42,Male,AB+,Emergency,Dr. Suresh Patil,Heart Disease,Chemotherapy,215,Observation,Corporate Insurance,64788.69,Paid,Discharged
HP104801,11-10-2022,22-10-2022,Aditya Sharma,43,Other,A+,Oncology,Dr. Kiran Shetty,Infection,Surgery,102,ICU Admission,Self Pay,96723.93,Paid,Discharged
HP104802,02-09-2021,03-09-2021,Vivaan Reddy,32,Female,AB+,Orthopedics,Dr. Manish Gupta,Sinusitis,Radiation Therapy,420,Post-Operative Admission,Self Pay,5006.89,Paid,Discharged
HP104803,27-11-2026,10-12-2026,Rohan Kulkarni,6,Male,O+,General Medicine,Dr. Manish Gupta,Hypertension,Observation,411,Readmission,Self Pay,58687.53,Paid,Discharged
HP104804,23-10-2021,30-10-2021,Ananya Nayak,74,Male,A-,Dermatology,Dr. Asha Nair,Arthritis,Observation,101,Trauma / Accident,Self Pay,56170.01,Pending,Admitted
HP104805,30-11-2026,12-12-2026,Aditya Patil,67,Female,A-,Dermatology,Dr. Kavita Nair,Migraine,IV Therapy,508,Elective Admission,Self Pay,78051.85,Paid,Discharged
HP104806,01-06-2025,11-06-2025,Vikram Desai,7,Male,B-,Cardiology,Dr. Raj Malhotra,Cancer,Routine Treatment,314,Emergency,Corporate Insurance,24225.9,Paid,Discharged
HP104807,19-11-2026,28-11-2026,Neha Verma,29,Male,O-,Gynecology,Dr. Sameer Khan,Cancer,Chemotherapy,214,Scheduled / Planned,Self Pay,105076.95,Partial,Discharged
HP104808,16-06-2025,27-06-2025,Aarav Gupta,34,Male,A-,Emergency,Dr. Anil Rao,Arthritis,Physiotherapy,214,OPD,Corporate Insurance,91376.87,Paid,Discharged
HP104809,28-01-2021,12-02-2021,Rohan Patil,7,Male,A-,Pediatrics,Dr. Meena Shah,Hypertension,Observation,311,Referral,Government Insurance,35810.73,Paid,Discharged
HP104810,09-06-2026,21-06-2026,Aditya Joshi,81,Female,O+,ENT,Dr. Kavita Nair,Heart Disease,Routine Treatment,312,Transfer from Another Hospital,Private Insurance,147627.24,Paid,Discharged
HP104811,10-04-2025,22-04-2025,Arjun Verma,77,Male,O-,Oncology,Dr. Neha Shah,Diabetes,Medication,301,Direct Admission,Corporate Insurance,5810.99,Paid,Discharged
HP104812,27-02-2021,08-03-2021,Aarav Verma,58,Male,AB+,Emergency,Dr. Anil Rao,Fever,Radiation Therapy,114,Day Care,Self Pay,53708.12,Paid,Discharged
HP104813,02-03-2025,05-03-2025,Pooja Verma,85,Male,AB+,Oncology,Dr. Priya Desai,Pregnancy Care,Radiation Therapy,202,Maternity / Obstetric,Government Insurance,42950.1,Pending,Under Treatment
HP104814,24-10-2021,30-10-2021,Priya Reddy,31,Male,A+,Oncology,Dr. Priya Desai,Migraine,Chemotherapy,418,Surgical Admission,Government Insurance,86205.7,Pending,Discharged
HP104815,22-12-2026,29-12-2026,Meera Reddy,73,Male,A+,Orthopedics,Dr. Kiran Shetty,Heart Disease,Emergency Care,417,Observation,Private Insurance,133817.95,Paid,Discharged
HP104816,21-06-2023,05-07-2023,Vikram Desai,45,Female,A-,Cardiology,Dr. Raj Malhotra,Infection,Chemotherapy,110,ICU Admission,Private Insurance,100377.4,Paid,Discharged
HP104817,19-05-2026,29-05-2026,Aarav Sharma,47,Female,AB-,Neurology,Dr. Kiran Shetty,Migraine,Observation,116,Post-Operative Admission,Corporate Insurance,11901.18,Paid,Discharged
HP104818,04-01-2024,13-01-2024,Vikram Gupta,77,Male,B+,Pediatrics,Dr. Neha Shah,Hypertension,Observation,317,Readmission,Corporate Insurance,130192.75,Paid,Admitted
HP104819,05-08-2025,20-08-2025,Aisha Joshi,81,Male,A+,Oncology,Dr. Kiran Shetty,Fracture,IV Therapy,316,Trauma / Accident,Private Insurance,43436.61,Paid,Discharged
HP104820,06-04-2024,08-04-2024,Kavya Gupta,72,Male,A-,Dermatology,Dr. Raj Malhotra,Infection,Observation,420,Elective Admission,Private Insurance,20997.02,Partial,Discharged
HP104821,10-02-2023,18-02-2023,Ananya Kulkarni,73,Male,AB-,Gynecology,Dr. Anil Rao,Fracture,Observation,519,Emergency,Private Insurance,67720.33,Paid,Discharged
HP104822,07-03-2025,21-03-2025,Aditya Sharma,73,Female,AB-,General Medicine,Dr. Meena Shah,Fracture,Routine Treatment,202,Scheduled / Planned,Government Insurance,135313.15,Pending,Discharged
HP104823,10-10-2024,17-10-2024,Vivaan Gupta,40,Male,AB+,Emergency,Dr. Kavita Nair,Migraine,Emergency Care,307,OPD,Private Insurance,10014.65,Paid,Discharged
HP104824,02-06-2024,06-06-2024,Kiran Shetty,30,Male,AB-,General Medicine,Dr. Kavita Nair,Asthma,Physiotherapy,213,Referral,Government Insurance,95720.89,Paid,Discharged
HP104825,04-04-2025,06-04-2025,Aarav Gupta,62,Female,B-,Orthopedics,Dr. Meena Shah,Migraine,Physiotherapy,415,Transfer from Another Hospital,Self Pay,53212.03,Partial,Discharged
HP104826,26-05-2021,03-06-2021,Kiran Gupta,71,Male,AB+,Pediatrics,Dr. Kiran Shetty,Chest Pain,Radiation Therapy,207,Direct Admission,Self Pay,95273.06,Pending,Discharged
HP104827,07-06-2026,18-06-2026,Priya Reddy,17,Female,AB+,General Medicine,Dr. Priya Desai,Asthma,Physiotherapy,318,Day Care,Corporate Insurance,43620.17,Pending,Under Treatment
HP104828,18-06-2024,23-06-2024,Kiran Shetty,5,Female,B-,Neurology,Dr. Priya Desai,Infection,Observation,509,Maternity / Obstetric,Corporate Insurance,145228.94,Paid,Discharged
HP104829,23-03-2026,29-03-2026,Aarav Gupta,81,Male,O+,Orthopedics,Dr. Raj Malhotra,Infection,Emergency Care,412,Surgical Admission,Private Insurance,21505.39,Paid,Discharged
HP104830,08-11-2025,22-11-2025,Neha Nayak,1,Female,O+,Dermatology,Dr. Anil Rao,Cancer,Routine Treatment,301,Observation,Corporate Insurance,27909.13,Partial,Discharged
HP104831,25-11-2023,06-12-2023,Aditya Shetty,80,Female,AB+,Neurology,Dr. Kiran Shetty,Cancer,Emergency Care,218,ICU Admission,Self Pay,11621.81,Partial,Discharged
HP104832,11-08-2026,18-08-2026,Neha Joshi,81,Male,A+,Cardiology,Dr. Neha Shah,Heart Disease,Physiotherapy,319,Post-Operative Admission,Corporate Insurance,120274.69,Pending,Discharged
HP104833,13-07-2026,28-07-2026,Rahul Verma,31,Female,AB+,Neurology,Dr. Kavita Nair,Diabetes,Emergency Care,505,Readmission,Government Insurance,18623.74,Pending,Discharged
HP104834,02-06-2021,17-06-2021,Diya Patil,35,Female,B-,ENT,Dr. Neha Shah,Stroke,Observation,207,Trauma / Accident,Corporate Insurance,45110.41,Paid,Discharged
HP104835,23-05-2022,02-06-2022,Pooja Patil,72,Female,A-,ENT,Dr. Suresh Patil,Stroke,IV Therapy,304,Elective Admission,Self Pay,34812.19,Paid,Discharged
HP104836,06-05-2022,07-05-2022,Rahul Kulkarni,30,Female,O-,Oncology,Dr. Sneha Rao,Skin Infection,IV Therapy,501,Emergency,Self Pay,56262.39,Paid,Discharged
HP104837,11-12-2021,19-12-2021,Meera Patil,85,Female,A-,Neurology,Dr. Raj Malhotra,Migraine,Physiotherapy,517,Scheduled / Planned,Self Pay,116038.34,Paid,Discharged
HP104838,20-04-2026,24-04-2026,Kavya Shetty,15,Male,A-,Gynecology,Dr. Raj Malhotra,Hypertension,IV Therapy,517,OPD,Self Pay,142777.84,Pending,Discharged
HP104839,28-10-2025,10-11-2025,Sneha Patil,56,Female,O+,Dermatology,Dr. Asha Nair,Arthritis,IV Therapy,304,Referral,Government Insurance,132436.15,Paid,Under Treatment
HP104840,09-08-2021,18-08-2021,Sneha Nayak,60,Male,B-,Cardiology,Dr. Anil Rao,Chest Pain,Chemotherapy,112,Transfer from Another Hospital,Corporate Insurance,126969.03,Paid,Discharged
HP104841,23-04-2026,24-04-2026,Arjun Joshi,27,Male,B-,Dermatology,Dr. Asha Nair,Diabetes,Routine Treatment,218,Direct Admission,Self Pay,65533.25,Partial,Discharged
HP104842,27-04-2026,08-05-2026,Aisha Sharma,2,Female,A+,ENT,Dr. Asha Nair,Infection,IV Therapy,304,Day Care,Corporate Insurance,121263.71,Paid,Discharged
HP104843,24-12-2022,26-12-2022,Meera Kulkarni,74,Female,B-,Emergency,Dr. Raj Malhotra,Skin Infection,Routine Treatment,409,Maternity / Obstetric,Private Insurance,117686.89,Paid,Discharged
HP104844,12-06-2022,26-06-2022,Rahul Shetty,64,Male,AB-,ENT,Dr. Anil Rao,Arthritis,IV Therapy,209,Surgical Admission,Government Insurance,40891.95,Paid,Discharged
HP104845,03-03-2025,09-03-2025,Kavya Verma,5,Female,A-,Orthopedics,Dr. Neha Shah,Pregnancy Care,Observation,106,Observation,Private Insurance,43047.34,Paid,Discharged
HP104846,23-07-2025,03-08-2025,Ananya Nayak,68,Male,B-,ENT,Dr. Kavita Nair,Migraine,Emergency Care,301,ICU Admission,Government Insurance,77354.1,Pending,Under Treatment
HP104847,26-04-2022,06-05-2022,Meera Kulkarni,13,Male,B+,Orthopedics,Dr. Sneha Rao,Fever,Radiation Therapy,403,Post-Operative Admission,Self Pay,144704.26,Paid,Discharged
HP104848,15-02-2026,26-02-2026,Pooja Verma,81,Male,O+,Gynecology,Dr. Neha Shah,Sinusitis,Observation,502,Readmission,Corporate Insurance,20645.75,Paid,Discharged
HP104849,02-01-2025,16-01-2025,Isha Joshi,85,Male,AB+,General Medicine,Dr. Raj Malhotra,Skin Infection,IV Therapy,515,Trauma / Accident,Government Insurance,148317.97,Paid,Discharged
HP104850,26-11-2024,27-11-2024,Isha Reddy,23,Male,A+,Dermatology,Dr. Suresh Patil,Sinusitis,Medication,408,Elective Admission,Private Insurance,28044.78,Pending,Referred
HP104851,11-12-2021,15-12-2021,Kavya Verma,50,Female,A-,ENT,Dr. Kiran Shetty,Fracture,Medication,309,Emergency,Private Insurance,75413.51,Paid,Admitted
HP104852,14-02-2021,22-02-2021,Vivaan Reddy,79,Male,O-,Oncology,Dr. Sameer Khan,Fever,Radiation Therapy,207,Scheduled / Planned,Corporate Insurance,49075.92,Paid,Discharged
HP104853,31-08-2026,15-09-2026,Aditya Gupta,78,Male,AB-,Gynecology,Dr. Raj Malhotra,Hypertension,Chemotherapy,203,OPD,Government Insurance,65864.29,Pending,Discharged
HP104854,16-07-2025,26-07-2025,Vivaan Nayak,73,Female,AB-,Oncology,Dr. Suresh Patil,Skin Infection,IV Therapy,207,Referral,Private Insurance,143885.86,Paid,Discharged
HP104855,03-03-2026,08-03-2026,Diya Nayak,37,Female,O-,General Medicine,Dr. Sameer Khan,Heart Disease,Routine Treatment,208,Transfer from Another Hospital,Private Insurance,96611.32,Pending,Discharged
HP104856,27-09-2026,10-10-2026,Meera Gupta,30,Male,A-,ENT,Dr. Meena Shah,Sinusitis,Medication,420,Direct Admission,Government Insurance,48139.22,Paid,Discharged
HP104857,23-02-2025,04-03-2025,Aarav Reddy,23,Male,AB-,Dermatology,Dr. Kavita Nair,Stroke,Physiotherapy,109,Day Care,Self Pay,96121.92,Partial,Discharged
HP104858,29-09-2023,10-10-2023,Kiran Patil,34,Male,B+,Oncology,Dr. Manish Gupta,Cancer,Emergency Care,403,Maternity / Obstetric,Self Pay,70562.35,Paid,Discharged
HP104859,31-10-2023,11-11-2023,Ananya Nayak,64,Female,A+,ENT,Dr. Meena Shah,Chest Pain,Medication,407,Surgical Admission,Corporate Insurance,141787.19,Pending,Discharged
HP104860,03-08-2026,09-08-2026,Diya Joshi,55,Female,O+,Oncology,Dr. Raj Malhotra,Asthma,Emergency Care,318,Observation,Self Pay,56162.52,Paid,Discharged
HP104861,01-10-2021,02-10-2021,Vikram Sharma,71,Female,AB+,Dermatology,Dr. Suresh Patil,Diabetes,Surgery,103,ICU Admission,Corporate Insurance,89748.82,Paid,Discharged
HP104862,14-08-2023,20-08-2023,Vikram Shetty,9,Male,A+,Orthopedics,Dr. Neha Shah,Asthma,IV Therapy,313,Post-Operative Admission,Private Insurance,128166.15,Paid,Referred
HP104863,15-11-2025,21-11-2025,Sneha Shetty,4,Female,A+,Orthopedics,Dr. Raj Malhotra,Pregnancy Care,Surgery,118,Readmission,Private Insurance,144032.17,Paid,Discharged
HP104864,16-01-2022,29-01-2022,Neha Gupta,66,Male,O+,Emergency,Dr. Kiran Shetty,Arthritis,Medication,317,Trauma / Accident,Self Pay,120879.37,Paid,Discharged
HP104865,14-09-2024,20-09-2024,Aisha Sharma,33,Male,O-,Dermatology,Dr. Priya Desai,Chest Pain,Observation,101,Elective Admission,Government Insurance,140652.52,Pending,Discharged
HP104866,24-04-2022,02-05-2022,Meera Shetty,32,Male,A-,Cardiology,Dr. Kavita Nair,Sinusitis,Surgery,314,Emergency,Self Pay,72247.43,Paid,Discharged
HP104867,25-08-2026,09-09-2026,Rohan Joshi,44,Female,O-,Orthopedics,Dr. Kavita Nair,Hypertension,Routine Treatment,415,Scheduled / Planned,Corporate Insurance,115852.59,Paid,Admitted
HP104868,31-05-2022,06-06-2022,Diya Gupta,37,Female,B-,Cardiology,Dr. Sameer Khan,Fracture,Physiotherapy,420,OPD,Corporate Insurance,18724.2,Paid,Admitted
HP104869,10-07-2021,15-07-2021,Rahul Gupta,67,Female,AB+,Gynecology,Dr. Kiran Shetty,Chest Pain,Routine Treatment,511,Referral,Government Insurance,91102.95,Partial,Discharged
HP104870,06-04-2024,21-04-2024,Meera Patil,60,Female,A+,Neurology,Dr. Kiran Shetty,Infection,Observation,217,Transfer from Another Hospital,Private Insurance,6957.93,Paid,Admitted
HP104871,06-03-2024,17-03-2024,Rahul Verma,59,Male,B+,Dermatology,Dr. Suresh Patil,Sinusitis,Chemotherapy,409,Direct Admission,Private Insurance,42706.75,Paid,Under Treatment
HP104872,12-11-2024,14-11-2024,Sneha Patil,36,Male,O+,ENT,Dr. Sameer Khan,Heart Disease,Chemotherapy,514,Day Care,Self Pay,101506.16,Paid,Under Treatment
HP104873,29-09-2021,03-10-2021,Vikram Verma,49,Female,A-,Gynecology,Dr. Sneha Rao,Asthma,Emergency Care,403,Maternity / Obstetric,Corporate Insurance,29876.51,Pending,Discharged
HP104874,23-05-2021,06-06-2021,Aisha Verma,51,Female,B-,Pediatrics,Dr. Sameer Khan,Infection,Radiation Therapy,420,Surgical Admission,Corporate Insurance,34020.65,Paid,Discharged
HP104875,28-03-2026,12-04-2026,Vivaan Nayak,8,Female,B-,Oncology,Dr. Kavita Nair,Skin Infection,Emergency Care,416,Observation,Government Insurance,13949.17,Partial,Under Treatment
HP104876,29-12-2023,08-01-2024,Diya Verma,50,Male,A-,General Medicine,Dr. Asha Nair,Infection,Routine Treatment,512,ICU Admission,Government Insurance,113371.26,Partial,Admitted
HP104877,27-02-2023,04-03-2023,Aisha Nayak,41,Female,A+,Emergency,Dr. Manish Gupta,Skin Infection,IV Therapy,508,Post-Operative Admission,Self Pay,69952.03,Partial,Discharged
HP104878,28-10-2026,07-11-2026,Aditya Verma,38,Male,O+,ENT,Dr. Neha Shah,Infection,Physiotherapy,111,Readmission,Government Insurance,133752.7,Paid,Admitted
HP104879,09-08-2025,13-08-2025,Kavya Verma,78,Female,AB-,Pediatrics,Dr. Neha Shah,Chest Pain,IV Therapy,405,Trauma / Accident,Private Insurance,57527.59,Pending,Discharged
HP104880,15-09-2022,17-09-2022,Sneha Shetty,79,Male,O-,Cardiology,Dr. Neha Shah,Migraine,Observation,420,Elective Admission,Government Insurance,68112.26,Paid,Discharged
HP104881,27-07-2023,03-08-2023,Kavya Nayak,55,Female,A-,ENT,Dr. Meena Shah,Pregnancy Care,Physiotherapy,211,Emergency,Corporate Insurance,76763.54,Paid,Discharged
HP104882,24-01-2024,03-02-2024,Neha Desai,68,Male,AB-,ENT,Dr. Raj Malhotra,Sinusitis,Medication,301,Scheduled / Planned,Corporate Insurance,129831.97,Paid,Referred
HP104883,09-09-2022,19-09-2022,Kavya Sharma,18,Female,B-,Dermatology,Dr. Suresh Patil,Arthritis,Radiation Therapy,117,OPD,Corporate Insurance,47367.03,Paid,Discharged
HP104884,29-10-2023,31-10-2023,Neha Verma,65,Female,B-,Dermatology,Dr. Manish Gupta,Chest Pain,Observation,414,Referral,Corporate Insurance,12479.04,Paid,Referred
HP104885,08-03-2021,09-03-2021,Aditya Gupta,64,Male,B+,ENT,Dr. Anil Rao,Hypertension,Physiotherapy,504,Transfer from Another Hospital,Private Insurance,95942.75,Paid,Under Treatment
HP104886,10-07-2021,24-07-2021,Meera Nayak,12,Male,B+,Cardiology,Dr. Kavita Nair,Sinusitis,Observation,213,Direct Admission,Self Pay,124726.63,Paid,Under Treatment
HP104887,05-06-2022,10-06-2022,Aisha Sharma,41,Female,B-,Orthopedics,Dr. Sameer Khan,Pregnancy Care,Medication,506,Day Care,Government Insurance,85657.32,Paid,Discharged
HP104888,17-09-2023,29-09-2023,Priya Verma,42,Male,B+,General Medicine,Dr. Suresh Patil,Pregnancy Care,Emergency Care,207,Maternity / Obstetric,Self Pay,51469.33,Paid,Discharged
HP104889,15-02-2024,28-02-2024,Neha Verma,60,Male,B+,Gynecology,Dr. Neha Shah,Heart Disease,Physiotherapy,208,Surgical Admission,Self Pay,96418.06,Paid,Admitted
HP104890,23-06-2025,24-06-2025,Sneha Sharma,50,Female,B+,Oncology,Dr. Asha Nair,Arthritis,Radiation Therapy,105,Observation,Government Insurance,148695.47,Paid,Discharged
HP104891,02-04-2024,03-04-2024,Rahul Nayak,81,Female,B-,Oncology,Dr. Anil Rao,Sinusitis,IV Therapy,419,ICU Admission,Corporate Insurance,88236.06,Paid,Discharged
HP104892,11-01-2022,26-01-2022,Diya Verma,83,Male,A+,Emergency,Dr. Manish Gupta,Infection,Routine Treatment,209,Post-Operative Admission,Corporate Insurance,50706.38,Partial,Referred
HP104893,15-10-2022,16-10-2022,Neha Joshi,36,Female,A+,General Medicine,Dr. Raj Malhotra,Sinusitis,Routine Treatment,119,Readmission,Corporate Insurance,40324.25,Paid,Under Treatment
HP104894,03-07-2022,09-07-2022,Aisha Verma,48,Female,O+,Gynecology,Dr. Raj Malhotra,Asthma,Surgery,512,Trauma / Accident,Government Insurance,149742.87,Paid,Discharged
HP104895,03-01-2024,12-01-2024,Ananya Nayak,71,Female,AB+,Emergency,Dr. Sameer Khan,Arthritis,IV Therapy,313,Elective Admission,Government Insurance,128311.18,Paid,Discharged
HP104896,14-03-2021,24-03-2021,Aditya Desai,73,Female,B+,Emergency,Dr. Priya Desai,Sinusitis,Chemotherapy,502,Emergency,Corporate Insurance,45525.4,Pending,Under Treatment
HP104897,18-07-2021,31-07-2021,Aisha Kulkarni,8,Female,A+,Gynecology,Dr. Kavita Nair,Sinusitis,Chemotherapy,412,Scheduled / Planned,Private Insurance,43054.68,Paid,Discharged
HP104898,17-11-2025,28-11-2025,Meera Joshi,25,Male,AB+,Pediatrics,Dr. Kavita Nair,Heart Disease,Physiotherapy,204,OPD,Self Pay,121532.18,Paid,Referred
HP104899,26-07-2022,07-08-2022,Aisha Kulkarni,7,Female,A-,Orthopedics,Dr. Anil Rao,Diabetes,Chemotherapy,412,Referral,Private Insurance,148881.38,Pending,Discharged
HP104900,02-03-2023,03-03-2023,Rahul Shetty,8,Male,B+,Pediatrics,Dr. Manish Gupta,Diabetes,Chemotherapy,413,Transfer from Another Hospital,Self Pay,72512.47,Paid,Under Treatment
HP104901,27-06-2025,02-07-2025,Sneha Verma,81,Male,A+,Orthopedics,Dr. Kiran Shetty,Migraine,Observation,414,Direct Admission,Self Pay,37953.51,Paid,Under Treatment
HP104902,06-01-2026,21-01-2026,Rohan Patil,76,Female,A+,Pediatrics,Dr. Manish Gupta,Heart Disease,Chemotherapy,518,Day Care,Private Insurance,38399.82,Paid,Discharged
HP104903,30-01-2026,08-02-2026,Pooja Joshi,31,Male,AB-,Oncology,Dr. Sameer Khan,Migraine,Radiation Therapy,110,Maternity / Obstetric,Self Pay,120615.99,Partial,Discharged
HP104904,19-02-2025,05-03-2025,Rohan Shetty,12,Female,A+,Oncology,Dr. Kavita Nair,Pregnancy Care,Physiotherapy,219,Surgical Admission,Private Insurance,92727.46,Paid,Discharged
HP104905,20-03-2024,29-03-2024,Rahul Nayak,57,Female,AB-,Cardiology,Dr. Anil Rao,Skin Infection,Surgery,215,Observation,Corporate Insurance,96893.93,Paid,Discharged
HP104906,28-06-2021,29-06-2021,Diya Nayak,66,Male,AB+,Gynecology,Dr. Suresh Patil,Skin Infection,Routine Treatment,308,ICU Admission,Government Insurance,33177.2,Partial,Discharged
HP104907,05-01-2023,13-01-2023,Isha Joshi,12,Male,AB-,Dermatology,Dr. Raj Malhotra,Diabetes,Chemotherapy,311,Post-Operative Admission,Self Pay,23918.66,Paid,Under Treatment
HP104908,07-11-2026,08-11-2026,Aditya Sharma,27,Female,A-,Neurology,Dr. Kiran Shetty,Skin Infection,Medication,217,Readmission,Private Insurance,6542.92,Paid,Discharged
HP104909,10-03-2023,25-03-2023,Ananya Verma,46,Female,O-,Orthopedics,Dr. Suresh Patil,Fracture,Routine Treatment,308,Trauma / Accident,Government Insurance,137704.33,Paid,Discharged
HP104910,27-02-2023,07-03-2023,Vivaan Nayak,7,Female,O+,Oncology,Dr. Raj Malhotra,Arthritis,IV Therapy,412,Elective Admission,Self Pay,56473.51,Paid,Discharged
HP104911,28-07-2021,29-07-2021,Rahul Shetty,61,Female,O-,Emergency,Dr. Suresh Patil,Fracture,Surgery,516,Emergency,Self Pay,114906.52,Partial,Under Treatment
HP104912,08-05-2022,20-05-2022,Kavya Sharma,58,Male,B+,ENT,Dr. Kavita Nair,Hypertension,Chemotherapy,207,Scheduled / Planned,Self Pay,133246.42,Pending,Under Treatment
HP104913,16-07-2025,21-07-2025,Neha Sharma,58,Male,A+,General Medicine,Dr. Neha Shah,Migraine,Routine Treatment,402,OPD,Self Pay,91791.97,Paid,Admitted
HP104914,02-01-2023,10-01-2023,Diya Sharma,13,Female,O+,ENT,Dr. Priya Desai,Diabetes,Physiotherapy,115,Referral,Government Insurance,66517.28,Paid,Admitted
HP104915,04-02-2024,10-02-2024,Sneha Sharma,53,Male,B-,ENT,Dr. Manish Gupta,Heart Disease,Observation,417,Transfer from Another Hospital,Self Pay,10606.85,Paid,Admitted
HP104916,25-05-2025,03-06-2025,Arjun Shetty,65,Female,B+,Gynecology,Dr. Kiran Shetty,Infection,Routine Treatment,113,Direct Admission,Self Pay,53883.59,Pending,Discharged
HP104917,17-08-2022,18-08-2022,Kiran Desai,49,Male,B-,Cardiology,Dr. Meena Shah,Hypertension,Surgery,213,Day Care,Government Insurance,51635.98,Paid,Referred
HP104918,30-04-2024,09-05-2024,Rahul Patil,35,Female,O+,Neurology,Dr. Anil Rao,Chest Pain,Observation,315,Maternity / Obstetric,Government Insurance,87120.25,Pending,Admitted
HP104919,21-11-2021,22-11-2021,Kiran Verma,17,Female,AB+,General Medicine,Dr. Anil Rao,Chest Pain,IV Therapy,507,Surgical Admission,Self Pay,115789.73,Paid,Under Treatment
HP104920,06-09-2023,16-09-2023,Isha Gupta,72,Female,A+,General Medicine,Dr. Anil Rao,Cancer,Observation,508,Observation,Government Insurance,108109.65,Paid,Discharged
HP104921,16-10-2025,26-10-2025,Arjun Kulkarni,67,Female,B+,Neurology,Dr. Neha Shah,Fracture,Chemotherapy,517,ICU Admission,Government Insurance,131138.37,Partial,Referred
HP104922,25-01-2026,28-01-2026,Isha Reddy,10,Female,B+,Emergency,Dr. Suresh Patil,Arthritis,Emergency Care,211,Post-Operative Admission,Private Insurance,11792.7,Paid,Discharged
HP104923,30-01-2025,31-01-2025,Neha Nayak,34,Other,A+,Neurology,Dr. Kavita Nair,Fever,Routine Treatment,412,Readmission,Government Insurance,92725.5,Paid,Under Treatment
HP104924,13-06-2023,16-06-2023,Rohan Kulkarni,4,Female,O+,Gynecology,Dr. Kiran Shetty,Migraine,Observation,303,Trauma / Accident,Corporate Insurance,32406.05,Pending,Discharged
HP104925,22-10-2024,03-11-2024,Aditya Patil,29,Female,A-,Pediatrics,Dr. Suresh Patil,Migraine,Routine Treatment,406,Elective Admission,Private Insurance,146018.1,Paid,Discharged
HP104926,24-05-2021,04-06-2021,Aarav Nayak,46,Female,AB+,General Medicine,Dr. Neha Shah,Asthma,Medication,309,Emergency,Corporate Insurance,64321.19,Pending,Referred
HP104927,19-01-2022,01-02-2022,Ananya Patil,75,Female,A+,Gynecology,Dr. Raj Malhotra,Skin Infection,Emergency Care,118,Scheduled / Planned,Private Insurance,95459.03,Pending,Discharged
HP104928,05-08-2021,07-08-2021,Diya Verma,46,Male,O-,General Medicine,Dr. Raj Malhotra,Skin Infection,Chemotherapy,210,OPD,Private Insurance,55979.46,Pending,Under Treatment
HP104929,24-02-2025,26-02-2025,Rahul Sharma,77,Male,O-,Emergency,Dr. Manish Gupta,Fracture,Routine Treatment,118,Referral,Private Insurance,36925.56,Paid,Discharged
HP104930,30-01-2025,08-02-2025,Rohan Gupta,59,Male,AB-,Oncology,Dr. Meena Shah,Hypertension,Medication,207,Transfer from Another Hospital,Private Insurance,104741.97,Paid,Referred
HP104931,24-06-2025,02-07-2025,Kavya Reddy,61,Male,B+,Dermatology,Dr. Asha Nair,Sinusitis,Medication,306,Direct Admission,Government Insurance,141192.59,Paid,Discharged
HP104932,13-03-2024,14-03-2024,Arjun Sharma,68,Male,A-,Orthopedics,Dr. Sneha Rao,Migraine,Surgery,309,Day Care,Corporate Insurance,13624.59,Paid,Under Treatment
HP104933,21-04-2021,03-05-2021,Vivaan Nayak,66,Male,B+,Oncology,Dr. Meena Shah,Hypertension,Emergency Care,302,Maternity / Obstetric,Government Insurance,124659.87,Partial,Discharged
HP104934,11-10-2023,25-10-2023,Arjun Sharma,34,Female,B-,General Medicine,Dr. Kavita Nair,Fever,Physiotherapy,305,Surgical Admission,Government Insurance,54530.95,Paid,Discharged
HP104935,20-08-2021,24-08-2021,Diya Shetty,5,Female,B+,Cardiology,Dr. Sneha Rao,Infection,Emergency Care,317,Observation,Self Pay,22533.9,Paid,Discharged
HP104936,11-09-2025,24-09-2025,Sneha Patil,9,Male,O-,Gynecology,Dr. Anil Rao,Hypertension,Surgery,214,ICU Admission,Government Insurance,108424.75,Partial,Discharged
HP104937,22-10-2025,23-10-2025,Aditya Verma,20,Male,AB+,Neurology,Dr. Anil Rao,Skin Infection,Emergency Care,217,Post-Operative Admission,Private Insurance,16958.08,Paid,Admitted
HP104938,27-04-2025,28-04-2025,Neha Verma,21,Female,A+,General Medicine,Dr. Asha Nair,Heart Disease,Chemotherapy,302,Readmission,Self Pay,110521.8,Paid,Discharged
HP104939,20-07-2024,01-08-2024,Vivaan Kulkarni,17,Female,B+,Pediatrics,Dr. Priya Desai,Heart Disease,Emergency Care,201,Trauma / Accident,Self Pay,68190.64,Paid,Referred
HP104940,31-08-2023,12-09-2023,Pooja Verma,12,Female,O-,ENT,Dr. Meena Shah,Stroke,Surgery,311,Elective Admission,Government Insurance,28887.01,Pending,Discharged
HP104941,28-10-2023,01-11-2023,Aarav Patil,82,Other,AB-,Orthopedics,Dr. Kiran Shetty,Fever,IV Therapy,220,Emergency,Corporate Insurance,27792.87,Paid,Admitted
HP104942,02-06-2022,04-06-2022,Pooja Patil,67,Female,B-,Gynecology,Dr. Kiran Shetty,Chest Pain,Emergency Care,505,Scheduled / Planned,Self Pay,113489.34,Partial,Discharged
HP104943,03-07-2023,06-07-2023,Diya Kulkarni,5,Male,O-,Cardiology,Dr. Anil Rao,Diabetes,Radiation Therapy,514,OPD,Government Insurance,125099.96,Paid,Discharged
HP104944,22-12-2026,02-01-2027,Diya Patil,60,Male,B-,Emergency,Dr. Raj Malhotra,Infection,Routine Treatment,205,Referral,Government Insurance,104415.65,Paid,Discharged
HP104945,29-04-2026,08-05-2026,Vikram Nayak,53,Female,A+,Cardiology,Dr. Manish Gupta,Chest Pain,IV Therapy,415,Transfer from Another Hospital,Private Insurance,109522.56,Paid,Referred
HP104946,02-01-2025,04-01-2025,Aisha Verma,52,Male,B-,Neurology,Dr. Kavita Nair,Pregnancy Care,Chemotherapy,416,Direct Admission,Corporate Insurance,127981.06,Paid,Discharged
HP104947,16-02-2026,20-02-2026,Kiran Desai,78,Female,O+,Cardiology,Dr. Suresh Patil,Pregnancy Care,Observation,320,Day Care,Self Pay,67140.25,Paid,Discharged
HP104948,31-07-2024,01-08-2024,Aisha Reddy,48,Female,A+,ENT,Dr. Sameer Khan,Diabetes,IV Therapy,519,Maternity / Obstetric,Corporate Insurance,29314.05,Paid,Discharged
HP104949,18-06-2023,20-06-2023,Ananya Reddy,19,Female,AB+,General Medicine,Dr. Kiran Shetty,Sinusitis,Medication,508,Surgical Admission,Corporate Insurance,59704.16,Partial,Admitted
HP104950,04-01-2024,09-01-2024,Aisha Sharma,17,Male,A+,Neurology,Dr. Raj Malhotra,Sinusitis,Physiotherapy,105,Observation,Corporate Insurance,146996.46,Partial,Under Treatment
HP104951,04-04-2024,18-04-2024,Sneha Kulkarni,54,Female,O-,Dermatology,Dr. Suresh Patil,Migraine,Surgery,318,ICU Admission,Self Pay,70030.9,Partial,Under Treatment
HP104952,27-04-2024,07-05-2024,Rohan Shetty,68,Female,A-,ENT,Dr. Manish Gupta,Skin Infection,Emergency Care,312,Post-Operative Admission,Self Pay,138964.06,Pending,Discharged
HP104953,27-10-2026,11-11-2026,Diya Gupta,35,Female,B-,Emergency,Dr. Sneha Rao,Pregnancy Care,Routine Treatment,112,Readmission,Corporate Insurance,106896.46,Paid,Admitted
HP104954,19-11-2022,20-11-2022,Arjun Gupta,41,Male,B-,Pediatrics,Dr. Sameer Khan,Skin Infection,Physiotherapy,504,Trauma / Accident,Government Insurance,111972.96,Paid,Discharged
HP104955,31-08-2026,11-09-2026,Aisha Kulkarni,13,Female,AB-,Orthopedics,Dr. Neha Shah,Hypertension,Surgery,310,Elective Admission,Self Pay,32580.8,Pending,Referred
HP104956,20-07-2022,27-07-2022,Aditya Desai,33,Female,O-,Cardiology,Dr. Suresh Patil,Fever,Surgery,405,Emergency,Private Insurance,58465.96,Paid,Discharged
HP104957,22-04-2024,26-04-2024,Pooja Joshi,15,Female,B+,ENT,Dr. Kavita Nair,Heart Disease,Emergency Care,412,Scheduled / Planned,Corporate Insurance,111195.92,Paid,Discharged
HP104958,10-03-2026,16-03-2026,Kavya Gupta,63,Female,A-,Gynecology,Dr. Kiran Shetty,Hypertension,Emergency Care,315,OPD,Self Pay,100056.87,Partial,Discharged
HP104959,07-04-2023,15-04-2023,Kavya Kulkarni,15,Female,O+,Pediatrics,Dr. Sameer Khan,Pregnancy Care,IV Therapy,502,Referral,Self Pay,130078.03,Paid,Discharged
HP104960,13-09-2024,26-09-2024,Rahul Nayak,31,Male,B+,Dermatology,Dr. Neha Shah,Fever,Routine Treatment,309,Transfer from Another Hospital,Corporate Insurance,35448.74,Pending,Discharged
HP104961,17-12-2025,23-12-2025,Kavya Joshi,28,Male,A+,Pediatrics,Dr. Asha Nair,Fracture,Chemotherapy,218,Direct Admission,Private Insurance,113504.8,Paid,Discharged
HP104962,19-12-2023,02-01-2024,Rohan Kulkarni,10,Female,AB+,General Medicine,Dr. Suresh Patil,Pregnancy Care,Chemotherapy,513,Day Care,Government Insurance,10719.23,Paid,Discharged
HP104963,12-09-2024,14-09-2024,Rohan Desai,57,Female,AB-,Pediatrics,Dr. Neha Shah,Pregnancy Care,Medication,217,Maternity / Obstetric,Government Insurance,48471.07,Paid,Discharged
HP104964,03-07-2025,04-07-2025,Isha Joshi,71,Male,B-,Dermatology,Dr. Sameer Khan,Migraine,Surgery,501,Surgical Admission,Self Pay,96421.58,Paid,Discharged
HP104965,10-07-2021,18-07-2021,Sneha Reddy,33,Female,O+,Gynecology,Dr. Neha Shah,Fracture,Physiotherapy,211,Observation,Private Insurance,147106.48,Partial,Discharged
HP104966,08-05-2024,16-05-2024,Diya Sharma,7,Male,O-,Oncology,Dr. Anil Rao,Fracture,IV Therapy,106,ICU Admission,Private Insurance,148459.15,Pending,Under Treatment
HP104967,28-08-2024,06-09-2024,Pooja Joshi,5,Male,O+,Oncology,Dr. Manish Gupta,Arthritis,Observation,416,Post-Operative Admission,Corporate Insurance,68676.51,Paid,Referred
HP104968,09-12-2022,15-12-2022,Ananya Patil,80,Female,AB+,Emergency,Dr. Priya Desai,Arthritis,Radiation Therapy,211,Readmission,Corporate Insurance,115878.07,Partial,Discharged
HP104969,14-01-2022,26-01-2022,Meera Kulkarni,57,Male,A+,Oncology,Dr. Sameer Khan,Arthritis,Observation,202,Trauma / Accident,Private Insurance,92072.15,Paid,Discharged
HP104970,22-01-2022,23-01-2022,Kiran Verma,72,Male,A+,Neurology,Dr. Suresh Patil,Sinusitis,Emergency Care,117,Elective Admission,Government Insurance,107818.93,Pending,Discharged
HP104971,08-09-2022,22-09-2022,Aisha Reddy,40,Male,A-,Dermatology,Dr. Priya Desai,Migraine,Routine Treatment,404,Emergency,Corporate Insurance,111132.42,Paid,Discharged
HP104972,23-03-2025,01-04-2025,Sneha Verma,28,Female,B+,Cardiology,Dr. Kiran Shetty,Sinusitis,Surgery,315,Scheduled / Planned,Corporate Insurance,84361.17,Paid,Admitted
HP104973,11-08-2026,23-08-2026,Aditya Sharma,36,Male,B-,ENT,Dr. Raj Malhotra,Stroke,Radiation Therapy,318,OPD,Government Insurance,123020.98,Paid,Discharged
HP104974,21-10-2025,03-11-2025,Rohan Sharma,56,Male,O+,General Medicine,Dr. Raj Malhotra,Migraine,IV Therapy,102,Referral,Government Insurance,89751.54,Paid,Under Treatment
HP104975,09-04-2022,24-04-2022,Vikram Shetty,47,Male,O-,ENT,Dr. Kiran Shetty,Diabetes,Emergency Care,506,Transfer from Another Hospital,Corporate Insurance,19589.27,Paid,Discharged
HP104976,25-08-2023,08-09-2023,Neha Patil,71,Male,O-,ENT,Dr. Suresh Patil,Infection,Physiotherapy,320,Direct Admission,Private Insurance,148434.57,Paid,Discharged
HP104977,21-06-2021,24-06-2021,Isha Verma,40,Male,B-,General Medicine,Dr. Sneha Rao,Diabetes,Radiation Therapy,217,Day Care,Corporate Insurance,49058.61,Paid,Discharged
HP104978,21-02-2024,03-03-2024,Rohan Shetty,59,Male,O+,General Medicine,Dr. Kavita Nair,Skin Infection,Surgery,514,Maternity / Obstetric,Government Insurance,144807.22,Paid,Discharged
HP104979,23-04-2023,29-04-2023,Arjun Sharma,43,Male,AB+,Pediatrics,Dr. Priya Desai,Stroke,Medication,113,Surgical Admission,Corporate Insurance,47429.78,Paid,Discharged
HP104980,14-08-2024,24-08-2024,Kavya Sharma,66,Female,A-,Dermatology,Dr. Suresh Patil,Migraine,Medication,101,Observation,Self Pay,128707.05,Paid,Discharged
HP104981,24-03-2026,06-04-2026,Aditya Reddy,9,Male,AB-,Gynecology,Dr. Meena Shah,Sinusitis,Radiation Therapy,414,ICU Admission,Government Insurance,104989.96,Paid,Discharged
HP104982,21-11-2022,01-12-2022,Vikram Nayak,6,Male,A+,Cardiology,Dr. Sameer Khan,Stroke,Surgery,216,Post-Operative Admission,Corporate Insurance,56746.16,Paid,Under Treatment
HP104983,16-02-2025,03-03-2025,Aisha Verma,65,Male,A-,Gynecology,Dr. Manish Gupta,Cancer,IV Therapy,306,Readmission,Self Pay,141010.59,Paid,Discharged
HP104984,18-07-2026,29-07-2026,Pooja Joshi,3,Male,B-,Orthopedics,Dr. Anil Rao,Pregnancy Care,Surgery,201,Trauma / Accident,Government Insurance,89556.23,Pending,Discharged
HP104985,19-09-2025,01-10-2025,Pooja Patil,74,Female,AB-,Emergency,Dr. Priya Desai,Pregnancy Care,Observation,310,Elective Admission,Self Pay,125315.59,Partial,Discharged
HP104986,18-01-2022,01-02-2022,Meera Gupta,37,Male,B+,Orthopedics,Dr. Suresh Patil,Migraine,Routine Treatment,204,Emergency,Private Insurance,120556.37,Paid,Discharged
HP104987,13-11-2024,28-11-2024,Kiran Gupta,33,Male,AB+,Emergency,Dr. Neha Shah,Fracture,Surgery,519,Scheduled / Planned,Government Insurance,11725.7,Paid,Discharged
HP104988,03-05-2025,12-05-2025,Ananya Reddy,9,Male,A+,Pediatrics,Dr. Manish Gupta,Migraine,Observation,110,OPD,Self Pay,43984.87,Pending,Discharged
HP104989,13-08-2026,24-08-2026,Meera Verma,53,Female,A+,Oncology,Dr. Sneha Rao,Chest Pain,IV Therapy,405,Referral,Private Insurance,73471.27,Partial,Admitted
HP104990,07-01-2022,20-01-2022,Ananya Desai,77,Male,A+,ENT,Dr. Anil Rao,Skin Infection,IV Therapy,116,Transfer from Another Hospital,Self Pay,140287.95,Partial,Discharged
HP104991,07-09-2025,10-09-2025,Kiran Nayak,51,Female,B+,Emergency,Dr. Kiran Shetty,Stroke,IV Therapy,102,Direct Admission,Government Insurance,14056.88,Partial,Discharged
HP104992,09-01-2025,14-01-2025,Isha Patil,71,Male,O-,Emergency,Dr. Priya Desai,Diabetes,Surgery,111,Day Care,Government Insurance,31918.33,Pending,Discharged
HP104993,03-09-2022,16-09-2022,Diya Desai,26,Male,B-,Dermatology,Dr. Sameer Khan,Cancer,Radiation Therapy,218,Maternity / Obstetric,Government Insurance,95555.9,Paid,Discharged
HP104994,26-04-2021,10-05-2021,Pooja Kulkarni,16,Female,B-,Oncology,Dr. Sneha Rao,Hypertension,IV Therapy,214,Surgical Admission,Private Insurance,99641.45,Pending,Discharged
HP104995,23-03-2022,28-03-2022,Priya Reddy,40,Female,A-,Cardiology,Dr. Raj Malhotra,Fracture,Emergency Care,304,Observation,Corporate Insurance,28777.33,Pending,Discharged
HP104996,23-10-2024,02-11-2024,Rahul Shetty,51,Female,O-,ENT,Dr. Neha Shah,Chest Pain,Radiation Therapy,101,ICU Admission,Government Insurance,142503.54,Paid,Under Treatment
HP104997,02-09-2024,09-09-2024,Pooja Kulkarni,39,Male,AB-,Dermatology,Dr. Sameer Khan,Hypertension,Radiation Therapy,418,Post-Operative Admission,Private Insurance,30641.14,Paid,Referred
HP104998,19-02-2022,23-02-2022,Ananya Nayak,55,Female,O+,General Medicine,Dr. Sameer Khan,Fracture,Chemotherapy,519,Readmission,Private Insurance,31439.84,Pending,Discharged
HP104999,14-12-2025,25-12-2025,Aditya Reddy,36,Male,A-,Gynecology,Dr. Meena Shah,Cancer,Radiation Therapy,218,Trauma / Accident,Government Insurance,97154.41,Pending,Discharged
HP105000,14-11-2023,18-11-2023,Meera Kulkarni,65,Female,B-,Oncology,Dr. Anil Rao,Cancer,Chemotherapy,209,Elective Admission,Government Insurance,66112.23,Pending,Discharged
